record_id,category,condition,question,answer,common_symptoms,possible_cause_or_context,general_supportive_care,when_to_seek_medical_care,source_type,medical_safety_note
1,Respiratory,Common Cold,What are the common symptoms of Common Cold?,"Common symptoms can include cough, runny nose, sneezing, sore throat. Symptoms vary between people, so they should not be used alone to confirm a diagnosis.","cough, runny nose, sneezing, sore throat",Viral upper-respiratory infection,"Rest, fluids, and symptom relief may help","Seek care for breathing difficulty, severe symptoms, or symptoms that persist/worsen",Synthetic educational record,Educational information only; not a diagnosis or a substitute for professional medical care.
2,Respiratory,Common Cold,What can cause Common Cold?,A common underlying explanation is Viral upper-respiratory infection. A healthcare professional can assess the individual situation and rule out other causes.,"cough, runny nose, sneezing, sore throat",Viral upper-respiratory infection,"Rest, fluids, and symptom relief may help","Seek care for breathing difficulty, severe symptoms, or symptoms that persist/worsen",Synthetic educational record,Educational information only; not a diagnosis or a substitute for professional medical care.
3,Respiratory,Common Cold,What should I do if I think I have Common Cold?,"Consider contacting a healthcare professional for assessment, especially if symptoms are new, severe, persistent, or worsening. General supportive steps may include Rest, fluids, and symptom relief may help.","cough, runny nose, sneezing, sore throat",Viral upper-respiratory infection,"Rest, fluids, and symptom relief may help","Seek care for breathing difficulty, severe symptoms, or symptoms that persist/worsen",Synthetic educational record,Educational information only; not a diagnosis or a substitute for professional medical care.
4,Respiratory,Common Cold,How can I reduce the risk of Common Cold?,"Risk reduction depends on the condition. General measures may include healthy habits, appropriate vaccination where relevant, hygiene, avoiding known triggers, and following professional advice.","cough, runny nose, sneezing, sore throat",Viral upper-respiratory infection,"Rest, fluids, and symptom relief may help","Seek care for breathing difficulty, severe symptoms, or symptoms that persist/worsen",Synthetic educational record,Educational information only; not a diagnosis or a substitute for professional medical care.
5,Respiratory,Common Cold,When should I see a doctor for Common Cold?,"Medical assessment is especially important when symptoms are severe, persistent, worsening, or associated with warning signs. For this condition, important warning signs include: Seek care for breathing difficulty, severe symptoms, or symptoms that persist/worsen.","cough, runny nose, sneezing, sore throat",Viral upper-respiratory infection,"Rest, fluids, and symptom relief may help","Seek care for breathing difficulty, severe symptoms, or symptoms that persist/worsen",Synthetic educational record,Educational information only; not a diagnosis or a substitute for professional medical care.
6,Respiratory,Common Cold,Is Common Cold always serious?,"Not necessarily. Severity varies widely. The safest approach is to consider the person's symptoms, age, medical history, and warning signs and seek professional assessment when needed.","cough, runny nose, sneezing, sore throat",Viral upper-respiratory infection,"Rest, fluids, and symptom relief may help","Seek care for breathing difficulty, severe symptoms, or symptoms that persist/worsen",Synthetic educational record,Educational information only; not a diagnosis or a substitute for professional medical care.
7,Respiratory,Common Cold,Can Common Cold be prevented?,"Some cases or complications may be preventable, while others are not fully preventable. Helpful measures can include Rest, fluids, and symptom relief may help and addressing known risk factors.","cough, runny nose, sneezing, sore throat",Viral upper-respiratory infection,"Rest, fluids, and symptom relief may help","Seek care for breathing difficulty, severe symptoms, or symptoms that persist/worsen",Synthetic educational record,Educational information only; not a diagnosis or a substitute for professional medical care.
8,Respiratory,Common Cold,What lifestyle habits may help with Common Cold?,"Helpful general habits may include adequate sleep, balanced nutrition, appropriate physical activity, hydration, avoiding tobacco, and following individualized medical advice.","cough, runny nose, sneezing, sore throat",Viral upper-respiratory infection,"Rest, fluids, and symptom relief may help","Seek care for breathing difficulty, severe symptoms, or symptoms that persist/worsen",Synthetic educational record,Educational information only; not a diagnosis or a substitute for professional medical care.
9,Respiratory,Influenza,What are the common symptoms of Influenza?,"Common symptoms can include fever, chills, cough, body aches, fatigue. Symptoms vary between people, so they should not be used alone to confirm a diagnosis.","fever, chills, cough, body aches, fatigue",Influenza virus infection,"Rest, fluids, and medical advice when appropriate","Seek urgent care for breathing difficulty, chest pain, confusion, or severe dehydration",Synthetic educational record,Educational information only; not a diagnosis or a substitute for professional medical care.
10,Respiratory,Influenza,What can cause Influenza?,A common underlying explanation is Influenza virus infection. A healthcare professional can assess the individual situation and rule out other causes.,"fever, chills, cough, body aches, fatigue",Influenza virus infection,"Rest, fluids, and medical advice when appropriate","Seek urgent care for breathing difficulty, chest pain, confusion, or severe dehydration",Synthetic educational record,Educational information only; not a diagnosis or a substitute for professional medical care.
11,Respiratory,Influenza,What should I do if I think I have Influenza?,"Consider contacting a healthcare professional for assessment, especially if symptoms are new, severe, persistent, or worsening. General supportive steps may include Rest, fluids, and medical advice when appropriate.","fever, chills, cough, body aches, fatigue",Influenza virus infection,"Rest, fluids, and medical advice when appropriate","Seek urgent care for breathing difficulty, chest pain, confusion, or severe dehydration",Synthetic educational record,Educational information only; not a diagnosis or a substitute for professional medical care.
12,Respiratory,Influenza,How can I reduce the risk of Influenza?,"Risk reduction depends on the condition. General measures may include healthy habits, appropriate vaccination where relevant, hygiene, avoiding known triggers, and following professional advice.","fever, chills, cough, body aches, fatigue",Influenza virus infection,"Rest, fluids, and medical advice when appropriate","Seek urgent care for breathing difficulty, chest pain, confusion, or severe dehydration",Synthetic educational record,Educational information only; not a diagnosis or a substitute for professional medical care.
13,Respiratory,Influenza,When should I see a doctor for Influenza?,"Medical assessment is especially important when symptoms are severe, persistent, worsening, or associated with warning signs. For this condition, important warning signs include: Seek urgent care for breathing difficulty, chest pain, confusion, or severe dehydration.","fever, chills, cough, body aches, fatigue",Influenza virus infection,"Rest, fluids, and medical advice when appropriate","Seek urgent care for breathing difficulty, chest pain, confusion, or severe dehydration",Synthetic educational record,Educational information only; not a diagnosis or a substitute for professional medical care.
14,Respiratory,Influenza,Is Influenza always serious?,"Not necessarily. Severity varies widely. The safest approach is to consider the person's symptoms, age, medical history, and warning signs and seek professional assessment when needed.","fever, chills, cough, body aches, fatigue",Influenza virus infection,"Rest, fluids, and medical advice when appropriate","Seek urgent care for breathing difficulty, chest pain, confusion, or severe dehydration",Synthetic educational record,Educational information only; not a diagnosis or a substitute for professional medical care.
15,Respiratory,Influenza,Can Influenza be prevented?,"Some cases or complications may be preventable, while others are not fully preventable. Helpful measures can include Rest, fluids, and medical advice when appropriate and addressing known risk factors.","fever, chills, cough, body aches, fatigue",Influenza virus infection,"Rest, fluids, and medical advice when appropriate","Seek urgent care for breathing difficulty, chest pain, confusion, or severe dehydration",Synthetic educational record,Educational information only; not a diagnosis or a substitute for professional medical care.
16,Respiratory,Influenza,What lifestyle habits may help with Influenza?,"Helpful general habits may include adequate sleep, balanced nutrition, appropriate physical activity, hydration, avoiding tobacco, and following individualized medical advice.","fever, chills, cough, body aches, fatigue",Influenza virus infection,"Rest, fluids, and medical advice when appropriate","Seek urgent care for breathing difficulty, chest pain, confusion, or severe dehydration",Synthetic educational record,Educational information only; not a diagnosis or a substitute for professional medical care.
17,Infectious,Dengue,What are the common symptoms of Dengue?,"Common symptoms can include fever, headache, body aches, nausea, rash. Symptoms vary between people, so they should not be used alone to confirm a diagnosis.","fever, headache, body aches, nausea, rash",Dengue virus spread by mosquitoes,Hydration and prompt medical evaluation are important,"Seek urgent care for bleeding, severe abdominal pain, persistent vomiting, breathing difficulty, or extreme weakness",Synthetic educational record,Educational information only; not a diagnosis or a substitute for professional medical care.
18,Infectious,Dengue,What can cause Dengue?,A common underlying explanation is Dengue virus spread by mosquitoes. A healthcare professional can assess the individual situation and rule out other causes.,"fever, headache, body aches, nausea, rash",Dengue virus spread by mosquitoes,Hydration and prompt medical evaluation are important,"Seek urgent care for bleeding, severe abdominal pain, persistent vomiting, breathing difficulty, or extreme weakness",Synthetic educational record,Educational information only; not a diagnosis or a substitute for professional medical care.
19,Infectious,Dengue,What should I do if I think I have Dengue?,"Consider contacting a healthcare professional for assessment, especially if symptoms are new, severe, persistent, or worsening. General supportive steps may include Hydration and prompt medical evaluation are important.","fever, headache, body aches, nausea, rash",Dengue virus spread by mosquitoes,Hydration and prompt medical evaluation are important,"Seek urgent care for bleeding, severe abdominal pain, persistent vomiting, breathing difficulty, or extreme weakness",Synthetic educational record,Educational information only; not a diagnosis or a substitute for professional medical care.
20,Infectious,Dengue,How can I reduce the risk of Dengue?,"Risk reduction depends on the condition. General measures may include healthy habits, appropriate vaccination where relevant, hygiene, avoiding known triggers, and following professional advice.","fever, headache, body aches, nausea, rash",Dengue virus spread by mosquitoes,Hydration and prompt medical evaluation are important,"Seek urgent care for bleeding, severe abdominal pain, persistent vomiting, breathing difficulty, or extreme weakness",Synthetic educational record,Educational information only; not a diagnosis or a substitute for professional medical care.
21,Infectious,Dengue,When should I see a doctor for Dengue?,"Medical assessment is especially important when symptoms are severe, persistent, worsening, or associated with warning signs. For this condition, important warning signs include: Seek urgent care for bleeding, severe abdominal pain, persistent vomiting, breathing difficulty, or extreme weakness.","fever, headache, body aches, nausea, rash",Dengue virus spread by mosquitoes,Hydration and prompt medical evaluation are important,"Seek urgent care for bleeding, severe abdominal pain, persistent vomiting, breathing difficulty, or extreme weakness",Synthetic educational record,Educational information only; not a diagnosis or a substitute for professional medical care.
22,Infectious,Dengue,Is Dengue always serious?,"Not necessarily. Severity varies widely. The safest approach is to consider the person's symptoms, age, medical history, and warning signs and seek professional assessment when needed.","fever, headache, body aches, nausea, rash",Dengue virus spread by mosquitoes,Hydration and prompt medical evaluation are important,"Seek urgent care for bleeding, severe abdominal pain, persistent vomiting, breathing difficulty, or extreme weakness",Synthetic educational record,Educational information only; not a diagnosis or a substitute for professional medical care.
23,Infectious,Dengue,Can Dengue be prevented?,"Some cases or complications may be preventable, while others are not fully preventable. Helpful measures can include Hydration and prompt medical evaluation are important and addressing known risk factors.","fever, headache, body aches, nausea, rash",Dengue virus spread by mosquitoes,Hydration and prompt medical evaluation are important,"Seek urgent care for bleeding, severe abdominal pain, persistent vomiting, breathing difficulty, or extreme weakness",Synthetic educational record,Educational information only; not a diagnosis or a substitute for professional medical care.
24,Infectious,Dengue,What lifestyle habits may help with Dengue?,"Helpful general habits may include adequate sleep, balanced nutrition, appropriate physical activity, hydration, avoiding tobacco, and following individualized medical advice.","fever, headache, body aches, nausea, rash",Dengue virus spread by mosquitoes,Hydration and prompt medical evaluation are important,"Seek urgent care for bleeding, severe abdominal pain, persistent vomiting, breathing difficulty, or extreme weakness",Synthetic educational record,Educational information only; not a diagnosis or a substitute for professional medical care.
25,Infectious,Malaria,What are the common symptoms of Malaria?,"Common symptoms can include fever, chills, sweating, headache, weakness. Symptoms vary between people, so they should not be used alone to confirm a diagnosis.","fever, chills, sweating, headache, weakness",Plasmodium parasites transmitted by infected mosquitoes,Prompt testing and clinician-directed treatment are important,"Seek urgent care for confusion, seizures, breathing difficulty, collapse, or severe weakness",Synthetic educational record,Educational information only; not a diagnosis or a substitute for professional medical care.
26,Infectious,Malaria,What can cause Malaria?,A common underlying explanation is Plasmodium parasites transmitted by infected mosquitoes. A healthcare professional can assess the individual situation and rule out other causes.,"fever, chills, sweating, headache, weakness",Plasmodium parasites transmitted by infected mosquitoes,Prompt testing and clinician-directed treatment are important,"Seek urgent care for confusion, seizures, breathing difficulty, collapse, or severe weakness",Synthetic educational record,Educational information only; not a diagnosis or a substitute for professional medical care.
27,Infectious,Malaria,What should I do if I think I have Malaria?,"Consider contacting a healthcare professional for assessment, especially if symptoms are new, severe, persistent, or worsening. General supportive steps may include Prompt testing and clinician-directed treatment are important.","fever, chills, sweating, headache, weakness",Plasmodium parasites transmitted by infected mosquitoes,Prompt testing and clinician-directed treatment are important,"Seek urgent care for confusion, seizures, breathing difficulty, collapse, or severe weakness",Synthetic educational record,Educational information only; not a diagnosis or a substitute for professional medical care.
28,Infectious,Malaria,How can I reduce the risk of Malaria?,"Risk reduction depends on the condition. General measures may include healthy habits, appropriate vaccination where relevant, hygiene, avoiding known triggers, and following professional advice.","fever, chills, sweating, headache, weakness",Plasmodium parasites transmitted by infected mosquitoes,Prompt testing and clinician-directed treatment are important,"Seek urgent care for confusion, seizures, breathing difficulty, collapse, or severe weakness",Synthetic educational record,Educational information only; not a diagnosis or a substitute for professional medical care.
29,Infectious,Malaria,When should I see a doctor for Malaria?,"Medical assessment is especially important when symptoms are severe, persistent, worsening, or associated with warning signs. For this condition, important warning signs include: Seek urgent care for confusion, seizures, breathing difficulty, collapse, or severe weakness.","fever, chills, sweating, headache, weakness",Plasmodium parasites transmitted by infected mosquitoes,Prompt testing and clinician-directed treatment are important,"Seek urgent care for confusion, seizures, breathing difficulty, collapse, or severe weakness",Synthetic educational record,Educational information only; not a diagnosis or a substitute for professional medical care.
30,Infectious,Malaria,Is Malaria always serious?,"Not necessarily. Severity varies widely. The safest approach is to consider the person's symptoms, age, medical history, and warning signs and seek professional assessment when needed.","fever, chills, sweating, headache, weakness",Plasmodium parasites transmitted by infected mosquitoes,Prompt testing and clinician-directed treatment are important,"Seek urgent care for confusion, seizures, breathing difficulty, collapse, or severe weakness",Synthetic educational record,Educational information only; not a diagnosis or a substitute for professional medical care.
31,Infectious,Malaria,Can Malaria be prevented?,"Some cases or complications may be preventable, while others are not fully preventable. Helpful measures can include Prompt testing and clinician-directed treatment are important and addressing known risk factors.","fever, chills, sweating, headache, weakness",Plasmodium parasites transmitted by infected mosquitoes,Prompt testing and clinician-directed treatment are important,"Seek urgent care for confusion, seizures, breathing difficulty, collapse, or severe weakness",Synthetic educational record,Educational information only; not a diagnosis or a substitute for professional medical care.
32,Infectious,Malaria,What lifestyle habits may help with Malaria?,"Helpful general habits may include adequate sleep, balanced nutrition, appropriate physical activity, hydration, avoiding tobacco, and following individualized medical advice.","fever, chills, sweating, headache, weakness",Plasmodium parasites transmitted by infected mosquitoes,Prompt testing and clinician-directed treatment are important,"Seek urgent care for confusion, seizures, breathing difficulty, collapse, or severe weakness",Synthetic educational record,Educational information only; not a diagnosis or a substitute for professional medical care.
33,Infectious,Typhoid Fever,What are the common symptoms of Typhoid Fever?,"Common symptoms can include fever, headache, weakness, abdominal discomfort, diarrhea or constipation. Symptoms vary between people, so they should not be used alone to confirm a diagnosis.","fever, headache, weakness, abdominal discomfort, diarrhea or constipation",Salmonella Typhi infection,Medical testing and clinician-directed antibiotics when indicated,"Seek care for persistent high fever, severe abdominal pain, confusion, or dehydration",Synthetic educational record,Educational information only; not a diagnosis or a substitute for professional medical care.
34,Infectious,Typhoid Fever,What can cause Typhoid Fever?,A common underlying explanation is Salmonella Typhi infection. A healthcare professional can assess the individual situation and rule out other causes.,"fever, headache, weakness, abdominal discomfort, diarrhea or constipation",Salmonella Typhi infection,Medical testing and clinician-directed antibiotics when indicated,"Seek care for persistent high fever, severe abdominal pain, confusion, or dehydration",Synthetic educational record,Educational information only; not a diagnosis or a substitute for professional medical care.
35,Infectious,Typhoid Fever,What should I do if I think I have Typhoid Fever?,"Consider contacting a healthcare professional for assessment, especially if symptoms are new, severe, persistent, or worsening. General supportive steps may include Medical testing and clinician-directed antibiotics when indicated.","fever, headache, weakness, abdominal discomfort, diarrhea or constipation",Salmonella Typhi infection,Medical testing and clinician-directed antibiotics when indicated,"Seek care for persistent high fever, severe abdominal pain, confusion, or dehydration",Synthetic educational record,Educational information only; not a diagnosis or a substitute for professional medical care.
36,Infectious,Typhoid Fever,How can I reduce the risk of Typhoid Fever?,"Risk reduction depends on the condition. General measures may include healthy habits, appropriate vaccination where relevant, hygiene, avoiding known triggers, and following professional advice.","fever, headache, weakness, abdominal discomfort, diarrhea or constipation",Salmonella Typhi infection,Medical testing and clinician-directed antibiotics when indicated,"Seek care for persistent high fever, severe abdominal pain, confusion, or dehydration",Synthetic educational record,Educational information only; not a diagnosis or a substitute for professional medical care.
37,Infectious,Typhoid Fever,When should I see a doctor for Typhoid Fever?,"Medical assessment is especially important when symptoms are severe, persistent, worsening, or associated with warning signs. For this condition, important warning signs include: Seek care for persistent high fever, severe abdominal pain, confusion, or dehydration.","fever, headache, weakness, abdominal discomfort, diarrhea or constipation",Salmonella Typhi infection,Medical testing and clinician-directed antibiotics when indicated,"Seek care for persistent high fever, severe abdominal pain, confusion, or dehydration",Synthetic educational record,Educational information only; not a diagnosis or a substitute for professional medical care.
38,Infectious,Typhoid Fever,Is Typhoid Fever always serious?,"Not necessarily. Severity varies widely. The safest approach is to consider the person's symptoms, age, medical history, and warning signs and seek professional assessment when needed.","fever, headache, weakness, abdominal discomfort, diarrhea or constipation",Salmonella Typhi infection,Medical testing and clinician-directed antibiotics when indicated,"Seek care for persistent high fever, severe abdominal pain, confusion, or dehydration",Synthetic educational record,Educational information only; not a diagnosis or a substitute for professional medical care.
39,Infectious,Typhoid Fever,Can Typhoid Fever be prevented?,"Some cases or complications may be preventable, while others are not fully preventable. Helpful measures can include Medical testing and clinician-directed antibiotics when indicated and addressing known risk factors.","fever, headache, weakness, abdominal discomfort, diarrhea or constipation",Salmonella Typhi infection,Medical testing and clinician-directed antibiotics when indicated,"Seek care for persistent high fever, severe abdominal pain, confusion, or dehydration",Synthetic educational record,Educational information only; not a diagnosis or a substitute for professional medical care.
40,Infectious,Typhoid Fever,What lifestyle habits may help with Typhoid Fever?,"Helpful general habits may include adequate sleep, balanced nutrition, appropriate physical activity, hydration, avoiding tobacco, and following individualized medical advice.","fever, headache, weakness, abdominal discomfort, diarrhea or constipation",Salmonella Typhi infection,Medical testing and clinician-directed antibiotics when indicated,"Seek care for persistent high fever, severe abdominal pain, confusion, or dehydration",Synthetic educational record,Educational information only; not a diagnosis or a substitute for professional medical care.
41,Respiratory,COVID-19,What are the common symptoms of COVID-19?,"Common symptoms can include fever, cough, sore throat, fatigue, loss of taste or smell. Symptoms vary between people, so they should not be used alone to confirm a diagnosis.","fever, cough, sore throat, fatigue, loss of taste or smell",SARS-CoV-2 infection,"Rest, fluids, monitoring, and medical advice based on risk","Seek urgent care for trouble breathing, persistent chest pain, new confusion, or inability to stay awake",Synthetic educational record,Educational information only; not a diagnosis or a substitute for professional medical care.
42,Respiratory,COVID-19,What can cause COVID-19?,A common underlying explanation is SARS-CoV-2 infection. A healthcare professional can assess the individual situation and rule out other causes.,"fever, cough, sore throat, fatigue, loss of taste or smell",SARS-CoV-2 infection,"Rest, fluids, monitoring, and medical advice based on risk","Seek urgent care for trouble breathing, persistent chest pain, new confusion, or inability to stay awake",Synthetic educational record,Educational information only; not a diagnosis or a substitute for professional medical care.
43,Respiratory,COVID-19,What should I do if I think I have COVID-19?,"Consider contacting a healthcare professional for assessment, especially if symptoms are new, severe, persistent, or worsening. General supportive steps may include Rest, fluids, monitoring, and medical advice based on risk.","fever, cough, sore throat, fatigue, loss of taste or smell",SARS-CoV-2 infection,"Rest, fluids, monitoring, and medical advice based on risk","Seek urgent care for trouble breathing, persistent chest pain, new confusion, or inability to stay awake",Synthetic educational record,Educational information only; not a diagnosis or a substitute for professional medical care.
44,Respiratory,COVID-19,How can I reduce the risk of COVID-19?,"Risk reduction depends on the condition. General measures may include healthy habits, appropriate vaccination where relevant, hygiene, avoiding known triggers, and following professional advice.","fever, cough, sore throat, fatigue, loss of taste or smell",SARS-CoV-2 infection,"Rest, fluids, monitoring, and medical advice based on risk","Seek urgent care for trouble breathing, persistent chest pain, new confusion, or inability to stay awake",Synthetic educational record,Educational information only; not a diagnosis or a substitute for professional medical care.
45,Respiratory,COVID-19,When should I see a doctor for COVID-19?,"Medical assessment is especially important when symptoms are severe, persistent, worsening, or associated with warning signs. For this condition, important warning signs include: Seek urgent care for trouble breathing, persistent chest pain, new confusion, or inability to stay awake.","fever, cough, sore throat, fatigue, loss of taste or smell",SARS-CoV-2 infection,"Rest, fluids, monitoring, and medical advice based on risk","Seek urgent care for trouble breathing, persistent chest pain, new confusion, or inability to stay awake",Synthetic educational record,Educational information only; not a diagnosis or a substitute for professional medical care.
46,Respiratory,COVID-19,Is COVID-19 always serious?,"Not necessarily. Severity varies widely. The safest approach is to consider the person's symptoms, age, medical history, and warning signs and seek professional assessment when needed.","fever, cough, sore throat, fatigue, loss of taste or smell",SARS-CoV-2 infection,"Rest, fluids, monitoring, and medical advice based on risk","Seek urgent care for trouble breathing, persistent chest pain, new confusion, or inability to stay awake",Synthetic educational record,Educational information only; not a diagnosis or a substitute for professional medical care.
47,Respiratory,COVID-19,Can COVID-19 be prevented?,"Some cases or complications may be preventable, while others are not fully preventable. Helpful measures can include Rest, fluids, monitoring, and medical advice based on risk and addressing known risk factors.","fever, cough, sore throat, fatigue, loss of taste or smell",SARS-CoV-2 infection,"Rest, fluids, monitoring, and medical advice based on risk","Seek urgent care for trouble breathing, persistent chest pain, new confusion, or inability to stay awake",Synthetic educational record,Educational information only; not a diagnosis or a substitute for professional medical care.
48,Respiratory,COVID-19,What lifestyle habits may help with COVID-19?,"Helpful general habits may include adequate sleep, balanced nutrition, appropriate physical activity, hydration, avoiding tobacco, and following individualized medical advice.","fever, cough, sore throat, fatigue, loss of taste or smell",SARS-CoV-2 infection,"Rest, fluids, monitoring, and medical advice based on risk","Seek urgent care for trouble breathing, persistent chest pain, new confusion, or inability to stay awake",Synthetic educational record,Educational information only; not a diagnosis or a substitute for professional medical care.
49,Respiratory,Asthma,What are the common symptoms of Asthma?,"Common symptoms can include wheezing, cough, chest tightness, shortness of breath. Symptoms vary between people, so they should not be used alone to confirm a diagnosis.","wheezing, cough, chest tightness, shortness of breath",Airway inflammation and narrowing,Follow the person's prescribed asthma action plan and avoid known triggers,Emergency care is needed for severe breathing difficulty or poor response to prescribed rescue treatment,Synthetic educational record,Educational information only; not a diagnosis or a substitute for professional medical care.
50,Respiratory,Asthma,What can cause Asthma?,A common underlying explanation is Airway inflammation and narrowing. A healthcare professional can assess the individual situation and rule out other causes.,"wheezing, cough, chest tightness, shortness of breath",Airway inflammation and narrowing,Follow the person's prescribed asthma action plan and avoid known triggers,Emergency care is needed for severe breathing difficulty or poor response to prescribed rescue treatment,Synthetic educational record,Educational information only; not a diagnosis or a substitute for professional medical care.
51,Respiratory,Asthma,What should I do if I think I have Asthma?,"Consider contacting a healthcare professional for assessment, especially if symptoms are new, severe, persistent, or worsening. General supportive steps may include Follow the person's prescribed asthma action plan and avoid known triggers.","wheezing, cough, chest tightness, shortness of breath",Airway inflammation and narrowing,Follow the person's prescribed asthma action plan and avoid known triggers,Emergency care is needed for severe breathing difficulty or poor response to prescribed rescue treatment,Synthetic educational record,Educational information only; not a diagnosis or a substitute for professional medical care.
52,Respiratory,Asthma,How can I reduce the risk of Asthma?,"Risk reduction depends on the condition. General measures may include healthy habits, appropriate vaccination where relevant, hygiene, avoiding known triggers, and following professional advice.","wheezing, cough, chest tightness, shortness of breath",Airway inflammation and narrowing,Follow the person's prescribed asthma action plan and avoid known triggers,Emergency care is needed for severe breathing difficulty or poor response to prescribed rescue treatment,Synthetic educational record,Educational information only; not a diagnosis or a substitute for professional medical care.
53,Respiratory,Asthma,When should I see a doctor for Asthma?,"Medical assessment is especially important when symptoms are severe, persistent, worsening, or associated with warning signs. For this condition, important warning signs include: Emergency care is needed for severe breathing difficulty or poor response to prescribed rescue treatment.","wheezing, cough, chest tightness, shortness of breath",Airway inflammation and narrowing,Follow the person's prescribed asthma action plan and avoid known triggers,Emergency care is needed for severe breathing difficulty or poor response to prescribed rescue treatment,Synthetic educational record,Educational information only; not a diagnosis or a substitute for professional medical care.
54,Respiratory,Asthma,Is Asthma always serious?,"Not necessarily. Severity varies widely. The safest approach is to consider the person's symptoms, age, medical history, and warning signs and seek professional assessment when needed.","wheezing, cough, chest tightness, shortness of breath",Airway inflammation and narrowing,Follow the person's prescribed asthma action plan and avoid known triggers,Emergency care is needed for severe breathing difficulty or poor response to prescribed rescue treatment,Synthetic educational record,Educational information only; not a diagnosis or a substitute for professional medical care.
55,Respiratory,Asthma,Can Asthma be prevented?,"Some cases or complications may be preventable, while others are not fully preventable. Helpful measures can include Follow the person's prescribed asthma action plan and avoid known triggers and addressing known risk factors.","wheezing, cough, chest tightness, shortness of breath",Airway inflammation and narrowing,Follow the person's prescribed asthma action plan and avoid known triggers,Emergency care is needed for severe breathing difficulty or poor response to prescribed rescue treatment,Synthetic educational record,Educational information only; not a diagnosis or a substitute for professional medical care.
56,Respiratory,Asthma,What lifestyle habits may help with Asthma?,"Helpful general habits may include adequate sleep, balanced nutrition, appropriate physical activity, hydration, avoiding tobacco, and following individualized medical advice.","wheezing, cough, chest tightness, shortness of breath",Airway inflammation and narrowing,Follow the person's prescribed asthma action plan and avoid known triggers,Emergency care is needed for severe breathing difficulty or poor response to prescribed rescue treatment,Synthetic educational record,Educational information only; not a diagnosis or a substitute for professional medical care.
57,Respiratory,Pneumonia,What are the common symptoms of Pneumonia?,"Common symptoms can include cough, fever, chills, shortness of breath, chest discomfort. Symptoms vary between people, so they should not be used alone to confirm a diagnosis.","cough, fever, chills, shortness of breath, chest discomfort",Infection or inflammation of the lungs,Medical assessment is important; treatment depends on the cause,"Seek urgent care for severe breathing difficulty, blue/gray lips, confusion, or severe chest pain",Synthetic educational record,Educational information only; not a diagnosis or a substitute for professional medical care.
58,Respiratory,Pneumonia,What can cause Pneumonia?,A common underlying explanation is Infection or inflammation of the lungs. A healthcare professional can assess the individual situation and rule out other causes.,"cough, fever, chills, shortness of breath, chest discomfort",Infection or inflammation of the lungs,Medical assessment is important; treatment depends on the cause,"Seek urgent care for severe breathing difficulty, blue/gray lips, confusion, or severe chest pain",Synthetic educational record,Educational information only; not a diagnosis or a substitute for professional medical care.
59,Respiratory,Pneumonia,What should I do if I think I have Pneumonia?,"Consider contacting a healthcare professional for assessment, especially if symptoms are new, severe, persistent, or worsening. General supportive steps may include Medical assessment is important; treatment depends on the cause.","cough, fever, chills, shortness of breath, chest discomfort",Infection or inflammation of the lungs,Medical assessment is important; treatment depends on the cause,"Seek urgent care for severe breathing difficulty, blue/gray lips, confusion, or severe chest pain",Synthetic educational record,Educational information only; not a diagnosis or a substitute for professional medical care.
60,Respiratory,Pneumonia,How can I reduce the risk of Pneumonia?,"Risk reduction depends on the condition. General measures may include healthy habits, appropriate vaccination where relevant, hygiene, avoiding known triggers, and following professional advice.","cough, fever, chills, shortness of breath, chest discomfort",Infection or inflammation of the lungs,Medical assessment is important; treatment depends on the cause,"Seek urgent care for severe breathing difficulty, blue/gray lips, confusion, or severe chest pain",Synthetic educational record,Educational information only; not a diagnosis or a substitute for professional medical care.
61,Respiratory,Pneumonia,When should I see a doctor for Pneumonia?,"Medical assessment is especially important when symptoms are severe, persistent, worsening, or associated with warning signs. For this condition, important warning signs include: Seek urgent care for severe breathing difficulty, blue/gray lips, confusion, or severe chest pain.","cough, fever, chills, shortness of breath, chest discomfort",Infection or inflammation of the lungs,Medical assessment is important; treatment depends on the cause,"Seek urgent care for severe breathing difficulty, blue/gray lips, confusion, or severe chest pain",Synthetic educational record,Educational information only; not a diagnosis or a substitute for professional medical care.
62,Respiratory,Pneumonia,Is Pneumonia always serious?,"Not necessarily. Severity varies widely. The safest approach is to consider the person's symptoms, age, medical history, and warning signs and seek professional assessment when needed.","cough, fever, chills, shortness of breath, chest discomfort",Infection or inflammation of the lungs,Medical assessment is important; treatment depends on the cause,"Seek urgent care for severe breathing difficulty, blue/gray lips, confusion, or severe chest pain",Synthetic educational record,Educational information only; not a diagnosis or a substitute for professional medical care.
63,Respiratory,Pneumonia,Can Pneumonia be prevented?,"Some cases or complications may be preventable, while others are not fully preventable. Helpful measures can include Medical assessment is important; treatment depends on the cause and addressing known risk factors.","cough, fever, chills, shortness of breath, chest discomfort",Infection or inflammation of the lungs,Medical assessment is important; treatment depends on the cause,"Seek urgent care for severe breathing difficulty, blue/gray lips, confusion, or severe chest pain",Synthetic educational record,Educational information only; not a diagnosis or a substitute for professional medical care.
64,Respiratory,Pneumonia,What lifestyle habits may help with Pneumonia?,"Helpful general habits may include adequate sleep, balanced nutrition, appropriate physical activity, hydration, avoiding tobacco, and following individualized medical advice.","cough, fever, chills, shortness of breath, chest discomfort",Infection or inflammation of the lungs,Medical assessment is important; treatment depends on the cause,"Seek urgent care for severe breathing difficulty, blue/gray lips, confusion, or severe chest pain",Synthetic educational record,Educational information only; not a diagnosis or a substitute for professional medical care.
65,Allergy,Allergic Rhinitis,What are the common symptoms of Allergic Rhinitis?,"Common symptoms can include sneezing, itchy nose, runny nose, nasal congestion. Symptoms vary between people, so they should not be used alone to confirm a diagnosis.","sneezing, itchy nose, runny nose, nasal congestion",Allergic reaction to environmental triggers,Avoid triggers and use clinician/pharmacist-advised symptom relief,Seek urgent care if symptoms include facial swelling or breathing difficulty,Synthetic educational record,Educational information only; not a diagnosis or a substitute for professional medical care.
66,Allergy,Allergic Rhinitis,What can cause Allergic Rhinitis?,A common underlying explanation is Allergic reaction to environmental triggers. A healthcare professional can assess the individual situation and rule out other causes.,"sneezing, itchy nose, runny nose, nasal congestion",Allergic reaction to environmental triggers,Avoid triggers and use clinician/pharmacist-advised symptom relief,Seek urgent care if symptoms include facial swelling or breathing difficulty,Synthetic educational record,Educational information only; not a diagnosis or a substitute for professional medical care.
67,Allergy,Allergic Rhinitis,What should I do if I think I have Allergic Rhinitis?,"Consider contacting a healthcare professional for assessment, especially if symptoms are new, severe, persistent, or worsening. General supportive steps may include Avoid triggers and use clinician/pharmacist-advised symptom relief.","sneezing, itchy nose, runny nose, nasal congestion",Allergic reaction to environmental triggers,Avoid triggers and use clinician/pharmacist-advised symptom relief,Seek urgent care if symptoms include facial swelling or breathing difficulty,Synthetic educational record,Educational information only; not a diagnosis or a substitute for professional medical care.
68,Allergy,Allergic Rhinitis,How can I reduce the risk of Allergic Rhinitis?,"Risk reduction depends on the condition. General measures may include healthy habits, appropriate vaccination where relevant, hygiene, avoiding known triggers, and following professional advice.","sneezing, itchy nose, runny nose, nasal congestion",Allergic reaction to environmental triggers,Avoid triggers and use clinician/pharmacist-advised symptom relief,Seek urgent care if symptoms include facial swelling or breathing difficulty,Synthetic educational record,Educational information only; not a diagnosis or a substitute for professional medical care.
69,Allergy,Allergic Rhinitis,When should I see a doctor for Allergic Rhinitis?,"Medical assessment is especially important when symptoms are severe, persistent, worsening, or associated with warning signs. For this condition, important warning signs include: Seek urgent care if symptoms include facial swelling or breathing difficulty.","sneezing, itchy nose, runny nose, nasal congestion",Allergic reaction to environmental triggers,Avoid triggers and use clinician/pharmacist-advised symptom relief,Seek urgent care if symptoms include facial swelling or breathing difficulty,Synthetic educational record,Educational information only; not a diagnosis or a substitute for professional medical care.
70,Allergy,Allergic Rhinitis,Is Allergic Rhinitis always serious?,"Not necessarily. Severity varies widely. The safest approach is to consider the person's symptoms, age, medical history, and warning signs and seek professional assessment when needed.","sneezing, itchy nose, runny nose, nasal congestion",Allergic reaction to environmental triggers,Avoid triggers and use clinician/pharmacist-advised symptom relief,Seek urgent care if symptoms include facial swelling or breathing difficulty,Synthetic educational record,Educational information only; not a diagnosis or a substitute for professional medical care.
71,Allergy,Allergic Rhinitis,Can Allergic Rhinitis be prevented?,"Some cases or complications may be preventable, while others are not fully preventable. Helpful measures can include Avoid triggers and use clinician/pharmacist-advised symptom relief and addressing known risk factors.","sneezing, itchy nose, runny nose, nasal congestion",Allergic reaction to environmental triggers,Avoid triggers and use clinician/pharmacist-advised symptom relief,Seek urgent care if symptoms include facial swelling or breathing difficulty,Synthetic educational record,Educational information only; not a diagnosis or a substitute for professional medical care.
72,Allergy,Allergic Rhinitis,What lifestyle habits may help with Allergic Rhinitis?,"Helpful general habits may include adequate sleep, balanced nutrition, appropriate physical activity, hydration, avoiding tobacco, and following individualized medical advice.","sneezing, itchy nose, runny nose, nasal congestion",Allergic reaction to environmental triggers,Avoid triggers and use clinician/pharmacist-advised symptom relief,Seek urgent care if symptoms include facial swelling or breathing difficulty,Synthetic educational record,Educational information only; not a diagnosis or a substitute for professional medical care.
73,Neurological,Migraine,What are the common symptoms of Migraine?,"Common symptoms can include throbbing headache, nausea, light sensitivity, sound sensitivity. Symptoms vary between people, so they should not be used alone to confirm a diagnosis.","throbbing headache, nausea, light sensitivity, sound sensitivity",Neurological condition with recurrent headache attacks,"Rest in a quiet dark room, hydration, and clinician-advised treatment","Seek urgent care for a sudden severe headache, new neurological symptoms, fainting, or severe neck stiffness",Synthetic educational record,Educational information only; not a diagnosis or a substitute for professional medical care.
74,Neurological,Migraine,What can cause Migraine?,A common underlying explanation is Neurological condition with recurrent headache attacks. A healthcare professional can assess the individual situation and rule out other causes.,"throbbing headache, nausea, light sensitivity, sound sensitivity",Neurological condition with recurrent headache attacks,"Rest in a quiet dark room, hydration, and clinician-advised treatment","Seek urgent care for a sudden severe headache, new neurological symptoms, fainting, or severe neck stiffness",Synthetic educational record,Educational information only; not a diagnosis or a substitute for professional medical care.
75,Neurological,Migraine,What should I do if I think I have Migraine?,"Consider contacting a healthcare professional for assessment, especially if symptoms are new, severe, persistent, or worsening. General supportive steps may include Rest in a quiet dark room, hydration, and clinician-advised treatment.","throbbing headache, nausea, light sensitivity, sound sensitivity",Neurological condition with recurrent headache attacks,"Rest in a quiet dark room, hydration, and clinician-advised treatment","Seek urgent care for a sudden severe headache, new neurological symptoms, fainting, or severe neck stiffness",Synthetic educational record,Educational information only; not a diagnosis or a substitute for professional medical care.
76,Neurological,Migraine,How can I reduce the risk of Migraine?,"Risk reduction depends on the condition. General measures may include healthy habits, appropriate vaccination where relevant, hygiene, avoiding known triggers, and following professional advice.","throbbing headache, nausea, light sensitivity, sound sensitivity",Neurological condition with recurrent headache attacks,"Rest in a quiet dark room, hydration, and clinician-advised treatment","Seek urgent care for a sudden severe headache, new neurological symptoms, fainting, or severe neck stiffness",Synthetic educational record,Educational information only; not a diagnosis or a substitute for professional medical care.
77,Neurological,Migraine,When should I see a doctor for Migraine?,"Medical assessment is especially important when symptoms are severe, persistent, worsening, or associated with warning signs. For this condition, important warning signs include: Seek urgent care for a sudden severe headache, new neurological symptoms, fainting, or severe neck stiffness.","throbbing headache, nausea, light sensitivity, sound sensitivity",Neurological condition with recurrent headache attacks,"Rest in a quiet dark room, hydration, and clinician-advised treatment","Seek urgent care for a sudden severe headache, new neurological symptoms, fainting, or severe neck stiffness",Synthetic educational record,Educational information only; not a diagnosis or a substitute for professional medical care.
78,Neurological,Migraine,Is Migraine always serious?,"Not necessarily. Severity varies widely. The safest approach is to consider the person's symptoms, age, medical history, and warning signs and seek professional assessment when needed.","throbbing headache, nausea, light sensitivity, sound sensitivity",Neurological condition with recurrent headache attacks,"Rest in a quiet dark room, hydration, and clinician-advised treatment","Seek urgent care for a sudden severe headache, new neurological symptoms, fainting, or severe neck stiffness",Synthetic educational record,Educational information only; not a diagnosis or a substitute for professional medical care.
79,Neurological,Migraine,Can Migraine be prevented?,"Some cases or complications may be preventable, while others are not fully preventable. Helpful measures can include Rest in a quiet dark room, hydration, and clinician-advised treatment and addressing known risk factors.","throbbing headache, nausea, light sensitivity, sound sensitivity",Neurological condition with recurrent headache attacks,"Rest in a quiet dark room, hydration, and clinician-advised treatment","Seek urgent care for a sudden severe headache, new neurological symptoms, fainting, or severe neck stiffness",Synthetic educational record,Educational information only; not a diagnosis or a substitute for professional medical care.
80,Neurological,Migraine,What lifestyle habits may help with Migraine?,"Helpful general habits may include adequate sleep, balanced nutrition, appropriate physical activity, hydration, avoiding tobacco, and following individualized medical advice.","throbbing headache, nausea, light sensitivity, sound sensitivity",Neurological condition with recurrent headache attacks,"Rest in a quiet dark room, hydration, and clinician-advised treatment","Seek urgent care for a sudden severe headache, new neurological symptoms, fainting, or severe neck stiffness",Synthetic educational record,Educational information only; not a diagnosis or a substitute for professional medical care.
81,Cardiovascular,Hypertension,What are the common symptoms of Hypertension?,"Common symptoms can include often no symptoms; sometimes headache or dizziness. Symptoms vary between people, so they should not be used alone to confirm a diagnosis.",often no symptoms; sometimes headache or dizziness,Persistently elevated blood pressure,"Regular blood-pressure monitoring, healthy lifestyle, and prescribed treatment","Very high blood pressure with chest pain, severe headache, confusion, weakness, or breathing difficulty needs urgent care",Synthetic educational record,Educational information only; not a diagnosis or a substitute for professional medical care.
82,Cardiovascular,Hypertension,What can cause Hypertension?,A common underlying explanation is Persistently elevated blood pressure. A healthcare professional can assess the individual situation and rule out other causes.,often no symptoms; sometimes headache or dizziness,Persistently elevated blood pressure,"Regular blood-pressure monitoring, healthy lifestyle, and prescribed treatment","Very high blood pressure with chest pain, severe headache, confusion, weakness, or breathing difficulty needs urgent care",Synthetic educational record,Educational information only; not a diagnosis or a substitute for professional medical care.
83,Cardiovascular,Hypertension,What should I do if I think I have Hypertension?,"Consider contacting a healthcare professional for assessment, especially if symptoms are new, severe, persistent, or worsening. General supportive steps may include Regular blood-pressure monitoring, healthy lifestyle, and prescribed treatment.",often no symptoms; sometimes headache or dizziness,Persistently elevated blood pressure,"Regular blood-pressure monitoring, healthy lifestyle, and prescribed treatment","Very high blood pressure with chest pain, severe headache, confusion, weakness, or breathing difficulty needs urgent care",Synthetic educational record,Educational information only; not a diagnosis or a substitute for professional medical care.
84,Cardiovascular,Hypertension,How can I reduce the risk of Hypertension?,"Risk reduction depends on the condition. General measures may include healthy habits, appropriate vaccination where relevant, hygiene, avoiding known triggers, and following professional advice.",often no symptoms; sometimes headache or dizziness,Persistently elevated blood pressure,"Regular blood-pressure monitoring, healthy lifestyle, and prescribed treatment","Very high blood pressure with chest pain, severe headache, confusion, weakness, or breathing difficulty needs urgent care",Synthetic educational record,Educational information only; not a diagnosis or a substitute for professional medical care.
85,Cardiovascular,Hypertension,When should I see a doctor for Hypertension?,"Medical assessment is especially important when symptoms are severe, persistent, worsening, or associated with warning signs. For this condition, important warning signs include: Very high blood pressure with chest pain, severe headache, confusion, weakness, or breathing difficulty needs urgent care.",often no symptoms; sometimes headache or dizziness,Persistently elevated blood pressure,"Regular blood-pressure monitoring, healthy lifestyle, and prescribed treatment","Very high blood pressure with chest pain, severe headache, confusion, weakness, or breathing difficulty needs urgent care",Synthetic educational record,Educational information only; not a diagnosis or a substitute for professional medical care.
86,Cardiovascular,Hypertension,Is Hypertension always serious?,"Not necessarily. Severity varies widely. The safest approach is to consider the person's symptoms, age, medical history, and warning signs and seek professional assessment when needed.",often no symptoms; sometimes headache or dizziness,Persistently elevated blood pressure,"Regular blood-pressure monitoring, healthy lifestyle, and prescribed treatment","Very high blood pressure with chest pain, severe headache, confusion, weakness, or breathing difficulty needs urgent care",Synthetic educational record,Educational information only; not a diagnosis or a substitute for professional medical care.
87,Cardiovascular,Hypertension,Can Hypertension be prevented?,"Some cases or complications may be preventable, while others are not fully preventable. Helpful measures can include Regular blood-pressure monitoring, healthy lifestyle, and prescribed treatment and addressing known risk factors.",often no symptoms; sometimes headache or dizziness,Persistently elevated blood pressure,"Regular blood-pressure monitoring, healthy lifestyle, and prescribed treatment","Very high blood pressure with chest pain, severe headache, confusion, weakness, or breathing difficulty needs urgent care",Synthetic educational record,Educational information only; not a diagnosis or a substitute for professional medical care.
88,Cardiovascular,Hypertension,What lifestyle habits may help with Hypertension?,"Helpful general habits may include adequate sleep, balanced nutrition, appropriate physical activity, hydration, avoiding tobacco, and following individualized medical advice.",often no symptoms; sometimes headache or dizziness,Persistently elevated blood pressure,"Regular blood-pressure monitoring, healthy lifestyle, and prescribed treatment","Very high blood pressure with chest pain, severe headache, confusion, weakness, or breathing difficulty needs urgent care",Synthetic educational record,Educational information only; not a diagnosis or a substitute for professional medical care.
89,Metabolic,Type 2 Diabetes,What are the common symptoms of Type 2 Diabetes?,"Common symptoms can include increased thirst, frequent urination, fatigue, blurred vision. Symptoms vary between people, so they should not be used alone to confirm a diagnosis.","increased thirst, frequent urination, fatigue, blurred vision",Impaired insulin action and glucose regulation,"Healthy eating, physical activity, monitoring, and prescribed treatment","Seek urgent care for confusion, severe dehydration, vomiting, or very abnormal glucose with symptoms",Synthetic educational record,Educational information only; not a diagnosis or a substitute for professional medical care.
90,Metabolic,Type 2 Diabetes,What can cause Type 2 Diabetes?,A common underlying explanation is Impaired insulin action and glucose regulation. A healthcare professional can assess the individual situation and rule out other causes.,"increased thirst, frequent urination, fatigue, blurred vision",Impaired insulin action and glucose regulation,"Healthy eating, physical activity, monitoring, and prescribed treatment","Seek urgent care for confusion, severe dehydration, vomiting, or very abnormal glucose with symptoms",Synthetic educational record,Educational information only; not a diagnosis or a substitute for professional medical care.
91,Metabolic,Type 2 Diabetes,What should I do if I think I have Type 2 Diabetes?,"Consider contacting a healthcare professional for assessment, especially if symptoms are new, severe, persistent, or worsening. General supportive steps may include Healthy eating, physical activity, monitoring, and prescribed treatment.","increased thirst, frequent urination, fatigue, blurred vision",Impaired insulin action and glucose regulation,"Healthy eating, physical activity, monitoring, and prescribed treatment","Seek urgent care for confusion, severe dehydration, vomiting, or very abnormal glucose with symptoms",Synthetic educational record,Educational information only; not a diagnosis or a substitute for professional medical care.
92,Metabolic,Type 2 Diabetes,How can I reduce the risk of Type 2 Diabetes?,"Risk reduction depends on the condition. General measures may include healthy habits, appropriate vaccination where relevant, hygiene, avoiding known triggers, and following professional advice.","increased thirst, frequent urination, fatigue, blurred vision",Impaired insulin action and glucose regulation,"Healthy eating, physical activity, monitoring, and prescribed treatment","Seek urgent care for confusion, severe dehydration, vomiting, or very abnormal glucose with symptoms",Synthetic educational record,Educational information only; not a diagnosis or a substitute for professional medical care.
93,Metabolic,Type 2 Diabetes,When should I see a doctor for Type 2 Diabetes?,"Medical assessment is especially important when symptoms are severe, persistent, worsening, or associated with warning signs. For this condition, important warning signs include: Seek urgent care for confusion, severe dehydration, vomiting, or very abnormal glucose with symptoms.","increased thirst, frequent urination, fatigue, blurred vision",Impaired insulin action and glucose regulation,"Healthy eating, physical activity, monitoring, and prescribed treatment","Seek urgent care for confusion, severe dehydration, vomiting, or very abnormal glucose with symptoms",Synthetic educational record,Educational information only; not a diagnosis or a substitute for professional medical care.
94,Metabolic,Type 2 Diabetes,Is Type 2 Diabetes always serious?,"Not necessarily. Severity varies widely. The safest approach is to consider the person's symptoms, age, medical history, and warning signs and seek professional assessment when needed.","increased thirst, frequent urination, fatigue, blurred vision",Impaired insulin action and glucose regulation,"Healthy eating, physical activity, monitoring, and prescribed treatment","Seek urgent care for confusion, severe dehydration, vomiting, or very abnormal glucose with symptoms",Synthetic educational record,Educational information only; not a diagnosis or a substitute for professional medical care.
95,Metabolic,Type 2 Diabetes,Can Type 2 Diabetes be prevented?,"Some cases or complications may be preventable, while others are not fully preventable. Helpful measures can include Healthy eating, physical activity, monitoring, and prescribed treatment and addressing known risk factors.","increased thirst, frequent urination, fatigue, blurred vision",Impaired insulin action and glucose regulation,"Healthy eating, physical activity, monitoring, and prescribed treatment","Seek urgent care for confusion, severe dehydration, vomiting, or very abnormal glucose with symptoms",Synthetic educational record,Educational information only; not a diagnosis or a substitute for professional medical care.
96,Metabolic,Type 2 Diabetes,What lifestyle habits may help with Type 2 Diabetes?,"Helpful general habits may include adequate sleep, balanced nutrition, appropriate physical activity, hydration, avoiding tobacco, and following individualized medical advice.","increased thirst, frequent urination, fatigue, blurred vision",Impaired insulin action and glucose regulation,"Healthy eating, physical activity, monitoring, and prescribed treatment","Seek urgent care for confusion, severe dehydration, vomiting, or very abnormal glucose with symptoms",Synthetic educational record,Educational information only; not a diagnosis or a substitute for professional medical care.
97,Digestive,Gastroenteritis,What are the common symptoms of Gastroenteritis?,"Common symptoms can include diarrhea, vomiting, abdominal cramps, nausea. Symptoms vary between people, so they should not be used alone to confirm a diagnosis.","diarrhea, vomiting, abdominal cramps, nausea",Infection or irritation of the digestive tract,Fluids and oral rehydration can help; food intake as tolerated,"Seek care for severe dehydration, blood in stool/vomit, persistent vomiting, or severe abdominal pain",Synthetic educational record,Educational information only; not a diagnosis or a substitute for professional medical care.
98,Digestive,Gastroenteritis,What can cause Gastroenteritis?,A common underlying explanation is Infection or irritation of the digestive tract. A healthcare professional can assess the individual situation and rule out other causes.,"diarrhea, vomiting, abdominal cramps, nausea",Infection or irritation of the digestive tract,Fluids and oral rehydration can help; food intake as tolerated,"Seek care for severe dehydration, blood in stool/vomit, persistent vomiting, or severe abdominal pain",Synthetic educational record,Educational information only; not a diagnosis or a substitute for professional medical care.
99,Digestive,Gastroenteritis,What should I do if I think I have Gastroenteritis?,"Consider contacting a healthcare professional for assessment, especially if symptoms are new, severe, persistent, or worsening. General supportive steps may include Fluids and oral rehydration can help; food intake as tolerated.","diarrhea, vomiting, abdominal cramps, nausea",Infection or irritation of the digestive tract,Fluids and oral rehydration can help; food intake as tolerated,"Seek care for severe dehydration, blood in stool/vomit, persistent vomiting, or severe abdominal pain",Synthetic educational record,Educational information only; not a diagnosis or a substitute for professional medical care.
100,Digestive,Gastroenteritis,How can I reduce the risk of Gastroenteritis?,"Risk reduction depends on the condition. General measures may include healthy habits, appropriate vaccination where relevant, hygiene, avoiding known triggers, and following professional advice.","diarrhea, vomiting, abdominal cramps, nausea",Infection or irritation of the digestive tract,Fluids and oral rehydration can help; food intake as tolerated,"Seek care for severe dehydration, blood in stool/vomit, persistent vomiting, or severe abdominal pain",Synthetic educational record,Educational information only; not a diagnosis or a substitute for professional medical care.
101,Digestive,Gastroenteritis,When should I see a doctor for Gastroenteritis?,"Medical assessment is especially important when symptoms are severe, persistent, worsening, or associated with warning signs. For this condition, important warning signs include: Seek care for severe dehydration, blood in stool/vomit, persistent vomiting, or severe abdominal pain.","diarrhea, vomiting, abdominal cramps, nausea",Infection or irritation of the digestive tract,Fluids and oral rehydration can help; food intake as tolerated,"Seek care for severe dehydration, blood in stool/vomit, persistent vomiting, or severe abdominal pain",Synthetic educational record,Educational information only; not a diagnosis or a substitute for professional medical care.
102,Digestive,Gastroenteritis,Is Gastroenteritis always serious?,"Not necessarily. Severity varies widely. The safest approach is to consider the person's symptoms, age, medical history, and warning signs and seek professional assessment when needed.","diarrhea, vomiting, abdominal cramps, nausea",Infection or irritation of the digestive tract,Fluids and oral rehydration can help; food intake as tolerated,"Seek care for severe dehydration, blood in stool/vomit, persistent vomiting, or severe abdominal pain",Synthetic educational record,Educational information only; not a diagnosis or a substitute for professional medical care.
103,Digestive,Gastroenteritis,Can Gastroenteritis be prevented?,"Some cases or complications may be preventable, while others are not fully preventable. Helpful measures can include Fluids and oral rehydration can help; food intake as tolerated and addressing known risk factors.","diarrhea, vomiting, abdominal cramps, nausea",Infection or irritation of the digestive tract,Fluids and oral rehydration can help; food intake as tolerated,"Seek care for severe dehydration, blood in stool/vomit, persistent vomiting, or severe abdominal pain",Synthetic educational record,Educational information only; not a diagnosis or a substitute for professional medical care.
104,Digestive,Gastroenteritis,What lifestyle habits may help with Gastroenteritis?,"Helpful general habits may include adequate sleep, balanced nutrition, appropriate physical activity, hydration, avoiding tobacco, and following individualized medical advice.","diarrhea, vomiting, abdominal cramps, nausea",Infection or irritation of the digestive tract,Fluids and oral rehydration can help; food intake as tolerated,"Seek care for severe dehydration, blood in stool/vomit, persistent vomiting, or severe abdominal pain",Synthetic educational record,Educational information only; not a diagnosis or a substitute for professional medical care.
105,Digestive,GERD,What are the common symptoms of GERD?,"Common symptoms can include heartburn, acid taste, regurgitation, chest discomfort after meals. Symptoms vary between people, so they should not be used alone to confirm a diagnosis.","heartburn, acid taste, regurgitation, chest discomfort after meals",Backflow of stomach contents into the esophagus,"Smaller meals, avoiding personal triggers, and clinician-advised treatment may help","Seek urgent evaluation for severe/new chest pain, trouble swallowing, vomiting blood, or black stools",Synthetic educational record,Educational information only; not a diagnosis or a substitute for professional medical care.
106,Digestive,GERD,What can cause GERD?,A common underlying explanation is Backflow of stomach contents into the esophagus. A healthcare professional can assess the individual situation and rule out other causes.,"heartburn, acid taste, regurgitation, chest discomfort after meals",Backflow of stomach contents into the esophagus,"Smaller meals, avoiding personal triggers, and clinician-advised treatment may help","Seek urgent evaluation for severe/new chest pain, trouble swallowing, vomiting blood, or black stools",Synthetic educational record,Educational information only; not a diagnosis or a substitute for professional medical care.
107,Digestive,GERD,What should I do if I think I have GERD?,"Consider contacting a healthcare professional for assessment, especially if symptoms are new, severe, persistent, or worsening. General supportive steps may include Smaller meals, avoiding personal triggers, and clinician-advised treatment may help.","heartburn, acid taste, regurgitation, chest discomfort after meals",Backflow of stomach contents into the esophagus,"Smaller meals, avoiding personal triggers, and clinician-advised treatment may help","Seek urgent evaluation for severe/new chest pain, trouble swallowing, vomiting blood, or black stools",Synthetic educational record,Educational information only; not a diagnosis or a substitute for professional medical care.
108,Digestive,GERD,How can I reduce the risk of GERD?,"Risk reduction depends on the condition. General measures may include healthy habits, appropriate vaccination where relevant, hygiene, avoiding known triggers, and following professional advice.","heartburn, acid taste, regurgitation, chest discomfort after meals",Backflow of stomach contents into the esophagus,"Smaller meals, avoiding personal triggers, and clinician-advised treatment may help","Seek urgent evaluation for severe/new chest pain, trouble swallowing, vomiting blood, or black stools",Synthetic educational record,Educational information only; not a diagnosis or a substitute for professional medical care.
109,Digestive,GERD,When should I see a doctor for GERD?,"Medical assessment is especially important when symptoms are severe, persistent, worsening, or associated with warning signs. For this condition, important warning signs include: Seek urgent evaluation for severe/new chest pain, trouble swallowing, vomiting blood, or black stools.","heartburn, acid taste, regurgitation, chest discomfort after meals",Backflow of stomach contents into the esophagus,"Smaller meals, avoiding personal triggers, and clinician-advised treatment may help","Seek urgent evaluation for severe/new chest pain, trouble swallowing, vomiting blood, or black stools",Synthetic educational record,Educational information only; not a diagnosis or a substitute for professional medical care.
110,Digestive,GERD,Is GERD always serious?,"Not necessarily. Severity varies widely. The safest approach is to consider the person's symptoms, age, medical history, and warning signs and seek professional assessment when needed.","heartburn, acid taste, regurgitation, chest discomfort after meals",Backflow of stomach contents into the esophagus,"Smaller meals, avoiding personal triggers, and clinician-advised treatment may help","Seek urgent evaluation for severe/new chest pain, trouble swallowing, vomiting blood, or black stools",Synthetic educational record,Educational information only; not a diagnosis or a substitute for professional medical care.
111,Digestive,GERD,Can GERD be prevented?,"Some cases or complications may be preventable, while others are not fully preventable. Helpful measures can include Smaller meals, avoiding personal triggers, and clinician-advised treatment may help and addressing known risk factors.","heartburn, acid taste, regurgitation, chest discomfort after meals",Backflow of stomach contents into the esophagus,"Smaller meals, avoiding personal triggers, and clinician-advised treatment may help","Seek urgent evaluation for severe/new chest pain, trouble swallowing, vomiting blood, or black stools",Synthetic educational record,Educational information only; not a diagnosis or a substitute for professional medical care.
112,Digestive,GERD,What lifestyle habits may help with GERD?,"Helpful general habits may include adequate sleep, balanced nutrition, appropriate physical activity, hydration, avoiding tobacco, and following individualized medical advice.","heartburn, acid taste, regurgitation, chest discomfort after meals",Backflow of stomach contents into the esophagus,"Smaller meals, avoiding personal triggers, and clinician-advised treatment may help","Seek urgent evaluation for severe/new chest pain, trouble swallowing, vomiting blood, or black stools",Synthetic educational record,Educational information only; not a diagnosis or a substitute for professional medical care.
113,Urinary,Urinary Tract Infection,What are the common symptoms of Urinary Tract Infection?,"Common symptoms can include burning urination, frequent urination, urgency, lower abdominal discomfort. Symptoms vary between people, so they should not be used alone to confirm a diagnosis.","burning urination, frequent urination, urgency, lower abdominal discomfort",Usually bacterial infection of the urinary tract,Medical testing and clinician-directed treatment may be needed,"Seek prompt care for fever, flank/back pain, vomiting, pregnancy, or worsening symptoms",Synthetic educational record,Educational information only; not a diagnosis or a substitute for professional medical care.
114,Urinary,Urinary Tract Infection,What can cause Urinary Tract Infection?,A common underlying explanation is Usually bacterial infection of the urinary tract. A healthcare professional can assess the individual situation and rule out other causes.,"burning urination, frequent urination, urgency, lower abdominal discomfort",Usually bacterial infection of the urinary tract,Medical testing and clinician-directed treatment may be needed,"Seek prompt care for fever, flank/back pain, vomiting, pregnancy, or worsening symptoms",Synthetic educational record,Educational information only; not a diagnosis or a substitute for professional medical care.
115,Urinary,Urinary Tract Infection,What should I do if I think I have Urinary Tract Infection?,"Consider contacting a healthcare professional for assessment, especially if symptoms are new, severe, persistent, or worsening. General supportive steps may include Medical testing and clinician-directed treatment may be needed.","burning urination, frequent urination, urgency, lower abdominal discomfort",Usually bacterial infection of the urinary tract,Medical testing and clinician-directed treatment may be needed,"Seek prompt care for fever, flank/back pain, vomiting, pregnancy, or worsening symptoms",Synthetic educational record,Educational information only; not a diagnosis or a substitute for professional medical care.
116,Urinary,Urinary Tract Infection,How can I reduce the risk of Urinary Tract Infection?,"Risk reduction depends on the condition. General measures may include healthy habits, appropriate vaccination where relevant, hygiene, avoiding known triggers, and following professional advice.","burning urination, frequent urination, urgency, lower abdominal discomfort",Usually bacterial infection of the urinary tract,Medical testing and clinician-directed treatment may be needed,"Seek prompt care for fever, flank/back pain, vomiting, pregnancy, or worsening symptoms",Synthetic educational record,Educational information only; not a diagnosis or a substitute for professional medical care.
117,Urinary,Urinary Tract Infection,When should I see a doctor for Urinary Tract Infection?,"Medical assessment is especially important when symptoms are severe, persistent, worsening, or associated with warning signs. For this condition, important warning signs include: Seek prompt care for fever, flank/back pain, vomiting, pregnancy, or worsening symptoms.","burning urination, frequent urination, urgency, lower abdominal discomfort",Usually bacterial infection of the urinary tract,Medical testing and clinician-directed treatment may be needed,"Seek prompt care for fever, flank/back pain, vomiting, pregnancy, or worsening symptoms",Synthetic educational record,Educational information only; not a diagnosis or a substitute for professional medical care.
118,Urinary,Urinary Tract Infection,Is Urinary Tract Infection always serious?,"Not necessarily. Severity varies widely. The safest approach is to consider the person's symptoms, age, medical history, and warning signs and seek professional assessment when needed.","burning urination, frequent urination, urgency, lower abdominal discomfort",Usually bacterial infection of the urinary tract,Medical testing and clinician-directed treatment may be needed,"Seek prompt care for fever, flank/back pain, vomiting, pregnancy, or worsening symptoms",Synthetic educational record,Educational information only; not a diagnosis or a substitute for professional medical care.
119,Urinary,Urinary Tract Infection,Can Urinary Tract Infection be prevented?,"Some cases or complications may be preventable, while others are not fully preventable. Helpful measures can include Medical testing and clinician-directed treatment may be needed and addressing known risk factors.","burning urination, frequent urination, urgency, lower abdominal discomfort",Usually bacterial infection of the urinary tract,Medical testing and clinician-directed treatment may be needed,"Seek prompt care for fever, flank/back pain, vomiting, pregnancy, or worsening symptoms",Synthetic educational record,Educational information only; not a diagnosis or a substitute for professional medical care.
120,Urinary,Urinary Tract Infection,What lifestyle habits may help with Urinary Tract Infection?,"Helpful general habits may include adequate sleep, balanced nutrition, appropriate physical activity, hydration, avoiding tobacco, and following individualized medical advice.","burning urination, frequent urination, urgency, lower abdominal discomfort",Usually bacterial infection of the urinary tract,Medical testing and clinician-directed treatment may be needed,"Seek prompt care for fever, flank/back pain, vomiting, pregnancy, or worsening symptoms",Synthetic educational record,Educational information only; not a diagnosis or a substitute for professional medical care.
121,Blood,Iron Deficiency Anemia,What are the common symptoms of Iron Deficiency Anemia?,"Common symptoms can include fatigue, weakness, pale skin, dizziness, shortness of breath on exertion. Symptoms vary between people, so they should not be used alone to confirm a diagnosis.","fatigue, weakness, pale skin, dizziness, shortness of breath on exertion",Insufficient iron leading to reduced hemoglobin production,Medical evaluation should identify the cause; iron treatment should follow professional advice,"Seek urgent care for fainting, severe breathlessness, chest pain, or rapid worsening",Synthetic educational record,Educational information only; not a diagnosis or a substitute for professional medical care.
122,Blood,Iron Deficiency Anemia,What can cause Iron Deficiency Anemia?,A common underlying explanation is Insufficient iron leading to reduced hemoglobin production. A healthcare professional can assess the individual situation and rule out other causes.,"fatigue, weakness, pale skin, dizziness, shortness of breath on exertion",Insufficient iron leading to reduced hemoglobin production,Medical evaluation should identify the cause; iron treatment should follow professional advice,"Seek urgent care for fainting, severe breathlessness, chest pain, or rapid worsening",Synthetic educational record,Educational information only; not a diagnosis or a substitute for professional medical care.
123,Blood,Iron Deficiency Anemia,What should I do if I think I have Iron Deficiency Anemia?,"Consider contacting a healthcare professional for assessment, especially if symptoms are new, severe, persistent, or worsening. General supportive steps may include Medical evaluation should identify the cause; iron treatment should follow professional advice.","fatigue, weakness, pale skin, dizziness, shortness of breath on exertion",Insufficient iron leading to reduced hemoglobin production,Medical evaluation should identify the cause; iron treatment should follow professional advice,"Seek urgent care for fainting, severe breathlessness, chest pain, or rapid worsening",Synthetic educational record,Educational information only; not a diagnosis or a substitute for professional medical care.
124,Blood,Iron Deficiency Anemia,How can I reduce the risk of Iron Deficiency Anemia?,"Risk reduction depends on the condition. General measures may include healthy habits, appropriate vaccination where relevant, hygiene, avoiding known triggers, and following professional advice.","fatigue, weakness, pale skin, dizziness, shortness of breath on exertion",Insufficient iron leading to reduced hemoglobin production,Medical evaluation should identify the cause; iron treatment should follow professional advice,"Seek urgent care for fainting, severe breathlessness, chest pain, or rapid worsening",Synthetic educational record,Educational information only; not a diagnosis or a substitute for professional medical care.
125,Blood,Iron Deficiency Anemia,When should I see a doctor for Iron Deficiency Anemia?,"Medical assessment is especially important when symptoms are severe, persistent, worsening, or associated with warning signs. For this condition, important warning signs include: Seek urgent care for fainting, severe breathlessness, chest pain, or rapid worsening.","fatigue, weakness, pale skin, dizziness, shortness of breath on exertion",Insufficient iron leading to reduced hemoglobin production,Medical evaluation should identify the cause; iron treatment should follow professional advice,"Seek urgent care for fainting, severe breathlessness, chest pain, or rapid worsening",Synthetic educational record,Educational information only; not a diagnosis or a substitute for professional medical care.
126,Blood,Iron Deficiency Anemia,Is Iron Deficiency Anemia always serious?,"Not necessarily. Severity varies widely. The safest approach is to consider the person's symptoms, age, medical history, and warning signs and seek professional assessment when needed.","fatigue, weakness, pale skin, dizziness, shortness of breath on exertion",Insufficient iron leading to reduced hemoglobin production,Medical evaluation should identify the cause; iron treatment should follow professional advice,"Seek urgent care for fainting, severe breathlessness, chest pain, or rapid worsening",Synthetic educational record,Educational information only; not a diagnosis or a substitute for professional medical care.
127,Blood,Iron Deficiency Anemia,Can Iron Deficiency Anemia be prevented?,"Some cases or complications may be preventable, while others are not fully preventable. Helpful measures can include Medical evaluation should identify the cause; iron treatment should follow professional advice and addressing known risk factors.","fatigue, weakness, pale skin, dizziness, shortness of breath on exertion",Insufficient iron leading to reduced hemoglobin production,Medical evaluation should identify the cause; iron treatment should follow professional advice,"Seek urgent care for fainting, severe breathlessness, chest pain, or rapid worsening",Synthetic educational record,Educational information only; not a diagnosis or a substitute for professional medical care.
128,Blood,Iron Deficiency Anemia,What lifestyle habits may help with Iron Deficiency Anemia?,"Helpful general habits may include adequate sleep, balanced nutrition, appropriate physical activity, hydration, avoiding tobacco, and following individualized medical advice.","fatigue, weakness, pale skin, dizziness, shortness of breath on exertion",Insufficient iron leading to reduced hemoglobin production,Medical evaluation should identify the cause; iron treatment should follow professional advice,"Seek urgent care for fainting, severe breathlessness, chest pain, or rapid worsening",Synthetic educational record,Educational information only; not a diagnosis or a substitute for professional medical care.
129,Endocrine,Hypothyroidism,What are the common symptoms of Hypothyroidism?,"Common symptoms can include fatigue, feeling cold, dry skin, constipation, weight changes. Symptoms vary between people, so they should not be used alone to confirm a diagnosis.","fatigue, feeling cold, dry skin, constipation, weight changes",Low thyroid hormone activity,Blood testing and clinician-directed treatment are used,"Seek urgent care for severe drowsiness, confusion, breathing difficulty, or very low body temperature",Synthetic educational record,Educational information only; not a diagnosis or a substitute for professional medical care.
130,Endocrine,Hypothyroidism,What can cause Hypothyroidism?,A common underlying explanation is Low thyroid hormone activity. A healthcare professional can assess the individual situation and rule out other causes.,"fatigue, feeling cold, dry skin, constipation, weight changes",Low thyroid hormone activity,Blood testing and clinician-directed treatment are used,"Seek urgent care for severe drowsiness, confusion, breathing difficulty, or very low body temperature",Synthetic educational record,Educational information only; not a diagnosis or a substitute for professional medical care.
131,Endocrine,Hypothyroidism,What should I do if I think I have Hypothyroidism?,"Consider contacting a healthcare professional for assessment, especially if symptoms are new, severe, persistent, or worsening. General supportive steps may include Blood testing and clinician-directed treatment are used.","fatigue, feeling cold, dry skin, constipation, weight changes",Low thyroid hormone activity,Blood testing and clinician-directed treatment are used,"Seek urgent care for severe drowsiness, confusion, breathing difficulty, or very low body temperature",Synthetic educational record,Educational information only; not a diagnosis or a substitute for professional medical care.
132,Endocrine,Hypothyroidism,How can I reduce the risk of Hypothyroidism?,"Risk reduction depends on the condition. General measures may include healthy habits, appropriate vaccination where relevant, hygiene, avoiding known triggers, and following professional advice.","fatigue, feeling cold, dry skin, constipation, weight changes",Low thyroid hormone activity,Blood testing and clinician-directed treatment are used,"Seek urgent care for severe drowsiness, confusion, breathing difficulty, or very low body temperature",Synthetic educational record,Educational information only; not a diagnosis or a substitute for professional medical care.
133,Endocrine,Hypothyroidism,When should I see a doctor for Hypothyroidism?,"Medical assessment is especially important when symptoms are severe, persistent, worsening, or associated with warning signs. For this condition, important warning signs include: Seek urgent care for severe drowsiness, confusion, breathing difficulty, or very low body temperature.","fatigue, feeling cold, dry skin, constipation, weight changes",Low thyroid hormone activity,Blood testing and clinician-directed treatment are used,"Seek urgent care for severe drowsiness, confusion, breathing difficulty, or very low body temperature",Synthetic educational record,Educational information only; not a diagnosis or a substitute for professional medical care.
134,Endocrine,Hypothyroidism,Is Hypothyroidism always serious?,"Not necessarily. Severity varies widely. The safest approach is to consider the person's symptoms, age, medical history, and warning signs and seek professional assessment when needed.","fatigue, feeling cold, dry skin, constipation, weight changes",Low thyroid hormone activity,Blood testing and clinician-directed treatment are used,"Seek urgent care for severe drowsiness, confusion, breathing difficulty, or very low body temperature",Synthetic educational record,Educational information only; not a diagnosis or a substitute for professional medical care.
135,Endocrine,Hypothyroidism,Can Hypothyroidism be prevented?,"Some cases or complications may be preventable, while others are not fully preventable. Helpful measures can include Blood testing and clinician-directed treatment are used and addressing known risk factors.","fatigue, feeling cold, dry skin, constipation, weight changes",Low thyroid hormone activity,Blood testing and clinician-directed treatment are used,"Seek urgent care for severe drowsiness, confusion, breathing difficulty, or very low body temperature",Synthetic educational record,Educational information only; not a diagnosis or a substitute for professional medical care.
136,Endocrine,Hypothyroidism,What lifestyle habits may help with Hypothyroidism?,"Helpful general habits may include adequate sleep, balanced nutrition, appropriate physical activity, hydration, avoiding tobacco, and following individualized medical advice.","fatigue, feeling cold, dry skin, constipation, weight changes",Low thyroid hormone activity,Blood testing and clinician-directed treatment are used,"Seek urgent care for severe drowsiness, confusion, breathing difficulty, or very low body temperature",Synthetic educational record,Educational information only; not a diagnosis or a substitute for professional medical care.
137,Eye,Conjunctivitis,What are the common symptoms of Conjunctivitis?,"Common symptoms can include red eye, discharge, irritation, watery eyes. Symptoms vary between people, so they should not be used alone to confirm a diagnosis.","red eye, discharge, irritation, watery eyes",Inflammation/infection of the conjunctiva,Hand hygiene and avoiding eye rubbing help; evaluation may be needed,"Seek urgent care for severe eye pain, vision changes, light sensitivity, or eye injury",Synthetic educational record,Educational information only; not a diagnosis or a substitute for professional medical care.
138,Eye,Conjunctivitis,What can cause Conjunctivitis?,A common underlying explanation is Inflammation/infection of the conjunctiva. A healthcare professional can assess the individual situation and rule out other causes.,"red eye, discharge, irritation, watery eyes",Inflammation/infection of the conjunctiva,Hand hygiene and avoiding eye rubbing help; evaluation may be needed,"Seek urgent care for severe eye pain, vision changes, light sensitivity, or eye injury",Synthetic educational record,Educational information only; not a diagnosis or a substitute for professional medical care.
139,Eye,Conjunctivitis,What should I do if I think I have Conjunctivitis?,"Consider contacting a healthcare professional for assessment, especially if symptoms are new, severe, persistent, or worsening. General supportive steps may include Hand hygiene and avoiding eye rubbing help; evaluation may be needed.","red eye, discharge, irritation, watery eyes",Inflammation/infection of the conjunctiva,Hand hygiene and avoiding eye rubbing help; evaluation may be needed,"Seek urgent care for severe eye pain, vision changes, light sensitivity, or eye injury",Synthetic educational record,Educational information only; not a diagnosis or a substitute for professional medical care.
140,Eye,Conjunctivitis,How can I reduce the risk of Conjunctivitis?,"Risk reduction depends on the condition. General measures may include healthy habits, appropriate vaccination where relevant, hygiene, avoiding known triggers, and following professional advice.","red eye, discharge, irritation, watery eyes",Inflammation/infection of the conjunctiva,Hand hygiene and avoiding eye rubbing help; evaluation may be needed,"Seek urgent care for severe eye pain, vision changes, light sensitivity, or eye injury",Synthetic educational record,Educational information only; not a diagnosis or a substitute for professional medical care.
141,Eye,Conjunctivitis,When should I see a doctor for Conjunctivitis?,"Medical assessment is especially important when symptoms are severe, persistent, worsening, or associated with warning signs. For this condition, important warning signs include: Seek urgent care for severe eye pain, vision changes, light sensitivity, or eye injury.","red eye, discharge, irritation, watery eyes",Inflammation/infection of the conjunctiva,Hand hygiene and avoiding eye rubbing help; evaluation may be needed,"Seek urgent care for severe eye pain, vision changes, light sensitivity, or eye injury",Synthetic educational record,Educational information only; not a diagnosis or a substitute for professional medical care.
142,Eye,Conjunctivitis,Is Conjunctivitis always serious?,"Not necessarily. Severity varies widely. The safest approach is to consider the person's symptoms, age, medical history, and warning signs and seek professional assessment when needed.","red eye, discharge, irritation, watery eyes",Inflammation/infection of the conjunctiva,Hand hygiene and avoiding eye rubbing help; evaluation may be needed,"Seek urgent care for severe eye pain, vision changes, light sensitivity, or eye injury",Synthetic educational record,Educational information only; not a diagnosis or a substitute for professional medical care.
143,Eye,Conjunctivitis,Can Conjunctivitis be prevented?,"Some cases or complications may be preventable, while others are not fully preventable. Helpful measures can include Hand hygiene and avoiding eye rubbing help; evaluation may be needed and addressing known risk factors.","red eye, discharge, irritation, watery eyes",Inflammation/infection of the conjunctiva,Hand hygiene and avoiding eye rubbing help; evaluation may be needed,"Seek urgent care for severe eye pain, vision changes, light sensitivity, or eye injury",Synthetic educational record,Educational information only; not a diagnosis or a substitute for professional medical care.
144,Eye,Conjunctivitis,What lifestyle habits may help with Conjunctivitis?,"Helpful general habits may include adequate sleep, balanced nutrition, appropriate physical activity, hydration, avoiding tobacco, and following individualized medical advice.","red eye, discharge, irritation, watery eyes",Inflammation/infection of the conjunctiva,Hand hygiene and avoiding eye rubbing help; evaluation may be needed,"Seek urgent care for severe eye pain, vision changes, light sensitivity, or eye injury",Synthetic educational record,Educational information only; not a diagnosis or a substitute for professional medical care.
145,Skin,Dermatitis,What are the common symptoms of Dermatitis?,"Common symptoms can include itchy, dry, red, irritated skin. Symptoms vary between people, so they should not be used alone to confirm a diagnosis.","itchy, dry, red, irritated skin","Skin inflammation from irritants, allergens, or other causes",Avoid suspected irritants and use gentle skin care,"Seek care for rapidly spreading redness, severe pain, fever, or facial swelling",Synthetic educational record,Educational information only; not a diagnosis or a substitute for professional medical care.
146,Skin,Dermatitis,What can cause Dermatitis?,"A common underlying explanation is Skin inflammation from irritants, allergens, or other causes. A healthcare professional can assess the individual situation and rule out other causes.","itchy, dry, red, irritated skin","Skin inflammation from irritants, allergens, or other causes",Avoid suspected irritants and use gentle skin care,"Seek care for rapidly spreading redness, severe pain, fever, or facial swelling",Synthetic educational record,Educational information only; not a diagnosis or a substitute for professional medical care.
147,Skin,Dermatitis,What should I do if I think I have Dermatitis?,"Consider contacting a healthcare professional for assessment, especially if symptoms are new, severe, persistent, or worsening. General supportive steps may include Avoid suspected irritants and use gentle skin care.","itchy, dry, red, irritated skin","Skin inflammation from irritants, allergens, or other causes",Avoid suspected irritants and use gentle skin care,"Seek care for rapidly spreading redness, severe pain, fever, or facial swelling",Synthetic educational record,Educational information only; not a diagnosis or a substitute for professional medical care.
148,Skin,Dermatitis,How can I reduce the risk of Dermatitis?,"Risk reduction depends on the condition. General measures may include healthy habits, appropriate vaccination where relevant, hygiene, avoiding known triggers, and following professional advice.","itchy, dry, red, irritated skin","Skin inflammation from irritants, allergens, or other causes",Avoid suspected irritants and use gentle skin care,"Seek care for rapidly spreading redness, severe pain, fever, or facial swelling",Synthetic educational record,Educational information only; not a diagnosis or a substitute for professional medical care.
149,Skin,Dermatitis,When should I see a doctor for Dermatitis?,"Medical assessment is especially important when symptoms are severe, persistent, worsening, or associated with warning signs. For this condition, important warning signs include: Seek care for rapidly spreading redness, severe pain, fever, or facial swelling.","itchy, dry, red, irritated skin","Skin inflammation from irritants, allergens, or other causes",Avoid suspected irritants and use gentle skin care,"Seek care for rapidly spreading redness, severe pain, fever, or facial swelling",Synthetic educational record,Educational information only; not a diagnosis or a substitute for professional medical care.
150,Skin,Dermatitis,Is Dermatitis always serious?,"Not necessarily. Severity varies widely. The safest approach is to consider the person's symptoms, age, medical history, and warning signs and seek professional assessment when needed.","itchy, dry, red, irritated skin","Skin inflammation from irritants, allergens, or other causes",Avoid suspected irritants and use gentle skin care,"Seek care for rapidly spreading redness, severe pain, fever, or facial swelling",Synthetic educational record,Educational information only; not a diagnosis or a substitute for professional medical care.
151,Skin,Dermatitis,Can Dermatitis be prevented?,"Some cases or complications may be preventable, while others are not fully preventable. Helpful measures can include Avoid suspected irritants and use gentle skin care and addressing known risk factors.","itchy, dry, red, irritated skin","Skin inflammation from irritants, allergens, or other causes",Avoid suspected irritants and use gentle skin care,"Seek care for rapidly spreading redness, severe pain, fever, or facial swelling",Synthetic educational record,Educational information only; not a diagnosis or a substitute for professional medical care.
152,Skin,Dermatitis,What lifestyle habits may help with Dermatitis?,"Helpful general habits may include adequate sleep, balanced nutrition, appropriate physical activity, hydration, avoiding tobacco, and following individualized medical advice.","itchy, dry, red, irritated skin","Skin inflammation from irritants, allergens, or other causes",Avoid suspected irritants and use gentle skin care,"Seek care for rapidly spreading redness, severe pain, fever, or facial swelling",Synthetic educational record,Educational information only; not a diagnosis or a substitute for professional medical care.
153,Mental Health,Depression,What are the common symptoms of Depression?,"Common symptoms can include persistent low mood, loss of interest, sleep/appetite changes, low energy. Symptoms vary between people, so they should not be used alone to confirm a diagnosis.","persistent low mood, loss of interest, sleep/appetite changes, low energy",Mental health condition involving persistent mood symptoms,"Professional assessment, supportive routines, therapy, and treatment when appropriate","If there is immediate danger or thoughts of self-harm, seek emergency professional help immediately",Synthetic educational record,Educational information only; not a diagnosis or a substitute for professional medical care.
154,Mental Health,Depression,What can cause Depression?,A common underlying explanation is Mental health condition involving persistent mood symptoms. A healthcare professional can assess the individual situation and rule out other causes.,"persistent low mood, loss of interest, sleep/appetite changes, low energy",Mental health condition involving persistent mood symptoms,"Professional assessment, supportive routines, therapy, and treatment when appropriate","If there is immediate danger or thoughts of self-harm, seek emergency professional help immediately",Synthetic educational record,Educational information only; not a diagnosis or a substitute for professional medical care.
155,Mental Health,Depression,What should I do if I think I have Depression?,"Consider contacting a healthcare professional for assessment, especially if symptoms are new, severe, persistent, or worsening. General supportive steps may include Professional assessment, supportive routines, therapy, and treatment when appropriate.","persistent low mood, loss of interest, sleep/appetite changes, low energy",Mental health condition involving persistent mood symptoms,"Professional assessment, supportive routines, therapy, and treatment when appropriate","If there is immediate danger or thoughts of self-harm, seek emergency professional help immediately",Synthetic educational record,Educational information only; not a diagnosis or a substitute for professional medical care.
156,Mental Health,Depression,How can I reduce the risk of Depression?,"Risk reduction depends on the condition. General measures may include healthy habits, appropriate vaccination where relevant, hygiene, avoiding known triggers, and following professional advice.","persistent low mood, loss of interest, sleep/appetite changes, low energy",Mental health condition involving persistent mood symptoms,"Professional assessment, supportive routines, therapy, and treatment when appropriate","If there is immediate danger or thoughts of self-harm, seek emergency professional help immediately",Synthetic educational record,Educational information only; not a diagnosis or a substitute for professional medical care.
157,Mental Health,Depression,When should I see a doctor for Depression?,"Medical assessment is especially important when symptoms are severe, persistent, worsening, or associated with warning signs. For this condition, important warning signs include: If there is immediate danger or thoughts of self-harm, seek emergency professional help immediately.","persistent low mood, loss of interest, sleep/appetite changes, low energy",Mental health condition involving persistent mood symptoms,"Professional assessment, supportive routines, therapy, and treatment when appropriate","If there is immediate danger or thoughts of self-harm, seek emergency professional help immediately",Synthetic educational record,Educational information only; not a diagnosis or a substitute for professional medical care.
158,Mental Health,Depression,Is Depression always serious?,"Not necessarily. Severity varies widely. The safest approach is to consider the person's symptoms, age, medical history, and warning signs and seek professional assessment when needed.","persistent low mood, loss of interest, sleep/appetite changes, low energy",Mental health condition involving persistent mood symptoms,"Professional assessment, supportive routines, therapy, and treatment when appropriate","If there is immediate danger or thoughts of self-harm, seek emergency professional help immediately",Synthetic educational record,Educational information only; not a diagnosis or a substitute for professional medical care.
159,Mental Health,Depression,Can Depression be prevented?,"Some cases or complications may be preventable, while others are not fully preventable. Helpful measures can include Professional assessment, supportive routines, therapy, and treatment when appropriate and addressing known risk factors.","persistent low mood, loss of interest, sleep/appetite changes, low energy",Mental health condition involving persistent mood symptoms,"Professional assessment, supportive routines, therapy, and treatment when appropriate","If there is immediate danger or thoughts of self-harm, seek emergency professional help immediately",Synthetic educational record,Educational information only; not a diagnosis or a substitute for professional medical care.
160,Mental Health,Depression,What lifestyle habits may help with Depression?,"Helpful general habits may include adequate sleep, balanced nutrition, appropriate physical activity, hydration, avoiding tobacco, and following individualized medical advice.","persistent low mood, loss of interest, sleep/appetite changes, low energy",Mental health condition involving persistent mood symptoms,"Professional assessment, supportive routines, therapy, and treatment when appropriate","If there is immediate danger or thoughts of self-harm, seek emergency professional help immediately",Synthetic educational record,Educational information only; not a diagnosis or a substitute for professional medical care.
161,Respiratory,Common Cold,I have cough. Could it be related to Common Cold?,"Cough can occur with Common Cold, but it is not specific to it. Other symptoms may include runny nose, sneezing, sore throat. A symptom alone cannot confirm a diagnosis.","cough, runny nose, sneezing, sore throat",Viral upper-respiratory infection,"Rest, fluids, and symptom relief may help","Seek care for breathing difficulty, severe symptoms, or symptoms that persist/worsen",Synthetic educational record,Educational information only; not a diagnosis or a substitute for professional medical care.
162,Respiratory,Common Cold,I have runny nose. Could it be related to Common Cold?,"Runny nose can occur with Common Cold, but it is not specific to it. Other symptoms may include cough, sneezing, sore throat. A symptom alone cannot confirm a diagnosis.","cough, runny nose, sneezing, sore throat",Viral upper-respiratory infection,"Rest, fluids, and symptom relief may help","Seek care for breathing difficulty, severe symptoms, or symptoms that persist/worsen",Synthetic educational record,Educational information only; not a diagnosis or a substitute for professional medical care.
163,Respiratory,Common Cold,I have sneezing. Could it be related to Common Cold?,"Sneezing can occur with Common Cold, but it is not specific to it. Other symptoms may include cough, runny nose, sore throat. A symptom alone cannot confirm a diagnosis.","cough, runny nose, sneezing, sore throat",Viral upper-respiratory infection,"Rest, fluids, and symptom relief may help","Seek care for breathing difficulty, severe symptoms, or symptoms that persist/worsen",Synthetic educational record,Educational information only; not a diagnosis or a substitute for professional medical care.
164,Respiratory,Common Cold,I have sore throat. Could it be related to Common Cold?,"Sore throat can occur with Common Cold, but it is not specific to it. Other symptoms may include cough, runny nose, sneezing. A symptom alone cannot confirm a diagnosis.","cough, runny nose, sneezing, sore throat",Viral upper-respiratory infection,"Rest, fluids, and symptom relief may help","Seek care for breathing difficulty, severe symptoms, or symptoms that persist/worsen",Synthetic educational record,Educational information only; not a diagnosis or a substitute for professional medical care.
165,Respiratory,Influenza,I have fever. Could it be related to Influenza?,"Fever can occur with Influenza, but it is not specific to it. Other symptoms may include chills, cough, body aches, fatigue. A symptom alone cannot confirm a diagnosis.","fever, chills, cough, body aches, fatigue",Influenza virus infection,"Rest, fluids, and medical advice when appropriate","Seek urgent care for breathing difficulty, chest pain, confusion, or severe dehydration",Synthetic educational record,Educational information only; not a diagnosis or a substitute for professional medical care.
166,Respiratory,Influenza,I have chills. Could it be related to Influenza?,"Chills can occur with Influenza, but it is not specific to it. Other symptoms may include fever, cough, body aches, fatigue. A symptom alone cannot confirm a diagnosis.","fever, chills, cough, body aches, fatigue",Influenza virus infection,"Rest, fluids, and medical advice when appropriate","Seek urgent care for breathing difficulty, chest pain, confusion, or severe dehydration",Synthetic educational record,Educational information only; not a diagnosis or a substitute for professional medical care.
167,Respiratory,Influenza,I have cough. Could it be related to Influenza?,"Cough can occur with Influenza, but it is not specific to it. Other symptoms may include fever, chills, body aches, fatigue. A symptom alone cannot confirm a diagnosis.","fever, chills, cough, body aches, fatigue",Influenza virus infection,"Rest, fluids, and medical advice when appropriate","Seek urgent care for breathing difficulty, chest pain, confusion, or severe dehydration",Synthetic educational record,Educational information only; not a diagnosis or a substitute for professional medical care.
168,Respiratory,Influenza,I have body aches. Could it be related to Influenza?,"Body aches can occur with Influenza, but it is not specific to it. Other symptoms may include fever, chills, cough, fatigue. A symptom alone cannot confirm a diagnosis.","fever, chills, cough, body aches, fatigue",Influenza virus infection,"Rest, fluids, and medical advice when appropriate","Seek urgent care for breathing difficulty, chest pain, confusion, or severe dehydration",Synthetic educational record,Educational information only; not a diagnosis or a substitute for professional medical care.
169,Respiratory,Influenza,I have fatigue. Could it be related to Influenza?,"Fatigue can occur with Influenza, but it is not specific to it. Other symptoms may include fever, chills, cough, body aches. A symptom alone cannot confirm a diagnosis.","fever, chills, cough, body aches, fatigue",Influenza virus infection,"Rest, fluids, and medical advice when appropriate","Seek urgent care for breathing difficulty, chest pain, confusion, or severe dehydration",Synthetic educational record,Educational information only; not a diagnosis or a substitute for professional medical care.
170,Infectious,Dengue,I have fever. Could it be related to Dengue?,"Fever can occur with Dengue, but it is not specific to it. Other symptoms may include headache, body aches, nausea, rash. A symptom alone cannot confirm a diagnosis.","fever, headache, body aches, nausea, rash",Dengue virus spread by mosquitoes,Hydration and prompt medical evaluation are important,"Seek urgent care for bleeding, severe abdominal pain, persistent vomiting, breathing difficulty, or extreme weakness",Synthetic educational record,Educational information only; not a diagnosis or a substitute for professional medical care.
171,Infectious,Dengue,I have headache. Could it be related to Dengue?,"Headache can occur with Dengue, but it is not specific to it. Other symptoms may include fever, body aches, nausea, rash. A symptom alone cannot confirm a diagnosis.","fever, headache, body aches, nausea, rash",Dengue virus spread by mosquitoes,Hydration and prompt medical evaluation are important,"Seek urgent care for bleeding, severe abdominal pain, persistent vomiting, breathing difficulty, or extreme weakness",Synthetic educational record,Educational information only; not a diagnosis or a substitute for professional medical care.
172,Infectious,Dengue,I have body aches. Could it be related to Dengue?,"Body aches can occur with Dengue, but it is not specific to it. Other symptoms may include fever, headache, nausea, rash. A symptom alone cannot confirm a diagnosis.","fever, headache, body aches, nausea, rash",Dengue virus spread by mosquitoes,Hydration and prompt medical evaluation are important,"Seek urgent care for bleeding, severe abdominal pain, persistent vomiting, breathing difficulty, or extreme weakness",Synthetic educational record,Educational information only; not a diagnosis or a substitute for professional medical care.
173,Infectious,Dengue,I have nausea. Could it be related to Dengue?,"Nausea can occur with Dengue, but it is not specific to it. Other symptoms may include fever, headache, body aches, rash. A symptom alone cannot confirm a diagnosis.","fever, headache, body aches, nausea, rash",Dengue virus spread by mosquitoes,Hydration and prompt medical evaluation are important,"Seek urgent care for bleeding, severe abdominal pain, persistent vomiting, breathing difficulty, or extreme weakness",Synthetic educational record,Educational information only; not a diagnosis or a substitute for professional medical care.
174,Infectious,Dengue,I have rash. Could it be related to Dengue?,"Rash can occur with Dengue, but it is not specific to it. Other symptoms may include fever, headache, body aches, nausea. A symptom alone cannot confirm a diagnosis.","fever, headache, body aches, nausea, rash",Dengue virus spread by mosquitoes,Hydration and prompt medical evaluation are important,"Seek urgent care for bleeding, severe abdominal pain, persistent vomiting, breathing difficulty, or extreme weakness",Synthetic educational record,Educational information only; not a diagnosis or a substitute for professional medical care.
175,Infectious,Malaria,I have fever. Could it be related to Malaria?,"Fever can occur with Malaria, but it is not specific to it. Other symptoms may include chills, sweating, headache, weakness. A symptom alone cannot confirm a diagnosis.","fever, chills, sweating, headache, weakness",Plasmodium parasites transmitted by infected mosquitoes,Prompt testing and clinician-directed treatment are important,"Seek urgent care for confusion, seizures, breathing difficulty, collapse, or severe weakness",Synthetic educational record,Educational information only; not a diagnosis or a substitute for professional medical care.
176,Infectious,Malaria,I have chills. Could it be related to Malaria?,"Chills can occur with Malaria, but it is not specific to it. Other symptoms may include fever, sweating, headache, weakness. A symptom alone cannot confirm a diagnosis.","fever, chills, sweating, headache, weakness",Plasmodium parasites transmitted by infected mosquitoes,Prompt testing and clinician-directed treatment are important,"Seek urgent care for confusion, seizures, breathing difficulty, collapse, or severe weakness",Synthetic educational record,Educational information only; not a diagnosis or a substitute for professional medical care.
177,Infectious,Malaria,I have sweating. Could it be related to Malaria?,"Sweating can occur with Malaria, but it is not specific to it. Other symptoms may include fever, chills, headache, weakness. A symptom alone cannot confirm a diagnosis.","fever, chills, sweating, headache, weakness",Plasmodium parasites transmitted by infected mosquitoes,Prompt testing and clinician-directed treatment are important,"Seek urgent care for confusion, seizures, breathing difficulty, collapse, or severe weakness",Synthetic educational record,Educational information only; not a diagnosis or a substitute for professional medical care.
178,Infectious,Malaria,I have headache. Could it be related to Malaria?,"Headache can occur with Malaria, but it is not specific to it. Other symptoms may include fever, chills, sweating, weakness. A symptom alone cannot confirm a diagnosis.","fever, chills, sweating, headache, weakness",Plasmodium parasites transmitted by infected mosquitoes,Prompt testing and clinician-directed treatment are important,"Seek urgent care for confusion, seizures, breathing difficulty, collapse, or severe weakness",Synthetic educational record,Educational information only; not a diagnosis or a substitute for professional medical care.
179,Infectious,Malaria,I have weakness. Could it be related to Malaria?,"Weakness can occur with Malaria, but it is not specific to it. Other symptoms may include fever, chills, sweating, headache. A symptom alone cannot confirm a diagnosis.","fever, chills, sweating, headache, weakness",Plasmodium parasites transmitted by infected mosquitoes,Prompt testing and clinician-directed treatment are important,"Seek urgent care for confusion, seizures, breathing difficulty, collapse, or severe weakness",Synthetic educational record,Educational information only; not a diagnosis or a substitute for professional medical care.
180,Infectious,Typhoid Fever,I have fever. Could it be related to Typhoid Fever?,"Fever can occur with Typhoid Fever, but it is not specific to it. Other symptoms may include headache, weakness, abdominal discomfort, diarrhea or constipation. A symptom alone cannot confirm a diagnosis.","fever, headache, weakness, abdominal discomfort, diarrhea or constipation",Salmonella Typhi infection,Medical testing and clinician-directed antibiotics when indicated,"Seek care for persistent high fever, severe abdominal pain, confusion, or dehydration",Synthetic educational record,Educational information only; not a diagnosis or a substitute for professional medical care.
181,Infectious,Typhoid Fever,I have headache. Could it be related to Typhoid Fever?,"Headache can occur with Typhoid Fever, but it is not specific to it. Other symptoms may include fever, weakness, abdominal discomfort, diarrhea or constipation. A symptom alone cannot confirm a diagnosis.","fever, headache, weakness, abdominal discomfort, diarrhea or constipation",Salmonella Typhi infection,Medical testing and clinician-directed antibiotics when indicated,"Seek care for persistent high fever, severe abdominal pain, confusion, or dehydration",Synthetic educational record,Educational information only; not a diagnosis or a substitute for professional medical care.
182,Infectious,Typhoid Fever,I have weakness. Could it be related to Typhoid Fever?,"Weakness can occur with Typhoid Fever, but it is not specific to it. Other symptoms may include fever, headache, abdominal discomfort, diarrhea or constipation. A symptom alone cannot confirm a diagnosis.","fever, headache, weakness, abdominal discomfort, diarrhea or constipation",Salmonella Typhi infection,Medical testing and clinician-directed antibiotics when indicated,"Seek care for persistent high fever, severe abdominal pain, confusion, or dehydration",Synthetic educational record,Educational information only; not a diagnosis or a substitute for professional medical care.
183,Infectious,Typhoid Fever,I have abdominal discomfort. Could it be related to Typhoid Fever?,"Abdominal discomfort can occur with Typhoid Fever, but it is not specific to it. Other symptoms may include fever, headache, weakness, diarrhea or constipation. A symptom alone cannot confirm a diagnosis.","fever, headache, weakness, abdominal discomfort, diarrhea or constipation",Salmonella Typhi infection,Medical testing and clinician-directed antibiotics when indicated,"Seek care for persistent high fever, severe abdominal pain, confusion, or dehydration",Synthetic educational record,Educational information only; not a diagnosis or a substitute for professional medical care.
184,Infectious,Typhoid Fever,I have diarrhea or constipation. Could it be related to Typhoid Fever?,"Diarrhea or constipation can occur with Typhoid Fever, but it is not specific to it. Other symptoms may include fever, headache, weakness, abdominal discomfort. A symptom alone cannot confirm a diagnosis.","fever, headache, weakness, abdominal discomfort, diarrhea or constipation",Salmonella Typhi infection,Medical testing and clinician-directed antibiotics when indicated,"Seek care for persistent high fever, severe abdominal pain, confusion, or dehydration",Synthetic educational record,Educational information only; not a diagnosis or a substitute for professional medical care.
185,Respiratory,COVID-19,I have fever. Could it be related to COVID-19?,"Fever can occur with COVID-19, but it is not specific to it. Other symptoms may include cough, sore throat, fatigue, loss of taste or smell. A symptom alone cannot confirm a diagnosis.","fever, cough, sore throat, fatigue, loss of taste or smell",SARS-CoV-2 infection,"Rest, fluids, monitoring, and medical advice based on risk","Seek urgent care for trouble breathing, persistent chest pain, new confusion, or inability to stay awake",Synthetic educational record,Educational information only; not a diagnosis or a substitute for professional medical care.
186,Respiratory,COVID-19,I have cough. Could it be related to COVID-19?,"Cough can occur with COVID-19, but it is not specific to it. Other symptoms may include fever, sore throat, fatigue, loss of taste or smell. A symptom alone cannot confirm a diagnosis.","fever, cough, sore throat, fatigue, loss of taste or smell",SARS-CoV-2 infection,"Rest, fluids, monitoring, and medical advice based on risk","Seek urgent care for trouble breathing, persistent chest pain, new confusion, or inability to stay awake",Synthetic educational record,Educational information only; not a diagnosis or a substitute for professional medical care.
187,Respiratory,COVID-19,I have sore throat. Could it be related to COVID-19?,"Sore throat can occur with COVID-19, but it is not specific to it. Other symptoms may include fever, cough, fatigue, loss of taste or smell. A symptom alone cannot confirm a diagnosis.","fever, cough, sore throat, fatigue, loss of taste or smell",SARS-CoV-2 infection,"Rest, fluids, monitoring, and medical advice based on risk","Seek urgent care for trouble breathing, persistent chest pain, new confusion, or inability to stay awake",Synthetic educational record,Educational information only; not a diagnosis or a substitute for professional medical care.
188,Respiratory,COVID-19,I have fatigue. Could it be related to COVID-19?,"Fatigue can occur with COVID-19, but it is not specific to it. Other symptoms may include fever, cough, sore throat, loss of taste or smell. A symptom alone cannot confirm a diagnosis.","fever, cough, sore throat, fatigue, loss of taste or smell",SARS-CoV-2 infection,"Rest, fluids, monitoring, and medical advice based on risk","Seek urgent care for trouble breathing, persistent chest pain, new confusion, or inability to stay awake",Synthetic educational record,Educational information only; not a diagnosis or a substitute for professional medical care.
189,Respiratory,COVID-19,I have loss of taste or smell. Could it be related to COVID-19?,"Loss of taste or smell can occur with COVID-19, but it is not specific to it. Other symptoms may include fever, cough, sore throat, fatigue. A symptom alone cannot confirm a diagnosis.","fever, cough, sore throat, fatigue, loss of taste or smell",SARS-CoV-2 infection,"Rest, fluids, monitoring, and medical advice based on risk","Seek urgent care for trouble breathing, persistent chest pain, new confusion, or inability to stay awake",Synthetic educational record,Educational information only; not a diagnosis or a substitute for professional medical care.
190,Respiratory,Asthma,I have wheezing. Could it be related to Asthma?,"Wheezing can occur with Asthma, but it is not specific to it. Other symptoms may include cough, chest tightness, shortness of breath. A symptom alone cannot confirm a diagnosis.","wheezing, cough, chest tightness, shortness of breath",Airway inflammation and narrowing,Follow the person's prescribed asthma action plan and avoid known triggers,Emergency care is needed for severe breathing difficulty or poor response to prescribed rescue treatment,Synthetic educational record,Educational information only; not a diagnosis or a substitute for professional medical care.
191,Respiratory,Asthma,I have cough. Could it be related to Asthma?,"Cough can occur with Asthma, but it is not specific to it. Other symptoms may include wheezing, chest tightness, shortness of breath. A symptom alone cannot confirm a diagnosis.","wheezing, cough, chest tightness, shortness of breath",Airway inflammation and narrowing,Follow the person's prescribed asthma action plan and avoid known triggers,Emergency care is needed for severe breathing difficulty or poor response to prescribed rescue treatment,Synthetic educational record,Educational information only; not a diagnosis or a substitute for professional medical care.
192,Respiratory,Asthma,I have chest tightness. Could it be related to Asthma?,"Chest tightness can occur with Asthma, but it is not specific to it. Other symptoms may include wheezing, cough, shortness of breath. A symptom alone cannot confirm a diagnosis.","wheezing, cough, chest tightness, shortness of breath",Airway inflammation and narrowing,Follow the person's prescribed asthma action plan and avoid known triggers,Emergency care is needed for severe breathing difficulty or poor response to prescribed rescue treatment,Synthetic educational record,Educational information only; not a diagnosis or a substitute for professional medical care.
193,Respiratory,Asthma,I have shortness of breath. Could it be related to Asthma?,"Shortness of breath can occur with Asthma, but it is not specific to it. Other symptoms may include wheezing, cough, chest tightness. A symptom alone cannot confirm a diagnosis.","wheezing, cough, chest tightness, shortness of breath",Airway inflammation and narrowing,Follow the person's prescribed asthma action plan and avoid known triggers,Emergency care is needed for severe breathing difficulty or poor response to prescribed rescue treatment,Synthetic educational record,Educational information only; not a diagnosis or a substitute for professional medical care.
194,Respiratory,Pneumonia,I have cough. Could it be related to Pneumonia?,"Cough can occur with Pneumonia, but it is not specific to it. Other symptoms may include fever, chills, shortness of breath, chest discomfort. A symptom alone cannot confirm a diagnosis.","cough, fever, chills, shortness of breath, chest discomfort",Infection or inflammation of the lungs,Medical assessment is important; treatment depends on the cause,"Seek urgent care for severe breathing difficulty, blue/gray lips, confusion, or severe chest pain",Synthetic educational record,Educational information only; not a diagnosis or a substitute for professional medical care.
195,Respiratory,Pneumonia,I have fever. Could it be related to Pneumonia?,"Fever can occur with Pneumonia, but it is not specific to it. Other symptoms may include cough, chills, shortness of breath, chest discomfort. A symptom alone cannot confirm a diagnosis.","cough, fever, chills, shortness of breath, chest discomfort",Infection or inflammation of the lungs,Medical assessment is important; treatment depends on the cause,"Seek urgent care for severe breathing difficulty, blue/gray lips, confusion, or severe chest pain",Synthetic educational record,Educational information only; not a diagnosis or a substitute for professional medical care.
196,Respiratory,Pneumonia,I have chills. Could it be related to Pneumonia?,"Chills can occur with Pneumonia, but it is not specific to it. Other symptoms may include cough, fever, shortness of breath, chest discomfort. A symptom alone cannot confirm a diagnosis.","cough, fever, chills, shortness of breath, chest discomfort",Infection or inflammation of the lungs,Medical assessment is important; treatment depends on the cause,"Seek urgent care for severe breathing difficulty, blue/gray lips, confusion, or severe chest pain",Synthetic educational record,Educational information only; not a diagnosis or a substitute for professional medical care.
197,Respiratory,Pneumonia,I have shortness of breath. Could it be related to Pneumonia?,"Shortness of breath can occur with Pneumonia, but it is not specific to it. Other symptoms may include cough, fever, chills, chest discomfort. A symptom alone cannot confirm a diagnosis.","cough, fever, chills, shortness of breath, chest discomfort",Infection or inflammation of the lungs,Medical assessment is important; treatment depends on the cause,"Seek urgent care for severe breathing difficulty, blue/gray lips, confusion, or severe chest pain",Synthetic educational record,Educational information only; not a diagnosis or a substitute for professional medical care.
198,Respiratory,Pneumonia,I have chest discomfort. Could it be related to Pneumonia?,"Chest discomfort can occur with Pneumonia, but it is not specific to it. Other symptoms may include cough, fever, chills, shortness of breath. A symptom alone cannot confirm a diagnosis.","cough, fever, chills, shortness of breath, chest discomfort",Infection or inflammation of the lungs,Medical assessment is important; treatment depends on the cause,"Seek urgent care for severe breathing difficulty, blue/gray lips, confusion, or severe chest pain",Synthetic educational record,Educational information only; not a diagnosis or a substitute for professional medical care.
199,Allergy,Allergic Rhinitis,I have sneezing. Could it be related to Allergic Rhinitis?,"Sneezing can occur with Allergic Rhinitis, but it is not specific to it. Other symptoms may include itchy nose, runny nose, nasal congestion. A symptom alone cannot confirm a diagnosis.","sneezing, itchy nose, runny nose, nasal congestion",Allergic reaction to environmental triggers,Avoid triggers and use clinician/pharmacist-advised symptom relief,Seek urgent care if symptoms include facial swelling or breathing difficulty,Synthetic educational record,Educational information only; not a diagnosis or a substitute for professional medical care.
200,Allergy,Allergic Rhinitis,I have itchy nose. Could it be related to Allergic Rhinitis?,"Itchy nose can occur with Allergic Rhinitis, but it is not specific to it. Other symptoms may include sneezing, runny nose, nasal congestion. A symptom alone cannot confirm a diagnosis.","sneezing, itchy nose, runny nose, nasal congestion",Allergic reaction to environmental triggers,Avoid triggers and use clinician/pharmacist-advised symptom relief,Seek urgent care if symptoms include facial swelling or breathing difficulty,Synthetic educational record,Educational information only; not a diagnosis or a substitute for professional medical care.
201,Allergy,Allergic Rhinitis,I have runny nose. Could it be related to Allergic Rhinitis?,"Runny nose can occur with Allergic Rhinitis, but it is not specific to it. Other symptoms may include sneezing, itchy nose, nasal congestion. A symptom alone cannot confirm a diagnosis.","sneezing, itchy nose, runny nose, nasal congestion",Allergic reaction to environmental triggers,Avoid triggers and use clinician/pharmacist-advised symptom relief,Seek urgent care if symptoms include facial swelling or breathing difficulty,Synthetic educational record,Educational information only; not a diagnosis or a substitute for professional medical care.
202,Allergy,Allergic Rhinitis,I have nasal congestion. Could it be related to Allergic Rhinitis?,"Nasal congestion can occur with Allergic Rhinitis, but it is not specific to it. Other symptoms may include sneezing, itchy nose, runny nose. A symptom alone cannot confirm a diagnosis.","sneezing, itchy nose, runny nose, nasal congestion",Allergic reaction to environmental triggers,Avoid triggers and use clinician/pharmacist-advised symptom relief,Seek urgent care if symptoms include facial swelling or breathing difficulty,Synthetic educational record,Educational information only; not a diagnosis or a substitute for professional medical care.
203,Neurological,Migraine,I have throbbing headache. Could it be related to Migraine?,"Throbbing headache can occur with Migraine, but it is not specific to it. Other symptoms may include nausea, light sensitivity, sound sensitivity. A symptom alone cannot confirm a diagnosis.","throbbing headache, nausea, light sensitivity, sound sensitivity",Neurological condition with recurrent headache attacks,"Rest in a quiet dark room, hydration, and clinician-advised treatment","Seek urgent care for a sudden severe headache, new neurological symptoms, fainting, or severe neck stiffness",Synthetic educational record,Educational information only; not a diagnosis or a substitute for professional medical care.
204,Neurological,Migraine,I have nausea. Could it be related to Migraine?,"Nausea can occur with Migraine, but it is not specific to it. Other symptoms may include throbbing headache, light sensitivity, sound sensitivity. A symptom alone cannot confirm a diagnosis.","throbbing headache, nausea, light sensitivity, sound sensitivity",Neurological condition with recurrent headache attacks,"Rest in a quiet dark room, hydration, and clinician-advised treatment","Seek urgent care for a sudden severe headache, new neurological symptoms, fainting, or severe neck stiffness",Synthetic educational record,Educational information only; not a diagnosis or a substitute for professional medical care.
205,Neurological,Migraine,I have light sensitivity. Could it be related to Migraine?,"Light sensitivity can occur with Migraine, but it is not specific to it. Other symptoms may include throbbing headache, nausea, sound sensitivity. A symptom alone cannot confirm a diagnosis.","throbbing headache, nausea, light sensitivity, sound sensitivity",Neurological condition with recurrent headache attacks,"Rest in a quiet dark room, hydration, and clinician-advised treatment","Seek urgent care for a sudden severe headache, new neurological symptoms, fainting, or severe neck stiffness",Synthetic educational record,Educational information only; not a diagnosis or a substitute for professional medical care.
206,Neurological,Migraine,I have sound sensitivity. Could it be related to Migraine?,"Sound sensitivity can occur with Migraine, but it is not specific to it. Other symptoms may include throbbing headache, nausea, light sensitivity. A symptom alone cannot confirm a diagnosis.","throbbing headache, nausea, light sensitivity, sound sensitivity",Neurological condition with recurrent headache attacks,"Rest in a quiet dark room, hydration, and clinician-advised treatment","Seek urgent care for a sudden severe headache, new neurological symptoms, fainting, or severe neck stiffness",Synthetic educational record,Educational information only; not a diagnosis or a substitute for professional medical care.
207,Cardiovascular,Hypertension,I have often no symptoms; sometimes headache or dizziness. Could it be related to Hypertension?,"Often no symptoms; sometimes headache or dizziness can occur with Hypertension, but it is not specific to it. Other symptoms may include other symptoms. A symptom alone cannot confirm a diagnosis.",often no symptoms; sometimes headache or dizziness,Persistently elevated blood pressure,"Regular blood-pressure monitoring, healthy lifestyle, and prescribed treatment","Very high blood pressure with chest pain, severe headache, confusion, weakness, or breathing difficulty needs urgent care",Synthetic educational record,Educational information only; not a diagnosis or a substitute for professional medical care.
208,Metabolic,Type 2 Diabetes,I have increased thirst. Could it be related to Type 2 Diabetes?,"Increased thirst can occur with Type 2 Diabetes, but it is not specific to it. Other symptoms may include frequent urination, fatigue, blurred vision. A symptom alone cannot confirm a diagnosis.","increased thirst, frequent urination, fatigue, blurred vision",Impaired insulin action and glucose regulation,"Healthy eating, physical activity, monitoring, and prescribed treatment","Seek urgent care for confusion, severe dehydration, vomiting, or very abnormal glucose with symptoms",Synthetic educational record,Educational information only; not a diagnosis or a substitute for professional medical care.
209,Metabolic,Type 2 Diabetes,I have frequent urination. Could it be related to Type 2 Diabetes?,"Frequent urination can occur with Type 2 Diabetes, but it is not specific to it. Other symptoms may include increased thirst, fatigue, blurred vision. A symptom alone cannot confirm a diagnosis.","increased thirst, frequent urination, fatigue, blurred vision",Impaired insulin action and glucose regulation,"Healthy eating, physical activity, monitoring, and prescribed treatment","Seek urgent care for confusion, severe dehydration, vomiting, or very abnormal glucose with symptoms",Synthetic educational record,Educational information only; not a diagnosis or a substitute for professional medical care.
210,Metabolic,Type 2 Diabetes,I have fatigue. Could it be related to Type 2 Diabetes?,"Fatigue can occur with Type 2 Diabetes, but it is not specific to it. Other symptoms may include increased thirst, frequent urination, blurred vision. A symptom alone cannot confirm a diagnosis.","increased thirst, frequent urination, fatigue, blurred vision",Impaired insulin action and glucose regulation,"Healthy eating, physical activity, monitoring, and prescribed treatment","Seek urgent care for confusion, severe dehydration, vomiting, or very abnormal glucose with symptoms",Synthetic educational record,Educational information only; not a diagnosis or a substitute for professional medical care.
211,Metabolic,Type 2 Diabetes,I have blurred vision. Could it be related to Type 2 Diabetes?,"Blurred vision can occur with Type 2 Diabetes, but it is not specific to it. Other symptoms may include increased thirst, frequent urination, fatigue. A symptom alone cannot confirm a diagnosis.","increased thirst, frequent urination, fatigue, blurred vision",Impaired insulin action and glucose regulation,"Healthy eating, physical activity, monitoring, and prescribed treatment","Seek urgent care for confusion, severe dehydration, vomiting, or very abnormal glucose with symptoms",Synthetic educational record,Educational information only; not a diagnosis or a substitute for professional medical care.
212,Digestive,Gastroenteritis,I have diarrhea. Could it be related to Gastroenteritis?,"Diarrhea can occur with Gastroenteritis, but it is not specific to it. Other symptoms may include vomiting, abdominal cramps, nausea. A symptom alone cannot confirm a diagnosis.","diarrhea, vomiting, abdominal cramps, nausea",Infection or irritation of the digestive tract,Fluids and oral rehydration can help; food intake as tolerated,"Seek care for severe dehydration, blood in stool/vomit, persistent vomiting, or severe abdominal pain",Synthetic educational record,Educational information only; not a diagnosis or a substitute for professional medical care.
213,Digestive,Gastroenteritis,I have vomiting. Could it be related to Gastroenteritis?,"Vomiting can occur with Gastroenteritis, but it is not specific to it. Other symptoms may include diarrhea, abdominal cramps, nausea. A symptom alone cannot confirm a diagnosis.","diarrhea, vomiting, abdominal cramps, nausea",Infection or irritation of the digestive tract,Fluids and oral rehydration can help; food intake as tolerated,"Seek care for severe dehydration, blood in stool/vomit, persistent vomiting, or severe abdominal pain",Synthetic educational record,Educational information only; not a diagnosis or a substitute for professional medical care.
214,Digestive,Gastroenteritis,I have abdominal cramps. Could it be related to Gastroenteritis?,"Abdominal cramps can occur with Gastroenteritis, but it is not specific to it. Other symptoms may include diarrhea, vomiting, nausea. A symptom alone cannot confirm a diagnosis.","diarrhea, vomiting, abdominal cramps, nausea",Infection or irritation of the digestive tract,Fluids and oral rehydration can help; food intake as tolerated,"Seek care for severe dehydration, blood in stool/vomit, persistent vomiting, or severe abdominal pain",Synthetic educational record,Educational information only; not a diagnosis or a substitute for professional medical care.
215,Digestive,Gastroenteritis,I have nausea. Could it be related to Gastroenteritis?,"Nausea can occur with Gastroenteritis, but it is not specific to it. Other symptoms may include diarrhea, vomiting, abdominal cramps. A symptom alone cannot confirm a diagnosis.","diarrhea, vomiting, abdominal cramps, nausea",Infection or irritation of the digestive tract,Fluids and oral rehydration can help; food intake as tolerated,"Seek care for severe dehydration, blood in stool/vomit, persistent vomiting, or severe abdominal pain",Synthetic educational record,Educational information only; not a diagnosis or a substitute for professional medical care.
216,Digestive,GERD,I have heartburn. Could it be related to GERD?,"Heartburn can occur with GERD, but it is not specific to it. Other symptoms may include acid taste, regurgitation, chest discomfort after meals. A symptom alone cannot confirm a diagnosis.","heartburn, acid taste, regurgitation, chest discomfort after meals",Backflow of stomach contents into the esophagus,"Smaller meals, avoiding personal triggers, and clinician-advised treatment may help","Seek urgent evaluation for severe/new chest pain, trouble swallowing, vomiting blood, or black stools",Synthetic educational record,Educational information only; not a diagnosis or a substitute for professional medical care.
217,Digestive,GERD,I have acid taste. Could it be related to GERD?,"Acid taste can occur with GERD, but it is not specific to it. Other symptoms may include heartburn, regurgitation, chest discomfort after meals. A symptom alone cannot confirm a diagnosis.","heartburn, acid taste, regurgitation, chest discomfort after meals",Backflow of stomach contents into the esophagus,"Smaller meals, avoiding personal triggers, and clinician-advised treatment may help","Seek urgent evaluation for severe/new chest pain, trouble swallowing, vomiting blood, or black stools",Synthetic educational record,Educational information only; not a diagnosis or a substitute for professional medical care.
218,Digestive,GERD,I have regurgitation. Could it be related to GERD?,"Regurgitation can occur with GERD, but it is not specific to it. Other symptoms may include heartburn, acid taste, chest discomfort after meals. A symptom alone cannot confirm a diagnosis.","heartburn, acid taste, regurgitation, chest discomfort after meals",Backflow of stomach contents into the esophagus,"Smaller meals, avoiding personal triggers, and clinician-advised treatment may help","Seek urgent evaluation for severe/new chest pain, trouble swallowing, vomiting blood, or black stools",Synthetic educational record,Educational information only; not a diagnosis or a substitute for professional medical care.
219,Digestive,GERD,I have chest discomfort after meals. Could it be related to GERD?,"Chest discomfort after meals can occur with GERD, but it is not specific to it. Other symptoms may include heartburn, acid taste, regurgitation. A symptom alone cannot confirm a diagnosis.","heartburn, acid taste, regurgitation, chest discomfort after meals",Backflow of stomach contents into the esophagus,"Smaller meals, avoiding personal triggers, and clinician-advised treatment may help","Seek urgent evaluation for severe/new chest pain, trouble swallowing, vomiting blood, or black stools",Synthetic educational record,Educational information only; not a diagnosis or a substitute for professional medical care.
220,Urinary,Urinary Tract Infection,I have burning urination. Could it be related to Urinary Tract Infection?,"Burning urination can occur with Urinary Tract Infection, but it is not specific to it. Other symptoms may include frequent urination, urgency, lower abdominal discomfort. A symptom alone cannot confirm a diagnosis.","burning urination, frequent urination, urgency, lower abdominal discomfort",Usually bacterial infection of the urinary tract,Medical testing and clinician-directed treatment may be needed,"Seek prompt care for fever, flank/back pain, vomiting, pregnancy, or worsening symptoms",Synthetic educational record,Educational information only; not a diagnosis or a substitute for professional medical care.
221,Urinary,Urinary Tract Infection,I have frequent urination. Could it be related to Urinary Tract Infection?,"Frequent urination can occur with Urinary Tract Infection, but it is not specific to it. Other symptoms may include burning urination, urgency, lower abdominal discomfort. A symptom alone cannot confirm a diagnosis.","burning urination, frequent urination, urgency, lower abdominal discomfort",Usually bacterial infection of the urinary tract,Medical testing and clinician-directed treatment may be needed,"Seek prompt care for fever, flank/back pain, vomiting, pregnancy, or worsening symptoms",Synthetic educational record,Educational information only; not a diagnosis or a substitute for professional medical care.
222,Urinary,Urinary Tract Infection,I have urgency. Could it be related to Urinary Tract Infection?,"Urgency can occur with Urinary Tract Infection, but it is not specific to it. Other symptoms may include burning urination, frequent urination, lower abdominal discomfort. A symptom alone cannot confirm a diagnosis.","burning urination, frequent urination, urgency, lower abdominal discomfort",Usually bacterial infection of the urinary tract,Medical testing and clinician-directed treatment may be needed,"Seek prompt care for fever, flank/back pain, vomiting, pregnancy, or worsening symptoms",Synthetic educational record,Educational information only; not a diagnosis or a substitute for professional medical care.
223,Urinary,Urinary Tract Infection,I have lower abdominal discomfort. Could it be related to Urinary Tract Infection?,"Lower abdominal discomfort can occur with Urinary Tract Infection, but it is not specific to it. Other symptoms may include burning urination, frequent urination, urgency. A symptom alone cannot confirm a diagnosis.","burning urination, frequent urination, urgency, lower abdominal discomfort",Usually bacterial infection of the urinary tract,Medical testing and clinician-directed treatment may be needed,"Seek prompt care for fever, flank/back pain, vomiting, pregnancy, or worsening symptoms",Synthetic educational record,Educational information only; not a diagnosis or a substitute for professional medical care.
224,Blood,Iron Deficiency Anemia,I have fatigue. Could it be related to Iron Deficiency Anemia?,"Fatigue can occur with Iron Deficiency Anemia, but it is not specific to it. Other symptoms may include weakness, pale skin, dizziness, shortness of breath on exertion. A symptom alone cannot confirm a diagnosis.","fatigue, weakness, pale skin, dizziness, shortness of breath on exertion",Insufficient iron leading to reduced hemoglobin production,Medical evaluation should identify the cause; iron treatment should follow professional advice,"Seek urgent care for fainting, severe breathlessness, chest pain, or rapid worsening",Synthetic educational record,Educational information only; not a diagnosis or a substitute for professional medical care.
225,Blood,Iron Deficiency Anemia,I have weakness. Could it be related to Iron Deficiency Anemia?,"Weakness can occur with Iron Deficiency Anemia, but it is not specific to it. Other symptoms may include fatigue, pale skin, dizziness, shortness of breath on exertion. A symptom alone cannot confirm a diagnosis.","fatigue, weakness, pale skin, dizziness, shortness of breath on exertion",Insufficient iron leading to reduced hemoglobin production,Medical evaluation should identify the cause; iron treatment should follow professional advice,"Seek urgent care for fainting, severe breathlessness, chest pain, or rapid worsening",Synthetic educational record,Educational information only; not a diagnosis or a substitute for professional medical care.
226,Blood,Iron Deficiency Anemia,I have pale skin. Could it be related to Iron Deficiency Anemia?,"Pale skin can occur with Iron Deficiency Anemia, but it is not specific to it. Other symptoms may include fatigue, weakness, dizziness, shortness of breath on exertion. A symptom alone cannot confirm a diagnosis.","fatigue, weakness, pale skin, dizziness, shortness of breath on exertion",Insufficient iron leading to reduced hemoglobin production,Medical evaluation should identify the cause; iron treatment should follow professional advice,"Seek urgent care for fainting, severe breathlessness, chest pain, or rapid worsening",Synthetic educational record,Educational information only; not a diagnosis or a substitute for professional medical care.
227,Blood,Iron Deficiency Anemia,I have dizziness. Could it be related to Iron Deficiency Anemia?,"Dizziness can occur with Iron Deficiency Anemia, but it is not specific to it. Other symptoms may include fatigue, weakness, pale skin, shortness of breath on exertion. A symptom alone cannot confirm a diagnosis.","fatigue, weakness, pale skin, dizziness, shortness of breath on exertion",Insufficient iron leading to reduced hemoglobin production,Medical evaluation should identify the cause; iron treatment should follow professional advice,"Seek urgent care for fainting, severe breathlessness, chest pain, or rapid worsening",Synthetic educational record,Educational information only; not a diagnosis or a substitute for professional medical care.
228,Blood,Iron Deficiency Anemia,I have shortness of breath on exertion. Could it be related to Iron Deficiency Anemia?,"Shortness of breath on exertion can occur with Iron Deficiency Anemia, but it is not specific to it. Other symptoms may include fatigue, weakness, pale skin, dizziness. A symptom alone cannot confirm a diagnosis.","fatigue, weakness, pale skin, dizziness, shortness of breath on exertion",Insufficient iron leading to reduced hemoglobin production,Medical evaluation should identify the cause; iron treatment should follow professional advice,"Seek urgent care for fainting, severe breathlessness, chest pain, or rapid worsening",Synthetic educational record,Educational information only; not a diagnosis or a substitute for professional medical care.
229,Endocrine,Hypothyroidism,I have fatigue. Could it be related to Hypothyroidism?,"Fatigue can occur with Hypothyroidism, but it is not specific to it. Other symptoms may include feeling cold, dry skin, constipation, weight changes. A symptom alone cannot confirm a diagnosis.","fatigue, feeling cold, dry skin, constipation, weight changes",Low thyroid hormone activity,Blood testing and clinician-directed treatment are used,"Seek urgent care for severe drowsiness, confusion, breathing difficulty, or very low body temperature",Synthetic educational record,Educational information only; not a diagnosis or a substitute for professional medical care.
230,Endocrine,Hypothyroidism,I have feeling cold. Could it be related to Hypothyroidism?,"Feeling cold can occur with Hypothyroidism, but it is not specific to it. Other symptoms may include fatigue, dry skin, constipation, weight changes. A symptom alone cannot confirm a diagnosis.","fatigue, feeling cold, dry skin, constipation, weight changes",Low thyroid hormone activity,Blood testing and clinician-directed treatment are used,"Seek urgent care for severe drowsiness, confusion, breathing difficulty, or very low body temperature",Synthetic educational record,Educational information only; not a diagnosis or a substitute for professional medical care.
231,Endocrine,Hypothyroidism,I have dry skin. Could it be related to Hypothyroidism?,"Dry skin can occur with Hypothyroidism, but it is not specific to it. Other symptoms may include fatigue, feeling cold, constipation, weight changes. A symptom alone cannot confirm a diagnosis.","fatigue, feeling cold, dry skin, constipation, weight changes",Low thyroid hormone activity,Blood testing and clinician-directed treatment are used,"Seek urgent care for severe drowsiness, confusion, breathing difficulty, or very low body temperature",Synthetic educational record,Educational information only; not a diagnosis or a substitute for professional medical care.
232,Endocrine,Hypothyroidism,I have constipation. Could it be related to Hypothyroidism?,"Constipation can occur with Hypothyroidism, but it is not specific to it. Other symptoms may include fatigue, feeling cold, dry skin, weight changes. A symptom alone cannot confirm a diagnosis.","fatigue, feeling cold, dry skin, constipation, weight changes",Low thyroid hormone activity,Blood testing and clinician-directed treatment are used,"Seek urgent care for severe drowsiness, confusion, breathing difficulty, or very low body temperature",Synthetic educational record,Educational information only; not a diagnosis or a substitute for professional medical care.
233,Endocrine,Hypothyroidism,I have weight changes. Could it be related to Hypothyroidism?,"Weight changes can occur with Hypothyroidism, but it is not specific to it. Other symptoms may include fatigue, feeling cold, dry skin, constipation. A symptom alone cannot confirm a diagnosis.","fatigue, feeling cold, dry skin, constipation, weight changes",Low thyroid hormone activity,Blood testing and clinician-directed treatment are used,"Seek urgent care for severe drowsiness, confusion, breathing difficulty, or very low body temperature",Synthetic educational record,Educational information only; not a diagnosis or a substitute for professional medical care.
234,Eye,Conjunctivitis,I have red eye. Could it be related to Conjunctivitis?,"Red eye can occur with Conjunctivitis, but it is not specific to it. Other symptoms may include discharge, irritation, watery eyes. A symptom alone cannot confirm a diagnosis.","red eye, discharge, irritation, watery eyes",Inflammation/infection of the conjunctiva,Hand hygiene and avoiding eye rubbing help; evaluation may be needed,"Seek urgent care for severe eye pain, vision changes, light sensitivity, or eye injury",Synthetic educational record,Educational information only; not a diagnosis or a substitute for professional medical care.
235,Eye,Conjunctivitis,I have discharge. Could it be related to Conjunctivitis?,"Discharge can occur with Conjunctivitis, but it is not specific to it. Other symptoms may include red eye, irritation, watery eyes. A symptom alone cannot confirm a diagnosis.","red eye, discharge, irritation, watery eyes",Inflammation/infection of the conjunctiva,Hand hygiene and avoiding eye rubbing help; evaluation may be needed,"Seek urgent care for severe eye pain, vision changes, light sensitivity, or eye injury",Synthetic educational record,Educational information only; not a diagnosis or a substitute for professional medical care.
236,Eye,Conjunctivitis,I have irritation. Could it be related to Conjunctivitis?,"Irritation can occur with Conjunctivitis, but it is not specific to it. Other symptoms may include red eye, discharge, watery eyes. A symptom alone cannot confirm a diagnosis.","red eye, discharge, irritation, watery eyes",Inflammation/infection of the conjunctiva,Hand hygiene and avoiding eye rubbing help; evaluation may be needed,"Seek urgent care for severe eye pain, vision changes, light sensitivity, or eye injury",Synthetic educational record,Educational information only; not a diagnosis or a substitute for professional medical care.
237,Eye,Conjunctivitis,I have watery eyes. Could it be related to Conjunctivitis?,"Watery eyes can occur with Conjunctivitis, but it is not specific to it. Other symptoms may include red eye, discharge, irritation. A symptom alone cannot confirm a diagnosis.","red eye, discharge, irritation, watery eyes",Inflammation/infection of the conjunctiva,Hand hygiene and avoiding eye rubbing help; evaluation may be needed,"Seek urgent care for severe eye pain, vision changes, light sensitivity, or eye injury",Synthetic educational record,Educational information only; not a diagnosis or a substitute for professional medical care.
238,Skin,Dermatitis,I have itchy. Could it be related to Dermatitis?,"Itchy can occur with Dermatitis, but it is not specific to it. Other symptoms may include dry, red, irritated skin. A symptom alone cannot confirm a diagnosis.","itchy, dry, red, irritated skin","Skin inflammation from irritants, allergens, or other causes",Avoid suspected irritants and use gentle skin care,"Seek care for rapidly spreading redness, severe pain, fever, or facial swelling",Synthetic educational record,Educational information only; not a diagnosis or a substitute for professional medical care.
239,Skin,Dermatitis,I have dry. Could it be related to Dermatitis?,"Dry can occur with Dermatitis, but it is not specific to it. Other symptoms may include itchy, red, irritated skin. A symptom alone cannot confirm a diagnosis.","itchy, dry, red, irritated skin","Skin inflammation from irritants, allergens, or other causes",Avoid suspected irritants and use gentle skin care,"Seek care for rapidly spreading redness, severe pain, fever, or facial swelling",Synthetic educational record,Educational information only; not a diagnosis or a substitute for professional medical care.
240,Skin,Dermatitis,I have red. Could it be related to Dermatitis?,"Red can occur with Dermatitis, but it is not specific to it. Other symptoms may include itchy, dry, irritated skin. A symptom alone cannot confirm a diagnosis.","itchy, dry, red, irritated skin","Skin inflammation from irritants, allergens, or other causes",Avoid suspected irritants and use gentle skin care,"Seek care for rapidly spreading redness, severe pain, fever, or facial swelling",Synthetic educational record,Educational information only; not a diagnosis or a substitute for professional medical care.
241,Skin,Dermatitis,I have irritated skin. Could it be related to Dermatitis?,"Irritated skin can occur with Dermatitis, but it is not specific to it. Other symptoms may include itchy, dry, red. A symptom alone cannot confirm a diagnosis.","itchy, dry, red, irritated skin","Skin inflammation from irritants, allergens, or other causes",Avoid suspected irritants and use gentle skin care,"Seek care for rapidly spreading redness, severe pain, fever, or facial swelling",Synthetic educational record,Educational information only; not a diagnosis or a substitute for professional medical care.
242,Mental Health,Depression,I have persistent low mood. Could it be related to Depression?,"Persistent low mood can occur with Depression, but it is not specific to it. Other symptoms may include loss of interest, sleep/appetite changes, low energy. A symptom alone cannot confirm a diagnosis.","persistent low mood, loss of interest, sleep/appetite changes, low energy",Mental health condition involving persistent mood symptoms,"Professional assessment, supportive routines, therapy, and treatment when appropriate","If there is immediate danger or thoughts of self-harm, seek emergency professional help immediately",Synthetic educational record,Educational information only; not a diagnosis or a substitute for professional medical care.
243,Mental Health,Depression,I have loss of interest. Could it be related to Depression?,"Loss of interest can occur with Depression, but it is not specific to it. Other symptoms may include persistent low mood, sleep/appetite changes, low energy. A symptom alone cannot confirm a diagnosis.","persistent low mood, loss of interest, sleep/appetite changes, low energy",Mental health condition involving persistent mood symptoms,"Professional assessment, supportive routines, therapy, and treatment when appropriate","If there is immediate danger or thoughts of self-harm, seek emergency professional help immediately",Synthetic educational record,Educational information only; not a diagnosis or a substitute for professional medical care.
244,Mental Health,Depression,I have sleep/appetite changes. Could it be related to Depression?,"Sleep/appetite changes can occur with Depression, but it is not specific to it. Other symptoms may include persistent low mood, loss of interest, low energy. A symptom alone cannot confirm a diagnosis.","persistent low mood, loss of interest, sleep/appetite changes, low energy",Mental health condition involving persistent mood symptoms,"Professional assessment, supportive routines, therapy, and treatment when appropriate","If there is immediate danger or thoughts of self-harm, seek emergency professional help immediately",Synthetic educational record,Educational information only; not a diagnosis or a substitute for professional medical care.
245,Mental Health,Depression,I have low energy. Could it be related to Depression?,"Low energy can occur with Depression, but it is not specific to it. Other symptoms may include persistent low mood, loss of interest, sleep/appetite changes. A symptom alone cannot confirm a diagnosis.","persistent low mood, loss of interest, sleep/appetite changes, low energy",Mental health condition involving persistent mood symptoms,"Professional assessment, supportive routines, therapy, and treatment when appropriate","If there is immediate danger or thoughts of self-harm, seek emergency professional help immediately",Synthetic educational record,Educational information only; not a diagnosis or a substitute for professional medical care.
246,Respiratory,Common Cold,Can you explain this simply? What are the common symptoms of Common Cold?,"Common symptoms can include cough, runny nose, sneezing, sore throat. Symptoms vary between people, so they should not be used alone to confirm a diagnosis.","cough, runny nose, sneezing, sore throat",Viral upper-respiratory infection,"Rest, fluids, and symptom relief may help","Seek care for breathing difficulty, severe symptoms, or symptoms that persist/worsen",Synthetic educational paraphrase,Educational information only; not a diagnosis or a substitute for professional medical care.
247,Respiratory,Common Cold,I want basic information: What can cause Common Cold?,A common underlying explanation is Viral upper-respiratory infection. A healthcare professional can assess the individual situation and rule out other causes.,"cough, runny nose, sneezing, sore throat",Viral upper-respiratory infection,"Rest, fluids, and symptom relief may help","Seek care for breathing difficulty, severe symptoms, or symptoms that persist/worsen",Synthetic educational paraphrase,Educational information only; not a diagnosis or a substitute for professional medical care.
248,Respiratory,Common Cold,"For a health-awareness project, What should I do if I think I have Common Cold?","Consider contacting a healthcare professional for assessment, especially if symptoms are new, severe, persistent, or worsening. General supportive steps may include Rest, fluids, and symptom relief may help.","cough, runny nose, sneezing, sore throat",Viral upper-respiratory infection,"Rest, fluids, and symptom relief may help","Seek care for breathing difficulty, severe symptoms, or symptoms that persist/worsen",Synthetic educational paraphrase,Educational information only; not a diagnosis or a substitute for professional medical care.
249,Respiratory,Common Cold,What should I know about this? How can I reduce the risk of Common Cold?,"Risk reduction depends on the condition. General measures may include healthy habits, appropriate vaccination where relevant, hygiene, avoiding known triggers, and following professional advice.","cough, runny nose, sneezing, sore throat",Viral upper-respiratory infection,"Rest, fluids, and symptom relief may help","Seek care for breathing difficulty, severe symptoms, or symptoms that persist/worsen",Synthetic educational paraphrase,Educational information only; not a diagnosis or a substitute for professional medical care.
250,Respiratory,Common Cold,Please explain: When should I see a doctor for Common Cold?,"Medical assessment is especially important when symptoms are severe, persistent, worsening, or associated with warning signs. For this condition, important warning signs include: Seek care for breathing difficulty, severe symptoms, or symptoms that persist/worsen.","cough, runny nose, sneezing, sore throat",Viral upper-respiratory infection,"Rest, fluids, and symptom relief may help","Seek care for breathing difficulty, severe symptoms, or symptoms that persist/worsen",Synthetic educational paraphrase,Educational information only; not a diagnosis or a substitute for professional medical care.
251,Respiratory,Common Cold,Can you explain this simply? Is Common Cold always serious?,"Not necessarily. Severity varies widely. The safest approach is to consider the person's symptoms, age, medical history, and warning signs and seek professional assessment when needed.","cough, runny nose, sneezing, sore throat",Viral upper-respiratory infection,"Rest, fluids, and symptom relief may help","Seek care for breathing difficulty, severe symptoms, or symptoms that persist/worsen",Synthetic educational paraphrase,Educational information only; not a diagnosis or a substitute for professional medical care.
252,Respiratory,Common Cold,I want basic information: Can Common Cold be prevented?,"Some cases or complications may be preventable, while others are not fully preventable. Helpful measures can include Rest, fluids, and symptom relief may help and addressing known risk factors.","cough, runny nose, sneezing, sore throat",Viral upper-respiratory infection,"Rest, fluids, and symptom relief may help","Seek care for breathing difficulty, severe symptoms, or symptoms that persist/worsen",Synthetic educational paraphrase,Educational information only; not a diagnosis or a substitute for professional medical care.
253,Respiratory,Common Cold,"For a health-awareness project, What lifestyle habits may help with Common Cold?","Helpful general habits may include adequate sleep, balanced nutrition, appropriate physical activity, hydration, avoiding tobacco, and following individualized medical advice.","cough, runny nose, sneezing, sore throat",Viral upper-respiratory infection,"Rest, fluids, and symptom relief may help","Seek care for breathing difficulty, severe symptoms, or symptoms that persist/worsen",Synthetic educational paraphrase,Educational information only; not a diagnosis or a substitute for professional medical care.
254,Respiratory,Influenza,What should I know about this? What are the common symptoms of Influenza?,"Common symptoms can include fever, chills, cough, body aches, fatigue. Symptoms vary between people, so they should not be used alone to confirm a diagnosis.","fever, chills, cough, body aches, fatigue",Influenza virus infection,"Rest, fluids, and medical advice when appropriate","Seek urgent care for breathing difficulty, chest pain, confusion, or severe dehydration",Synthetic educational paraphrase,Educational information only; not a diagnosis or a substitute for professional medical care.
255,Respiratory,Influenza,Please explain: What can cause Influenza?,A common underlying explanation is Influenza virus infection. A healthcare professional can assess the individual situation and rule out other causes.,"fever, chills, cough, body aches, fatigue",Influenza virus infection,"Rest, fluids, and medical advice when appropriate","Seek urgent care for breathing difficulty, chest pain, confusion, or severe dehydration",Synthetic educational paraphrase,Educational information only; not a diagnosis or a substitute for professional medical care.
256,Respiratory,Influenza,Can you explain this simply? What should I do if I think I have Influenza?,"Consider contacting a healthcare professional for assessment, especially if symptoms are new, severe, persistent, or worsening. General supportive steps may include Rest, fluids, and medical advice when appropriate.","fever, chills, cough, body aches, fatigue",Influenza virus infection,"Rest, fluids, and medical advice when appropriate","Seek urgent care for breathing difficulty, chest pain, confusion, or severe dehydration",Synthetic educational paraphrase,Educational information only; not a diagnosis or a substitute for professional medical care.
257,Respiratory,Influenza,I want basic information: How can I reduce the risk of Influenza?,"Risk reduction depends on the condition. General measures may include healthy habits, appropriate vaccination where relevant, hygiene, avoiding known triggers, and following professional advice.","fever, chills, cough, body aches, fatigue",Influenza virus infection,"Rest, fluids, and medical advice when appropriate","Seek urgent care for breathing difficulty, chest pain, confusion, or severe dehydration",Synthetic educational paraphrase,Educational information only; not a diagnosis or a substitute for professional medical care.
258,Respiratory,Influenza,"For a health-awareness project, When should I see a doctor for Influenza?","Medical assessment is especially important when symptoms are severe, persistent, worsening, or associated with warning signs. For this condition, important warning signs include: Seek urgent care for breathing difficulty, chest pain, confusion, or severe dehydration.","fever, chills, cough, body aches, fatigue",Influenza virus infection,"Rest, fluids, and medical advice when appropriate","Seek urgent care for breathing difficulty, chest pain, confusion, or severe dehydration",Synthetic educational paraphrase,Educational information only; not a diagnosis or a substitute for professional medical care.
259,Respiratory,Influenza,What should I know about this? Is Influenza always serious?,"Not necessarily. Severity varies widely. The safest approach is to consider the person's symptoms, age, medical history, and warning signs and seek professional assessment when needed.","fever, chills, cough, body aches, fatigue",Influenza virus infection,"Rest, fluids, and medical advice when appropriate","Seek urgent care for breathing difficulty, chest pain, confusion, or severe dehydration",Synthetic educational paraphrase,Educational information only; not a diagnosis or a substitute for professional medical care.
260,Respiratory,Influenza,Please explain: Can Influenza be prevented?,"Some cases or complications may be preventable, while others are not fully preventable. Helpful measures can include Rest, fluids, and medical advice when appropriate and addressing known risk factors.","fever, chills, cough, body aches, fatigue",Influenza virus infection,"Rest, fluids, and medical advice when appropriate","Seek urgent care for breathing difficulty, chest pain, confusion, or severe dehydration",Synthetic educational paraphrase,Educational information only; not a diagnosis or a substitute for professional medical care.
261,Respiratory,Influenza,Can you explain this simply? What lifestyle habits may help with Influenza?,"Helpful general habits may include adequate sleep, balanced nutrition, appropriate physical activity, hydration, avoiding tobacco, and following individualized medical advice.","fever, chills, cough, body aches, fatigue",Influenza virus infection,"Rest, fluids, and medical advice when appropriate","Seek urgent care for breathing difficulty, chest pain, confusion, or severe dehydration",Synthetic educational paraphrase,Educational information only; not a diagnosis or a substitute for professional medical care.
262,Infectious,Dengue,I want basic information: What are the common symptoms of Dengue?,"Common symptoms can include fever, headache, body aches, nausea, rash. Symptoms vary between people, so they should not be used alone to confirm a diagnosis.","fever, headache, body aches, nausea, rash",Dengue virus spread by mosquitoes,Hydration and prompt medical evaluation are important,"Seek urgent care for bleeding, severe abdominal pain, persistent vomiting, breathing difficulty, or extreme weakness",Synthetic educational paraphrase,Educational information only; not a diagnosis or a substitute for professional medical care.
263,Infectious,Dengue,"For a health-awareness project, What can cause Dengue?",A common underlying explanation is Dengue virus spread by mosquitoes. A healthcare professional can assess the individual situation and rule out other causes.,"fever, headache, body aches, nausea, rash",Dengue virus spread by mosquitoes,Hydration and prompt medical evaluation are important,"Seek urgent care for bleeding, severe abdominal pain, persistent vomiting, breathing difficulty, or extreme weakness",Synthetic educational paraphrase,Educational information only; not a diagnosis or a substitute for professional medical care.
264,Infectious,Dengue,What should I know about this? What should I do if I think I have Dengue?,"Consider contacting a healthcare professional for assessment, especially if symptoms are new, severe, persistent, or worsening. General supportive steps may include Hydration and prompt medical evaluation are important.","fever, headache, body aches, nausea, rash",Dengue virus spread by mosquitoes,Hydration and prompt medical evaluation are important,"Seek urgent care for bleeding, severe abdominal pain, persistent vomiting, breathing difficulty, or extreme weakness",Synthetic educational paraphrase,Educational information only; not a diagnosis or a substitute for professional medical care.
265,Infectious,Dengue,Please explain: How can I reduce the risk of Dengue?,"Risk reduction depends on the condition. General measures may include healthy habits, appropriate vaccination where relevant, hygiene, avoiding known triggers, and following professional advice.","fever, headache, body aches, nausea, rash",Dengue virus spread by mosquitoes,Hydration and prompt medical evaluation are important,"Seek urgent care for bleeding, severe abdominal pain, persistent vomiting, breathing difficulty, or extreme weakness",Synthetic educational paraphrase,Educational information only; not a diagnosis or a substitute for professional medical care.
266,Infectious,Dengue,Can you explain this simply? When should I see a doctor for Dengue?,"Medical assessment is especially important when symptoms are severe, persistent, worsening, or associated with warning signs. For this condition, important warning signs include: Seek urgent care for bleeding, severe abdominal pain, persistent vomiting, breathing difficulty, or extreme weakness.","fever, headache, body aches, nausea, rash",Dengue virus spread by mosquitoes,Hydration and prompt medical evaluation are important,"Seek urgent care for bleeding, severe abdominal pain, persistent vomiting, breathing difficulty, or extreme weakness",Synthetic educational paraphrase,Educational information only; not a diagnosis or a substitute for professional medical care.
267,Infectious,Dengue,I want basic information: Is Dengue always serious?,"Not necessarily. Severity varies widely. The safest approach is to consider the person's symptoms, age, medical history, and warning signs and seek professional assessment when needed.","fever, headache, body aches, nausea, rash",Dengue virus spread by mosquitoes,Hydration and prompt medical evaluation are important,"Seek urgent care for bleeding, severe abdominal pain, persistent vomiting, breathing difficulty, or extreme weakness",Synthetic educational paraphrase,Educational information only; not a diagnosis or a substitute for professional medical care.
268,Infectious,Dengue,"For a health-awareness project, Can Dengue be prevented?","Some cases or complications may be preventable, while others are not fully preventable. Helpful measures can include Hydration and prompt medical evaluation are important and addressing known risk factors.","fever, headache, body aches, nausea, rash",Dengue virus spread by mosquitoes,Hydration and prompt medical evaluation are important,"Seek urgent care for bleeding, severe abdominal pain, persistent vomiting, breathing difficulty, or extreme weakness",Synthetic educational paraphrase,Educational information only; not a diagnosis or a substitute for professional medical care.
269,Infectious,Dengue,What should I know about this? What lifestyle habits may help with Dengue?,"Helpful general habits may include adequate sleep, balanced nutrition, appropriate physical activity, hydration, avoiding tobacco, and following individualized medical advice.","fever, headache, body aches, nausea, rash",Dengue virus spread by mosquitoes,Hydration and prompt medical evaluation are important,"Seek urgent care for bleeding, severe abdominal pain, persistent vomiting, breathing difficulty, or extreme weakness",Synthetic educational paraphrase,Educational information only; not a diagnosis or a substitute for professional medical care.
270,Infectious,Malaria,Please explain: What are the common symptoms of Malaria?,"Common symptoms can include fever, chills, sweating, headache, weakness. Symptoms vary between people, so they should not be used alone to confirm a diagnosis.","fever, chills, sweating, headache, weakness",Plasmodium parasites transmitted by infected mosquitoes,Prompt testing and clinician-directed treatment are important,"Seek urgent care for confusion, seizures, breathing difficulty, collapse, or severe weakness",Synthetic educational paraphrase,Educational information only; not a diagnosis or a substitute for professional medical care.
271,Infectious,Malaria,Can you explain this simply? What can cause Malaria?,A common underlying explanation is Plasmodium parasites transmitted by infected mosquitoes. A healthcare professional can assess the individual situation and rule out other causes.,"fever, chills, sweating, headache, weakness",Plasmodium parasites transmitted by infected mosquitoes,Prompt testing and clinician-directed treatment are important,"Seek urgent care for confusion, seizures, breathing difficulty, collapse, or severe weakness",Synthetic educational paraphrase,Educational information only; not a diagnosis or a substitute for professional medical care.
272,Infectious,Malaria,I want basic information: What should I do if I think I have Malaria?,"Consider contacting a healthcare professional for assessment, especially if symptoms are new, severe, persistent, or worsening. General supportive steps may include Prompt testing and clinician-directed treatment are important.","fever, chills, sweating, headache, weakness",Plasmodium parasites transmitted by infected mosquitoes,Prompt testing and clinician-directed treatment are important,"Seek urgent care for confusion, seizures, breathing difficulty, collapse, or severe weakness",Synthetic educational paraphrase,Educational information only; not a diagnosis or a substitute for professional medical care.
273,Infectious,Malaria,"For a health-awareness project, How can I reduce the risk of Malaria?","Risk reduction depends on the condition. General measures may include healthy habits, appropriate vaccination where relevant, hygiene, avoiding known triggers, and following professional advice.","fever, chills, sweating, headache, weakness",Plasmodium parasites transmitted by infected mosquitoes,Prompt testing and clinician-directed treatment are important,"Seek urgent care for confusion, seizures, breathing difficulty, collapse, or severe weakness",Synthetic educational paraphrase,Educational information only; not a diagnosis or a substitute for professional medical care.
274,Infectious,Malaria,What should I know about this? When should I see a doctor for Malaria?,"Medical assessment is especially important when symptoms are severe, persistent, worsening, or associated with warning signs. For this condition, important warning signs include: Seek urgent care for confusion, seizures, breathing difficulty, collapse, or severe weakness.","fever, chills, sweating, headache, weakness",Plasmodium parasites transmitted by infected mosquitoes,Prompt testing and clinician-directed treatment are important,"Seek urgent care for confusion, seizures, breathing difficulty, collapse, or severe weakness",Synthetic educational paraphrase,Educational information only; not a diagnosis or a substitute for professional medical care.
275,Infectious,Malaria,Please explain: Is Malaria always serious?,"Not necessarily. Severity varies widely. The safest approach is to consider the person's symptoms, age, medical history, and warning signs and seek professional assessment when needed.","fever, chills, sweating, headache, weakness",Plasmodium parasites transmitted by infected mosquitoes,Prompt testing and clinician-directed treatment are important,"Seek urgent care for confusion, seizures, breathing difficulty, collapse, or severe weakness",Synthetic educational paraphrase,Educational information only; not a diagnosis or a substitute for professional medical care.
276,Infectious,Malaria,Can you explain this simply? Can Malaria be prevented?,"Some cases or complications may be preventable, while others are not fully preventable. Helpful measures can include Prompt testing and clinician-directed treatment are important and addressing known risk factors.","fever, chills, sweating, headache, weakness",Plasmodium parasites transmitted by infected mosquitoes,Prompt testing and clinician-directed treatment are important,"Seek urgent care for confusion, seizures, breathing difficulty, collapse, or severe weakness",Synthetic educational paraphrase,Educational information only; not a diagnosis or a substitute for professional medical care.
277,Infectious,Malaria,I want basic information: What lifestyle habits may help with Malaria?,"Helpful general habits may include adequate sleep, balanced nutrition, appropriate physical activity, hydration, avoiding tobacco, and following individualized medical advice.","fever, chills, sweating, headache, weakness",Plasmodium parasites transmitted by infected mosquitoes,Prompt testing and clinician-directed treatment are important,"Seek urgent care for confusion, seizures, breathing difficulty, collapse, or severe weakness",Synthetic educational paraphrase,Educational information only; not a diagnosis or a substitute for professional medical care.
278,Infectious,Typhoid Fever,"For a health-awareness project, What are the common symptoms of Typhoid Fever?","Common symptoms can include fever, headache, weakness, abdominal discomfort, diarrhea or constipation. Symptoms vary between people, so they should not be used alone to confirm a diagnosis.","fever, headache, weakness, abdominal discomfort, diarrhea or constipation",Salmonella Typhi infection,Medical testing and clinician-directed antibiotics when indicated,"Seek care for persistent high fever, severe abdominal pain, confusion, or dehydration",Synthetic educational paraphrase,Educational information only; not a diagnosis or a substitute for professional medical care.
279,Infectious,Typhoid Fever,What should I know about this? What can cause Typhoid Fever?,A common underlying explanation is Salmonella Typhi infection. A healthcare professional can assess the individual situation and rule out other causes.,"fever, headache, weakness, abdominal discomfort, diarrhea or constipation",Salmonella Typhi infection,Medical testing and clinician-directed antibiotics when indicated,"Seek care for persistent high fever, severe abdominal pain, confusion, or dehydration",Synthetic educational paraphrase,Educational information only; not a diagnosis or a substitute for professional medical care.
280,Infectious,Typhoid Fever,Please explain: What should I do if I think I have Typhoid Fever?,"Consider contacting a healthcare professional for assessment, especially if symptoms are new, severe, persistent, or worsening. General supportive steps may include Medical testing and clinician-directed antibiotics when indicated.","fever, headache, weakness, abdominal discomfort, diarrhea or constipation",Salmonella Typhi infection,Medical testing and clinician-directed antibiotics when indicated,"Seek care for persistent high fever, severe abdominal pain, confusion, or dehydration",Synthetic educational paraphrase,Educational information only; not a diagnosis or a substitute for professional medical care.
281,Infectious,Typhoid Fever,Can you explain this simply? How can I reduce the risk of Typhoid Fever?,"Risk reduction depends on the condition. General measures may include healthy habits, appropriate vaccination where relevant, hygiene, avoiding known triggers, and following professional advice.","fever, headache, weakness, abdominal discomfort, diarrhea or constipation",Salmonella Typhi infection,Medical testing and clinician-directed antibiotics when indicated,"Seek care for persistent high fever, severe abdominal pain, confusion, or dehydration",Synthetic educational paraphrase,Educational information only; not a diagnosis or a substitute for professional medical care.
282,Infectious,Typhoid Fever,I want basic information: When should I see a doctor for Typhoid Fever?,"Medical assessment is especially important when symptoms are severe, persistent, worsening, or associated with warning signs. For this condition, important warning signs include: Seek care for persistent high fever, severe abdominal pain, confusion, or dehydration.","fever, headache, weakness, abdominal discomfort, diarrhea or constipation",Salmonella Typhi infection,Medical testing and clinician-directed antibiotics when indicated,"Seek care for persistent high fever, severe abdominal pain, confusion, or dehydration",Synthetic educational paraphrase,Educational information only; not a diagnosis or a substitute for professional medical care.
283,Infectious,Typhoid Fever,"For a health-awareness project, Is Typhoid Fever always serious?","Not necessarily. Severity varies widely. The safest approach is to consider the person's symptoms, age, medical history, and warning signs and seek professional assessment when needed.","fever, headache, weakness, abdominal discomfort, diarrhea or constipation",Salmonella Typhi infection,Medical testing and clinician-directed antibiotics when indicated,"Seek care for persistent high fever, severe abdominal pain, confusion, or dehydration",Synthetic educational paraphrase,Educational information only; not a diagnosis or a substitute for professional medical care.
284,Infectious,Typhoid Fever,What should I know about this? Can Typhoid Fever be prevented?,"Some cases or complications may be preventable, while others are not fully preventable. Helpful measures can include Medical testing and clinician-directed antibiotics when indicated and addressing known risk factors.","fever, headache, weakness, abdominal discomfort, diarrhea or constipation",Salmonella Typhi infection,Medical testing and clinician-directed antibiotics when indicated,"Seek care for persistent high fever, severe abdominal pain, confusion, or dehydration",Synthetic educational paraphrase,Educational information only; not a diagnosis or a substitute for professional medical care.
285,Infectious,Typhoid Fever,Please explain: What lifestyle habits may help with Typhoid Fever?,"Helpful general habits may include adequate sleep, balanced nutrition, appropriate physical activity, hydration, avoiding tobacco, and following individualized medical advice.","fever, headache, weakness, abdominal discomfort, diarrhea or constipation",Salmonella Typhi infection,Medical testing and clinician-directed antibiotics when indicated,"Seek care for persistent high fever, severe abdominal pain, confusion, or dehydration",Synthetic educational paraphrase,Educational information only; not a diagnosis or a substitute for professional medical care.
286,Respiratory,COVID-19,Can you explain this simply? What are the common symptoms of COVID-19?,"Common symptoms can include fever, cough, sore throat, fatigue, loss of taste or smell. Symptoms vary between people, so they should not be used alone to confirm a diagnosis.","fever, cough, sore throat, fatigue, loss of taste or smell",SARS-CoV-2 infection,"Rest, fluids, monitoring, and medical advice based on risk","Seek urgent care for trouble breathing, persistent chest pain, new confusion, or inability to stay awake",Synthetic educational paraphrase,Educational information only; not a diagnosis or a substitute for professional medical care.
287,Respiratory,COVID-19,I want basic information: What can cause COVID-19?,A common underlying explanation is SARS-CoV-2 infection. A healthcare professional can assess the individual situation and rule out other causes.,"fever, cough, sore throat, fatigue, loss of taste or smell",SARS-CoV-2 infection,"Rest, fluids, monitoring, and medical advice based on risk","Seek urgent care for trouble breathing, persistent chest pain, new confusion, or inability to stay awake",Synthetic educational paraphrase,Educational information only; not a diagnosis or a substitute for professional medical care.
288,Respiratory,COVID-19,"For a health-awareness project, What should I do if I think I have COVID-19?","Consider contacting a healthcare professional for assessment, especially if symptoms are new, severe, persistent, or worsening. General supportive steps may include Rest, fluids, monitoring, and medical advice based on risk.","fever, cough, sore throat, fatigue, loss of taste or smell",SARS-CoV-2 infection,"Rest, fluids, monitoring, and medical advice based on risk","Seek urgent care for trouble breathing, persistent chest pain, new confusion, or inability to stay awake",Synthetic educational paraphrase,Educational information only; not a diagnosis or a substitute for professional medical care.
289,Respiratory,COVID-19,What should I know about this? How can I reduce the risk of COVID-19?,"Risk reduction depends on the condition. General measures may include healthy habits, appropriate vaccination where relevant, hygiene, avoiding known triggers, and following professional advice.","fever, cough, sore throat, fatigue, loss of taste or smell",SARS-CoV-2 infection,"Rest, fluids, monitoring, and medical advice based on risk","Seek urgent care for trouble breathing, persistent chest pain, new confusion, or inability to stay awake",Synthetic educational paraphrase,Educational information only; not a diagnosis or a substitute for professional medical care.
290,Respiratory,COVID-19,Please explain: When should I see a doctor for COVID-19?,"Medical assessment is especially important when symptoms are severe, persistent, worsening, or associated with warning signs. For this condition, important warning signs include: Seek urgent care for trouble breathing, persistent chest pain, new confusion, or inability to stay awake.","fever, cough, sore throat, fatigue, loss of taste or smell",SARS-CoV-2 infection,"Rest, fluids, monitoring, and medical advice based on risk","Seek urgent care for trouble breathing, persistent chest pain, new confusion, or inability to stay awake",Synthetic educational paraphrase,Educational information only; not a diagnosis or a substitute for professional medical care.
291,Respiratory,COVID-19,Can you explain this simply? Is COVID-19 always serious?,"Not necessarily. Severity varies widely. The safest approach is to consider the person's symptoms, age, medical history, and warning signs and seek professional assessment when needed.","fever, cough, sore throat, fatigue, loss of taste or smell",SARS-CoV-2 infection,"Rest, fluids, monitoring, and medical advice based on risk","Seek urgent care for trouble breathing, persistent chest pain, new confusion, or inability to stay awake",Synthetic educational paraphrase,Educational information only; not a diagnosis or a substitute for professional medical care.
292,Respiratory,COVID-19,I want basic information: Can COVID-19 be prevented?,"Some cases or complications may be preventable, while others are not fully preventable. Helpful measures can include Rest, fluids, monitoring, and medical advice based on risk and addressing known risk factors.","fever, cough, sore throat, fatigue, loss of taste or smell",SARS-CoV-2 infection,"Rest, fluids, monitoring, and medical advice based on risk","Seek urgent care for trouble breathing, persistent chest pain, new confusion, or inability to stay awake",Synthetic educational paraphrase,Educational information only; not a diagnosis or a substitute for professional medical care.
293,Respiratory,COVID-19,"For a health-awareness project, What lifestyle habits may help with COVID-19?","Helpful general habits may include adequate sleep, balanced nutrition, appropriate physical activity, hydration, avoiding tobacco, and following individualized medical advice.","fever, cough, sore throat, fatigue, loss of taste or smell",SARS-CoV-2 infection,"Rest, fluids, monitoring, and medical advice based on risk","Seek urgent care for trouble breathing, persistent chest pain, new confusion, or inability to stay awake",Synthetic educational paraphrase,Educational information only; not a diagnosis or a substitute for professional medical care.
294,Respiratory,Asthma,What should I know about this? What are the common symptoms of Asthma?,"Common symptoms can include wheezing, cough, chest tightness, shortness of breath. Symptoms vary between people, so they should not be used alone to confirm a diagnosis.","wheezing, cough, chest tightness, shortness of breath",Airway inflammation and narrowing,Follow the person's prescribed asthma action plan and avoid known triggers,Emergency care is needed for severe breathing difficulty or poor response to prescribed rescue treatment,Synthetic educational paraphrase,Educational information only; not a diagnosis or a substitute for professional medical care.
295,Respiratory,Asthma,Please explain: What can cause Asthma?,A common underlying explanation is Airway inflammation and narrowing. A healthcare professional can assess the individual situation and rule out other causes.,"wheezing, cough, chest tightness, shortness of breath",Airway inflammation and narrowing,Follow the person's prescribed asthma action plan and avoid known triggers,Emergency care is needed for severe breathing difficulty or poor response to prescribed rescue treatment,Synthetic educational paraphrase,Educational information only; not a diagnosis or a substitute for professional medical care.
296,Respiratory,Asthma,Can you explain this simply? What should I do if I think I have Asthma?,"Consider contacting a healthcare professional for assessment, especially if symptoms are new, severe, persistent, or worsening. General supportive steps may include Follow the person's prescribed asthma action plan and avoid known triggers.","wheezing, cough, chest tightness, shortness of breath",Airway inflammation and narrowing,Follow the person's prescribed asthma action plan and avoid known triggers,Emergency care is needed for severe breathing difficulty or poor response to prescribed rescue treatment,Synthetic educational paraphrase,Educational information only; not a diagnosis or a substitute for professional medical care.
297,Respiratory,Asthma,I want basic information: How can I reduce the risk of Asthma?,"Risk reduction depends on the condition. General measures may include healthy habits, appropriate vaccination where relevant, hygiene, avoiding known triggers, and following professional advice.","wheezing, cough, chest tightness, shortness of breath",Airway inflammation and narrowing,Follow the person's prescribed asthma action plan and avoid known triggers,Emergency care is needed for severe breathing difficulty or poor response to prescribed rescue treatment,Synthetic educational paraphrase,Educational information only; not a diagnosis or a substitute for professional medical care.
298,Respiratory,Asthma,"For a health-awareness project, When should I see a doctor for Asthma?","Medical assessment is especially important when symptoms are severe, persistent, worsening, or associated with warning signs. For this condition, important warning signs include: Emergency care is needed for severe breathing difficulty or poor response to prescribed rescue treatment.","wheezing, cough, chest tightness, shortness of breath",Airway inflammation and narrowing,Follow the person's prescribed asthma action plan and avoid known triggers,Emergency care is needed for severe breathing difficulty or poor response to prescribed rescue treatment,Synthetic educational paraphrase,Educational information only; not a diagnosis or a substitute for professional medical care.
299,Respiratory,Asthma,What should I know about this? Is Asthma always serious?,"Not necessarily. Severity varies widely. The safest approach is to consider the person's symptoms, age, medical history, and warning signs and seek professional assessment when needed.","wheezing, cough, chest tightness, shortness of breath",Airway inflammation and narrowing,Follow the person's prescribed asthma action plan and avoid known triggers,Emergency care is needed for severe breathing difficulty or poor response to prescribed rescue treatment,Synthetic educational paraphrase,Educational information only; not a diagnosis or a substitute for professional medical care.
300,Respiratory,Asthma,Please explain: Can Asthma be prevented?,"Some cases or complications may be preventable, while others are not fully preventable. Helpful measures can include Follow the person's prescribed asthma action plan and avoid known triggers and addressing known risk factors.","wheezing, cough, chest tightness, shortness of breath",Airway inflammation and narrowing,Follow the person's prescribed asthma action plan and avoid known triggers,Emergency care is needed for severe breathing difficulty or poor response to prescribed rescue treatment,Synthetic educational paraphrase,Educational information only; not a diagnosis or a substitute for professional medical care.
301,Respiratory,Asthma,Can you explain this simply? What lifestyle habits may help with Asthma?,"Helpful general habits may include adequate sleep, balanced nutrition, appropriate physical activity, hydration, avoiding tobacco, and following individualized medical advice.","wheezing, cough, chest tightness, shortness of breath",Airway inflammation and narrowing,Follow the person's prescribed asthma action plan and avoid known triggers,Emergency care is needed for severe breathing difficulty or poor response to prescribed rescue treatment,Synthetic educational paraphrase,Educational information only; not a diagnosis or a substitute for professional medical care.
302,Respiratory,Pneumonia,I want basic information: What are the common symptoms of Pneumonia?,"Common symptoms can include cough, fever, chills, shortness of breath, chest discomfort. Symptoms vary between people, so they should not be used alone to confirm a diagnosis.","cough, fever, chills, shortness of breath, chest discomfort",Infection or inflammation of the lungs,Medical assessment is important; treatment depends on the cause,"Seek urgent care for severe breathing difficulty, blue/gray lips, confusion, or severe chest pain",Synthetic educational paraphrase,Educational information only; not a diagnosis or a substitute for professional medical care.
303,Respiratory,Pneumonia,"For a health-awareness project, What can cause Pneumonia?",A common underlying explanation is Infection or inflammation of the lungs. A healthcare professional can assess the individual situation and rule out other causes.,"cough, fever, chills, shortness of breath, chest discomfort",Infection or inflammation of the lungs,Medical assessment is important; treatment depends on the cause,"Seek urgent care for severe breathing difficulty, blue/gray lips, confusion, or severe chest pain",Synthetic educational paraphrase,Educational information only; not a diagnosis or a substitute for professional medical care.
304,Respiratory,Pneumonia,What should I know about this? What should I do if I think I have Pneumonia?,"Consider contacting a healthcare professional for assessment, especially if symptoms are new, severe, persistent, or worsening. General supportive steps may include Medical assessment is important; treatment depends on the cause.","cough, fever, chills, shortness of breath, chest discomfort",Infection or inflammation of the lungs,Medical assessment is important; treatment depends on the cause,"Seek urgent care for severe breathing difficulty, blue/gray lips, confusion, or severe chest pain",Synthetic educational paraphrase,Educational information only; not a diagnosis or a substitute for professional medical care.
305,Respiratory,Pneumonia,Please explain: How can I reduce the risk of Pneumonia?,"Risk reduction depends on the condition. General measures may include healthy habits, appropriate vaccination where relevant, hygiene, avoiding known triggers, and following professional advice.","cough, fever, chills, shortness of breath, chest discomfort",Infection or inflammation of the lungs,Medical assessment is important; treatment depends on the cause,"Seek urgent care for severe breathing difficulty, blue/gray lips, confusion, or severe chest pain",Synthetic educational paraphrase,Educational information only; not a diagnosis or a substitute for professional medical care.
306,Respiratory,Pneumonia,Can you explain this simply? When should I see a doctor for Pneumonia?,"Medical assessment is especially important when symptoms are severe, persistent, worsening, or associated with warning signs. For this condition, important warning signs include: Seek urgent care for severe breathing difficulty, blue/gray lips, confusion, or severe chest pain.","cough, fever, chills, shortness of breath, chest discomfort",Infection or inflammation of the lungs,Medical assessment is important; treatment depends on the cause,"Seek urgent care for severe breathing difficulty, blue/gray lips, confusion, or severe chest pain",Synthetic educational paraphrase,Educational information only; not a diagnosis or a substitute for professional medical care.
307,Respiratory,Pneumonia,I want basic information: Is Pneumonia always serious?,"Not necessarily. Severity varies widely. The safest approach is to consider the person's symptoms, age, medical history, and warning signs and seek professional assessment when needed.","cough, fever, chills, shortness of breath, chest discomfort",Infection or inflammation of the lungs,Medical assessment is important; treatment depends on the cause,"Seek urgent care for severe breathing difficulty, blue/gray lips, confusion, or severe chest pain",Synthetic educational paraphrase,Educational information only; not a diagnosis or a substitute for professional medical care.
308,Respiratory,Pneumonia,"For a health-awareness project, Can Pneumonia be prevented?","Some cases or complications may be preventable, while others are not fully preventable. Helpful measures can include Medical assessment is important; treatment depends on the cause and addressing known risk factors.","cough, fever, chills, shortness of breath, chest discomfort",Infection or inflammation of the lungs,Medical assessment is important; treatment depends on the cause,"Seek urgent care for severe breathing difficulty, blue/gray lips, confusion, or severe chest pain",Synthetic educational paraphrase,Educational information only; not a diagnosis or a substitute for professional medical care.
309,Respiratory,Pneumonia,What should I know about this? What lifestyle habits may help with Pneumonia?,"Helpful general habits may include adequate sleep, balanced nutrition, appropriate physical activity, hydration, avoiding tobacco, and following individualized medical advice.","cough, fever, chills, shortness of breath, chest discomfort",Infection or inflammation of the lungs,Medical assessment is important; treatment depends on the cause,"Seek urgent care for severe breathing difficulty, blue/gray lips, confusion, or severe chest pain",Synthetic educational paraphrase,Educational information only; not a diagnosis or a substitute for professional medical care.
310,Allergy,Allergic Rhinitis,Please explain: What are the common symptoms of Allergic Rhinitis?,"Common symptoms can include sneezing, itchy nose, runny nose, nasal congestion. Symptoms vary between people, so they should not be used alone to confirm a diagnosis.","sneezing, itchy nose, runny nose, nasal congestion",Allergic reaction to environmental triggers,Avoid triggers and use clinician/pharmacist-advised symptom relief,Seek urgent care if symptoms include facial swelling or breathing difficulty,Synthetic educational paraphrase,Educational information only; not a diagnosis or a substitute for professional medical care.
311,Allergy,Allergic Rhinitis,Can you explain this simply? What can cause Allergic Rhinitis?,A common underlying explanation is Allergic reaction to environmental triggers. A healthcare professional can assess the individual situation and rule out other causes.,"sneezing, itchy nose, runny nose, nasal congestion",Allergic reaction to environmental triggers,Avoid triggers and use clinician/pharmacist-advised symptom relief,Seek urgent care if symptoms include facial swelling or breathing difficulty,Synthetic educational paraphrase,Educational information only; not a diagnosis or a substitute for professional medical care.
312,Allergy,Allergic Rhinitis,I want basic information: What should I do if I think I have Allergic Rhinitis?,"Consider contacting a healthcare professional for assessment, especially if symptoms are new, severe, persistent, or worsening. General supportive steps may include Avoid triggers and use clinician/pharmacist-advised symptom relief.","sneezing, itchy nose, runny nose, nasal congestion",Allergic reaction to environmental triggers,Avoid triggers and use clinician/pharmacist-advised symptom relief,Seek urgent care if symptoms include facial swelling or breathing difficulty,Synthetic educational paraphrase,Educational information only; not a diagnosis or a substitute for professional medical care.
313,Allergy,Allergic Rhinitis,"For a health-awareness project, How can I reduce the risk of Allergic Rhinitis?","Risk reduction depends on the condition. General measures may include healthy habits, appropriate vaccination where relevant, hygiene, avoiding known triggers, and following professional advice.","sneezing, itchy nose, runny nose, nasal congestion",Allergic reaction to environmental triggers,Avoid triggers and use clinician/pharmacist-advised symptom relief,Seek urgent care if symptoms include facial swelling or breathing difficulty,Synthetic educational paraphrase,Educational information only; not a diagnosis or a substitute for professional medical care.
314,Allergy,Allergic Rhinitis,What should I know about this? When should I see a doctor for Allergic Rhinitis?,"Medical assessment is especially important when symptoms are severe, persistent, worsening, or associated with warning signs. For this condition, important warning signs include: Seek urgent care if symptoms include facial swelling or breathing difficulty.","sneezing, itchy nose, runny nose, nasal congestion",Allergic reaction to environmental triggers,Avoid triggers and use clinician/pharmacist-advised symptom relief,Seek urgent care if symptoms include facial swelling or breathing difficulty,Synthetic educational paraphrase,Educational information only; not a diagnosis or a substitute for professional medical care.
315,Allergy,Allergic Rhinitis,Please explain: Is Allergic Rhinitis always serious?,"Not necessarily. Severity varies widely. The safest approach is to consider the person's symptoms, age, medical history, and warning signs and seek professional assessment when needed.","sneezing, itchy nose, runny nose, nasal congestion",Allergic reaction to environmental triggers,Avoid triggers and use clinician/pharmacist-advised symptom relief,Seek urgent care if symptoms include facial swelling or breathing difficulty,Synthetic educational paraphrase,Educational information only; not a diagnosis or a substitute for professional medical care.
316,Allergy,Allergic Rhinitis,Can you explain this simply? Can Allergic Rhinitis be prevented?,"Some cases or complications may be preventable, while others are not fully preventable. Helpful measures can include Avoid triggers and use clinician/pharmacist-advised symptom relief and addressing known risk factors.","sneezing, itchy nose, runny nose, nasal congestion",Allergic reaction to environmental triggers,Avoid triggers and use clinician/pharmacist-advised symptom relief,Seek urgent care if symptoms include facial swelling or breathing difficulty,Synthetic educational paraphrase,Educational information only; not a diagnosis or a substitute for professional medical care.
317,Allergy,Allergic Rhinitis,I want basic information: What lifestyle habits may help with Allergic Rhinitis?,"Helpful general habits may include adequate sleep, balanced nutrition, appropriate physical activity, hydration, avoiding tobacco, and following individualized medical advice.","sneezing, itchy nose, runny nose, nasal congestion",Allergic reaction to environmental triggers,Avoid triggers and use clinician/pharmacist-advised symptom relief,Seek urgent care if symptoms include facial swelling or breathing difficulty,Synthetic educational paraphrase,Educational information only; not a diagnosis or a substitute for professional medical care.
318,Neurological,Migraine,"For a health-awareness project, What are the common symptoms of Migraine?","Common symptoms can include throbbing headache, nausea, light sensitivity, sound sensitivity. Symptoms vary between people, so they should not be used alone to confirm a diagnosis.","throbbing headache, nausea, light sensitivity, sound sensitivity",Neurological condition with recurrent headache attacks,"Rest in a quiet dark room, hydration, and clinician-advised treatment","Seek urgent care for a sudden severe headache, new neurological symptoms, fainting, or severe neck stiffness",Synthetic educational paraphrase,Educational information only; not a diagnosis or a substitute for professional medical care.
319,Neurological,Migraine,What should I know about this? What can cause Migraine?,A common underlying explanation is Neurological condition with recurrent headache attacks. A healthcare professional can assess the individual situation and rule out other causes.,"throbbing headache, nausea, light sensitivity, sound sensitivity",Neurological condition with recurrent headache attacks,"Rest in a quiet dark room, hydration, and clinician-advised treatment","Seek urgent care for a sudden severe headache, new neurological symptoms, fainting, or severe neck stiffness",Synthetic educational paraphrase,Educational information only; not a diagnosis or a substitute for professional medical care.
320,Neurological,Migraine,Please explain: What should I do if I think I have Migraine?,"Consider contacting a healthcare professional for assessment, especially if symptoms are new, severe, persistent, or worsening. General supportive steps may include Rest in a quiet dark room, hydration, and clinician-advised treatment.","throbbing headache, nausea, light sensitivity, sound sensitivity",Neurological condition with recurrent headache attacks,"Rest in a quiet dark room, hydration, and clinician-advised treatment","Seek urgent care for a sudden severe headache, new neurological symptoms, fainting, or severe neck stiffness",Synthetic educational paraphrase,Educational information only; not a diagnosis or a substitute for professional medical care.
321,Neurological,Migraine,Can you explain this simply? How can I reduce the risk of Migraine?,"Risk reduction depends on the condition. General measures may include healthy habits, appropriate vaccination where relevant, hygiene, avoiding known triggers, and following professional advice.","throbbing headache, nausea, light sensitivity, sound sensitivity",Neurological condition with recurrent headache attacks,"Rest in a quiet dark room, hydration, and clinician-advised treatment","Seek urgent care for a sudden severe headache, new neurological symptoms, fainting, or severe neck stiffness",Synthetic educational paraphrase,Educational information only; not a diagnosis or a substitute for professional medical care.
322,Neurological,Migraine,I want basic information: When should I see a doctor for Migraine?,"Medical assessment is especially important when symptoms are severe, persistent, worsening, or associated with warning signs. For this condition, important warning signs include: Seek urgent care for a sudden severe headache, new neurological symptoms, fainting, or severe neck stiffness.","throbbing headache, nausea, light sensitivity, sound sensitivity",Neurological condition with recurrent headache attacks,"Rest in a quiet dark room, hydration, and clinician-advised treatment","Seek urgent care for a sudden severe headache, new neurological symptoms, fainting, or severe neck stiffness",Synthetic educational paraphrase,Educational information only; not a diagnosis or a substitute for professional medical care.
323,Neurological,Migraine,"For a health-awareness project, Is Migraine always serious?","Not necessarily. Severity varies widely. The safest approach is to consider the person's symptoms, age, medical history, and warning signs and seek professional assessment when needed.","throbbing headache, nausea, light sensitivity, sound sensitivity",Neurological condition with recurrent headache attacks,"Rest in a quiet dark room, hydration, and clinician-advised treatment","Seek urgent care for a sudden severe headache, new neurological symptoms, fainting, or severe neck stiffness",Synthetic educational paraphrase,Educational information only; not a diagnosis or a substitute for professional medical care.
324,Neurological,Migraine,What should I know about this? Can Migraine be prevented?,"Some cases or complications may be preventable, while others are not fully preventable. Helpful measures can include Rest in a quiet dark room, hydration, and clinician-advised treatment and addressing known risk factors.","throbbing headache, nausea, light sensitivity, sound sensitivity",Neurological condition with recurrent headache attacks,"Rest in a quiet dark room, hydration, and clinician-advised treatment","Seek urgent care for a sudden severe headache, new neurological symptoms, fainting, or severe neck stiffness",Synthetic educational paraphrase,Educational information only; not a diagnosis or a substitute for professional medical care.
325,Neurological,Migraine,Please explain: What lifestyle habits may help with Migraine?,"Helpful general habits may include adequate sleep, balanced nutrition, appropriate physical activity, hydration, avoiding tobacco, and following individualized medical advice.","throbbing headache, nausea, light sensitivity, sound sensitivity",Neurological condition with recurrent headache attacks,"Rest in a quiet dark room, hydration, and clinician-advised treatment","Seek urgent care for a sudden severe headache, new neurological symptoms, fainting, or severe neck stiffness",Synthetic educational paraphrase,Educational information only; not a diagnosis or a substitute for professional medical care.
326,Cardiovascular,Hypertension,Can you explain this simply? What are the common symptoms of Hypertension?,"Common symptoms can include often no symptoms; sometimes headache or dizziness. Symptoms vary between people, so they should not be used alone to confirm a diagnosis.",often no symptoms; sometimes headache or dizziness,Persistently elevated blood pressure,"Regular blood-pressure monitoring, healthy lifestyle, and prescribed treatment","Very high blood pressure with chest pain, severe headache, confusion, weakness, or breathing difficulty needs urgent care",Synthetic educational paraphrase,Educational information only; not a diagnosis or a substitute for professional medical care.
327,Cardiovascular,Hypertension,I want basic information: What can cause Hypertension?,A common underlying explanation is Persistently elevated blood pressure. A healthcare professional can assess the individual situation and rule out other causes.,often no symptoms; sometimes headache or dizziness,Persistently elevated blood pressure,"Regular blood-pressure monitoring, healthy lifestyle, and prescribed treatment","Very high blood pressure with chest pain, severe headache, confusion, weakness, or breathing difficulty needs urgent care",Synthetic educational paraphrase,Educational information only; not a diagnosis or a substitute for professional medical care.
328,Cardiovascular,Hypertension,"For a health-awareness project, What should I do if I think I have Hypertension?","Consider contacting a healthcare professional for assessment, especially if symptoms are new, severe, persistent, or worsening. General supportive steps may include Regular blood-pressure monitoring, healthy lifestyle, and prescribed treatment.",often no symptoms; sometimes headache or dizziness,Persistently elevated blood pressure,"Regular blood-pressure monitoring, healthy lifestyle, and prescribed treatment","Very high blood pressure with chest pain, severe headache, confusion, weakness, or breathing difficulty needs urgent care",Synthetic educational paraphrase,Educational information only; not a diagnosis or a substitute for professional medical care.
329,Cardiovascular,Hypertension,What should I know about this? How can I reduce the risk of Hypertension?,"Risk reduction depends on the condition. General measures may include healthy habits, appropriate vaccination where relevant, hygiene, avoiding known triggers, and following professional advice.",often no symptoms; sometimes headache or dizziness,Persistently elevated blood pressure,"Regular blood-pressure monitoring, healthy lifestyle, and prescribed treatment","Very high blood pressure with chest pain, severe headache, confusion, weakness, or breathing difficulty needs urgent care",Synthetic educational paraphrase,Educational information only; not a diagnosis or a substitute for professional medical care.
330,Cardiovascular,Hypertension,Please explain: When should I see a doctor for Hypertension?,"Medical assessment is especially important when symptoms are severe, persistent, worsening, or associated with warning signs. For this condition, important warning signs include: Very high blood pressure with chest pain, severe headache, confusion, weakness, or breathing difficulty needs urgent care.",often no symptoms; sometimes headache or dizziness,Persistently elevated blood pressure,"Regular blood-pressure monitoring, healthy lifestyle, and prescribed treatment","Very high blood pressure with chest pain, severe headache, confusion, weakness, or breathing difficulty needs urgent care",Synthetic educational paraphrase,Educational information only; not a diagnosis or a substitute for professional medical care.
331,Cardiovascular,Hypertension,Can you explain this simply? Is Hypertension always serious?,"Not necessarily. Severity varies widely. The safest approach is to consider the person's symptoms, age, medical history, and warning signs and seek professional assessment when needed.",often no symptoms; sometimes headache or dizziness,Persistently elevated blood pressure,"Regular blood-pressure monitoring, healthy lifestyle, and prescribed treatment","Very high blood pressure with chest pain, severe headache, confusion, weakness, or breathing difficulty needs urgent care",Synthetic educational paraphrase,Educational information only; not a diagnosis or a substitute for professional medical care.
332,Cardiovascular,Hypertension,I want basic information: Can Hypertension be prevented?,"Some cases or complications may be preventable, while others are not fully preventable. Helpful measures can include Regular blood-pressure monitoring, healthy lifestyle, and prescribed treatment and addressing known risk factors.",often no symptoms; sometimes headache or dizziness,Persistently elevated blood pressure,"Regular blood-pressure monitoring, healthy lifestyle, and prescribed treatment","Very high blood pressure with chest pain, severe headache, confusion, weakness, or breathing difficulty needs urgent care",Synthetic educational paraphrase,Educational information only; not a diagnosis or a substitute for professional medical care.
333,Cardiovascular,Hypertension,"For a health-awareness project, What lifestyle habits may help with Hypertension?","Helpful general habits may include adequate sleep, balanced nutrition, appropriate physical activity, hydration, avoiding tobacco, and following individualized medical advice.",often no symptoms; sometimes headache or dizziness,Persistently elevated blood pressure,"Regular blood-pressure monitoring, healthy lifestyle, and prescribed treatment","Very high blood pressure with chest pain, severe headache, confusion, weakness, or breathing difficulty needs urgent care",Synthetic educational paraphrase,Educational information only; not a diagnosis or a substitute for professional medical care.
334,Metabolic,Type 2 Diabetes,What should I know about this? What are the common symptoms of Type 2 Diabetes?,"Common symptoms can include increased thirst, frequent urination, fatigue, blurred vision. Symptoms vary between people, so they should not be used alone to confirm a diagnosis.","increased thirst, frequent urination, fatigue, blurred vision",Impaired insulin action and glucose regulation,"Healthy eating, physical activity, monitoring, and prescribed treatment","Seek urgent care for confusion, severe dehydration, vomiting, or very abnormal glucose with symptoms",Synthetic educational paraphrase,Educational information only; not a diagnosis or a substitute for professional medical care.
335,Metabolic,Type 2 Diabetes,Please explain: What can cause Type 2 Diabetes?,A common underlying explanation is Impaired insulin action and glucose regulation. A healthcare professional can assess the individual situation and rule out other causes.,"increased thirst, frequent urination, fatigue, blurred vision",Impaired insulin action and glucose regulation,"Healthy eating, physical activity, monitoring, and prescribed treatment","Seek urgent care for confusion, severe dehydration, vomiting, or very abnormal glucose with symptoms",Synthetic educational paraphrase,Educational information only; not a diagnosis or a substitute for professional medical care.
336,Metabolic,Type 2 Diabetes,Can you explain this simply? What should I do if I think I have Type 2 Diabetes?,"Consider contacting a healthcare professional for assessment, especially if symptoms are new, severe, persistent, or worsening. General supportive steps may include Healthy eating, physical activity, monitoring, and prescribed treatment.","increased thirst, frequent urination, fatigue, blurred vision",Impaired insulin action and glucose regulation,"Healthy eating, physical activity, monitoring, and prescribed treatment","Seek urgent care for confusion, severe dehydration, vomiting, or very abnormal glucose with symptoms",Synthetic educational paraphrase,Educational information only; not a diagnosis or a substitute for professional medical care.
337,Metabolic,Type 2 Diabetes,I want basic information: How can I reduce the risk of Type 2 Diabetes?,"Risk reduction depends on the condition. General measures may include healthy habits, appropriate vaccination where relevant, hygiene, avoiding known triggers, and following professional advice.","increased thirst, frequent urination, fatigue, blurred vision",Impaired insulin action and glucose regulation,"Healthy eating, physical activity, monitoring, and prescribed treatment","Seek urgent care for confusion, severe dehydration, vomiting, or very abnormal glucose with symptoms",Synthetic educational paraphrase,Educational information only; not a diagnosis or a substitute for professional medical care.
338,Metabolic,Type 2 Diabetes,"For a health-awareness project, When should I see a doctor for Type 2 Diabetes?","Medical assessment is especially important when symptoms are severe, persistent, worsening, or associated with warning signs. For this condition, important warning signs include: Seek urgent care for confusion, severe dehydration, vomiting, or very abnormal glucose with symptoms.","increased thirst, frequent urination, fatigue, blurred vision",Impaired insulin action and glucose regulation,"Healthy eating, physical activity, monitoring, and prescribed treatment","Seek urgent care for confusion, severe dehydration, vomiting, or very abnormal glucose with symptoms",Synthetic educational paraphrase,Educational information only; not a diagnosis or a substitute for professional medical care.
339,Metabolic,Type 2 Diabetes,What should I know about this? Is Type 2 Diabetes always serious?,"Not necessarily. Severity varies widely. The safest approach is to consider the person's symptoms, age, medical history, and warning signs and seek professional assessment when needed.","increased thirst, frequent urination, fatigue, blurred vision",Impaired insulin action and glucose regulation,"Healthy eating, physical activity, monitoring, and prescribed treatment","Seek urgent care for confusion, severe dehydration, vomiting, or very abnormal glucose with symptoms",Synthetic educational paraphrase,Educational information only; not a diagnosis or a substitute for professional medical care.
340,Metabolic,Type 2 Diabetes,Please explain: Can Type 2 Diabetes be prevented?,"Some cases or complications may be preventable, while others are not fully preventable. Helpful measures can include Healthy eating, physical activity, monitoring, and prescribed treatment and addressing known risk factors.","increased thirst, frequent urination, fatigue, blurred vision",Impaired insulin action and glucose regulation,"Healthy eating, physical activity, monitoring, and prescribed treatment","Seek urgent care for confusion, severe dehydration, vomiting, or very abnormal glucose with symptoms",Synthetic educational paraphrase,Educational information only; not a diagnosis or a substitute for professional medical care.
341,Metabolic,Type 2 Diabetes,Can you explain this simply? What lifestyle habits may help with Type 2 Diabetes?,"Helpful general habits may include adequate sleep, balanced nutrition, appropriate physical activity, hydration, avoiding tobacco, and following individualized medical advice.","increased thirst, frequent urination, fatigue, blurred vision",Impaired insulin action and glucose regulation,"Healthy eating, physical activity, monitoring, and prescribed treatment","Seek urgent care for confusion, severe dehydration, vomiting, or very abnormal glucose with symptoms",Synthetic educational paraphrase,Educational information only; not a diagnosis or a substitute for professional medical care.
342,Digestive,Gastroenteritis,I want basic information: What are the common symptoms of Gastroenteritis?,"Common symptoms can include diarrhea, vomiting, abdominal cramps, nausea. Symptoms vary between people, so they should not be used alone to confirm a diagnosis.","diarrhea, vomiting, abdominal cramps, nausea",Infection or irritation of the digestive tract,Fluids and oral rehydration can help; food intake as tolerated,"Seek care for severe dehydration, blood in stool/vomit, persistent vomiting, or severe abdominal pain",Synthetic educational paraphrase,Educational information only; not a diagnosis or a substitute for professional medical care.
343,Digestive,Gastroenteritis,"For a health-awareness project, What can cause Gastroenteritis?",A common underlying explanation is Infection or irritation of the digestive tract. A healthcare professional can assess the individual situation and rule out other causes.,"diarrhea, vomiting, abdominal cramps, nausea",Infection or irritation of the digestive tract,Fluids and oral rehydration can help; food intake as tolerated,"Seek care for severe dehydration, blood in stool/vomit, persistent vomiting, or severe abdominal pain",Synthetic educational paraphrase,Educational information only; not a diagnosis or a substitute for professional medical care.
344,Digestive,Gastroenteritis,What should I know about this? What should I do if I think I have Gastroenteritis?,"Consider contacting a healthcare professional for assessment, especially if symptoms are new, severe, persistent, or worsening. General supportive steps may include Fluids and oral rehydration can help; food intake as tolerated.","diarrhea, vomiting, abdominal cramps, nausea",Infection or irritation of the digestive tract,Fluids and oral rehydration can help; food intake as tolerated,"Seek care for severe dehydration, blood in stool/vomit, persistent vomiting, or severe abdominal pain",Synthetic educational paraphrase,Educational information only; not a diagnosis or a substitute for professional medical care.
345,Digestive,Gastroenteritis,Please explain: How can I reduce the risk of Gastroenteritis?,"Risk reduction depends on the condition. General measures may include healthy habits, appropriate vaccination where relevant, hygiene, avoiding known triggers, and following professional advice.","diarrhea, vomiting, abdominal cramps, nausea",Infection or irritation of the digestive tract,Fluids and oral rehydration can help; food intake as tolerated,"Seek care for severe dehydration, blood in stool/vomit, persistent vomiting, or severe abdominal pain",Synthetic educational paraphrase,Educational information only; not a diagnosis or a substitute for professional medical care.
346,Digestive,Gastroenteritis,Can you explain this simply? When should I see a doctor for Gastroenteritis?,"Medical assessment is especially important when symptoms are severe, persistent, worsening, or associated with warning signs. For this condition, important warning signs include: Seek care for severe dehydration, blood in stool/vomit, persistent vomiting, or severe abdominal pain.","diarrhea, vomiting, abdominal cramps, nausea",Infection or irritation of the digestive tract,Fluids and oral rehydration can help; food intake as tolerated,"Seek care for severe dehydration, blood in stool/vomit, persistent vomiting, or severe abdominal pain",Synthetic educational paraphrase,Educational information only; not a diagnosis or a substitute for professional medical care.
347,Digestive,Gastroenteritis,I want basic information: Is Gastroenteritis always serious?,"Not necessarily. Severity varies widely. The safest approach is to consider the person's symptoms, age, medical history, and warning signs and seek professional assessment when needed.","diarrhea, vomiting, abdominal cramps, nausea",Infection or irritation of the digestive tract,Fluids and oral rehydration can help; food intake as tolerated,"Seek care for severe dehydration, blood in stool/vomit, persistent vomiting, or severe abdominal pain",Synthetic educational paraphrase,Educational information only; not a diagnosis or a substitute for professional medical care.
348,Digestive,Gastroenteritis,"For a health-awareness project, Can Gastroenteritis be prevented?","Some cases or complications may be preventable, while others are not fully preventable. Helpful measures can include Fluids and oral rehydration can help; food intake as tolerated and addressing known risk factors.","diarrhea, vomiting, abdominal cramps, nausea",Infection or irritation of the digestive tract,Fluids and oral rehydration can help; food intake as tolerated,"Seek care for severe dehydration, blood in stool/vomit, persistent vomiting, or severe abdominal pain",Synthetic educational paraphrase,Educational information only; not a diagnosis or a substitute for professional medical care.
349,Digestive,Gastroenteritis,What should I know about this? What lifestyle habits may help with Gastroenteritis?,"Helpful general habits may include adequate sleep, balanced nutrition, appropriate physical activity, hydration, avoiding tobacco, and following individualized medical advice.","diarrhea, vomiting, abdominal cramps, nausea",Infection or irritation of the digestive tract,Fluids and oral rehydration can help; food intake as tolerated,"Seek care for severe dehydration, blood in stool/vomit, persistent vomiting, or severe abdominal pain",Synthetic educational paraphrase,Educational information only; not a diagnosis or a substitute for professional medical care.
350,Digestive,GERD,Please explain: What are the common symptoms of GERD?,"Common symptoms can include heartburn, acid taste, regurgitation, chest discomfort after meals. Symptoms vary between people, so they should not be used alone to confirm a diagnosis.","heartburn, acid taste, regurgitation, chest discomfort after meals",Backflow of stomach contents into the esophagus,"Smaller meals, avoiding personal triggers, and clinician-advised treatment may help","Seek urgent evaluation for severe/new chest pain, trouble swallowing, vomiting blood, or black stools",Synthetic educational paraphrase,Educational information only; not a diagnosis or a substitute for professional medical care.
351,Digestive,GERD,Can you explain this simply? What can cause GERD?,A common underlying explanation is Backflow of stomach contents into the esophagus. A healthcare professional can assess the individual situation and rule out other causes.,"heartburn, acid taste, regurgitation, chest discomfort after meals",Backflow of stomach contents into the esophagus,"Smaller meals, avoiding personal triggers, and clinician-advised treatment may help","Seek urgent evaluation for severe/new chest pain, trouble swallowing, vomiting blood, or black stools",Synthetic educational paraphrase,Educational information only; not a diagnosis or a substitute for professional medical care.
352,Digestive,GERD,I want basic information: What should I do if I think I have GERD?,"Consider contacting a healthcare professional for assessment, especially if symptoms are new, severe, persistent, or worsening. General supportive steps may include Smaller meals, avoiding personal triggers, and clinician-advised treatment may help.","heartburn, acid taste, regurgitation, chest discomfort after meals",Backflow of stomach contents into the esophagus,"Smaller meals, avoiding personal triggers, and clinician-advised treatment may help","Seek urgent evaluation for severe/new chest pain, trouble swallowing, vomiting blood, or black stools",Synthetic educational paraphrase,Educational information only; not a diagnosis or a substitute for professional medical care.
353,Digestive,GERD,"For a health-awareness project, How can I reduce the risk of GERD?","Risk reduction depends on the condition. General measures may include healthy habits, appropriate vaccination where relevant, hygiene, avoiding known triggers, and following professional advice.","heartburn, acid taste, regurgitation, chest discomfort after meals",Backflow of stomach contents into the esophagus,"Smaller meals, avoiding personal triggers, and clinician-advised treatment may help","Seek urgent evaluation for severe/new chest pain, trouble swallowing, vomiting blood, or black stools",Synthetic educational paraphrase,Educational information only; not a diagnosis or a substitute for professional medical care.
354,Digestive,GERD,What should I know about this? When should I see a doctor for GERD?,"Medical assessment is especially important when symptoms are severe, persistent, worsening, or associated with warning signs. For this condition, important warning signs include: Seek urgent evaluation for severe/new chest pain, trouble swallowing, vomiting blood, or black stools.","heartburn, acid taste, regurgitation, chest discomfort after meals",Backflow of stomach contents into the esophagus,"Smaller meals, avoiding personal triggers, and clinician-advised treatment may help","Seek urgent evaluation for severe/new chest pain, trouble swallowing, vomiting blood, or black stools",Synthetic educational paraphrase,Educational information only; not a diagnosis or a substitute for professional medical care.
355,Digestive,GERD,Please explain: Is GERD always serious?,"Not necessarily. Severity varies widely. The safest approach is to consider the person's symptoms, age, medical history, and warning signs and seek professional assessment when needed.","heartburn, acid taste, regurgitation, chest discomfort after meals",Backflow of stomach contents into the esophagus,"Smaller meals, avoiding personal triggers, and clinician-advised treatment may help","Seek urgent evaluation for severe/new chest pain, trouble swallowing, vomiting blood, or black stools",Synthetic educational paraphrase,Educational information only; not a diagnosis or a substitute for professional medical care.
356,Digestive,GERD,Can you explain this simply? Can GERD be prevented?,"Some cases or complications may be preventable, while others are not fully preventable. Helpful measures can include Smaller meals, avoiding personal triggers, and clinician-advised treatment may help and addressing known risk factors.","heartburn, acid taste, regurgitation, chest discomfort after meals",Backflow of stomach contents into the esophagus,"Smaller meals, avoiding personal triggers, and clinician-advised treatment may help","Seek urgent evaluation for severe/new chest pain, trouble swallowing, vomiting blood, or black stools",Synthetic educational paraphrase,Educational information only; not a diagnosis or a substitute for professional medical care.
357,Digestive,GERD,I want basic information: What lifestyle habits may help with GERD?,"Helpful general habits may include adequate sleep, balanced nutrition, appropriate physical activity, hydration, avoiding tobacco, and following individualized medical advice.","heartburn, acid taste, regurgitation, chest discomfort after meals",Backflow of stomach contents into the esophagus,"Smaller meals, avoiding personal triggers, and clinician-advised treatment may help","Seek urgent evaluation for severe/new chest pain, trouble swallowing, vomiting blood, or black stools",Synthetic educational paraphrase,Educational information only; not a diagnosis or a substitute for professional medical care.
358,Urinary,Urinary Tract Infection,"For a health-awareness project, What are the common symptoms of Urinary Tract Infection?","Common symptoms can include burning urination, frequent urination, urgency, lower abdominal discomfort. Symptoms vary between people, so they should not be used alone to confirm a diagnosis.","burning urination, frequent urination, urgency, lower abdominal discomfort",Usually bacterial infection of the urinary tract,Medical testing and clinician-directed treatment may be needed,"Seek prompt care for fever, flank/back pain, vomiting, pregnancy, or worsening symptoms",Synthetic educational paraphrase,Educational information only; not a diagnosis or a substitute for professional medical care.
359,Urinary,Urinary Tract Infection,What should I know about this? What can cause Urinary Tract Infection?,A common underlying explanation is Usually bacterial infection of the urinary tract. A healthcare professional can assess the individual situation and rule out other causes.,"burning urination, frequent urination, urgency, lower abdominal discomfort",Usually bacterial infection of the urinary tract,Medical testing and clinician-directed treatment may be needed,"Seek prompt care for fever, flank/back pain, vomiting, pregnancy, or worsening symptoms",Synthetic educational paraphrase,Educational information only; not a diagnosis or a substitute for professional medical care.
360,Urinary,Urinary Tract Infection,Please explain: What should I do if I think I have Urinary Tract Infection?,"Consider contacting a healthcare professional for assessment, especially if symptoms are new, severe, persistent, or worsening. General supportive steps may include Medical testing and clinician-directed treatment may be needed.","burning urination, frequent urination, urgency, lower abdominal discomfort",Usually bacterial infection of the urinary tract,Medical testing and clinician-directed treatment may be needed,"Seek prompt care for fever, flank/back pain, vomiting, pregnancy, or worsening symptoms",Synthetic educational paraphrase,Educational information only; not a diagnosis or a substitute for professional medical care.
361,Urinary,Urinary Tract Infection,Can you explain this simply? How can I reduce the risk of Urinary Tract Infection?,"Risk reduction depends on the condition. General measures may include healthy habits, appropriate vaccination where relevant, hygiene, avoiding known triggers, and following professional advice.","burning urination, frequent urination, urgency, lower abdominal discomfort",Usually bacterial infection of the urinary tract,Medical testing and clinician-directed treatment may be needed,"Seek prompt care for fever, flank/back pain, vomiting, pregnancy, or worsening symptoms",Synthetic educational paraphrase,Educational information only; not a diagnosis or a substitute for professional medical care.
362,Urinary,Urinary Tract Infection,I want basic information: When should I see a doctor for Urinary Tract Infection?,"Medical assessment is especially important when symptoms are severe, persistent, worsening, or associated with warning signs. For this condition, important warning signs include: Seek prompt care for fever, flank/back pain, vomiting, pregnancy, or worsening symptoms.","burning urination, frequent urination, urgency, lower abdominal discomfort",Usually bacterial infection of the urinary tract,Medical testing and clinician-directed treatment may be needed,"Seek prompt care for fever, flank/back pain, vomiting, pregnancy, or worsening symptoms",Synthetic educational paraphrase,Educational information only; not a diagnosis or a substitute for professional medical care.
363,Urinary,Urinary Tract Infection,"For a health-awareness project, Is Urinary Tract Infection always serious?","Not necessarily. Severity varies widely. The safest approach is to consider the person's symptoms, age, medical history, and warning signs and seek professional assessment when needed.","burning urination, frequent urination, urgency, lower abdominal discomfort",Usually bacterial infection of the urinary tract,Medical testing and clinician-directed treatment may be needed,"Seek prompt care for fever, flank/back pain, vomiting, pregnancy, or worsening symptoms",Synthetic educational paraphrase,Educational information only; not a diagnosis or a substitute for professional medical care.
364,Urinary,Urinary Tract Infection,What should I know about this? Can Urinary Tract Infection be prevented?,"Some cases or complications may be preventable, while others are not fully preventable. Helpful measures can include Medical testing and clinician-directed treatment may be needed and addressing known risk factors.","burning urination, frequent urination, urgency, lower abdominal discomfort",Usually bacterial infection of the urinary tract,Medical testing and clinician-directed treatment may be needed,"Seek prompt care for fever, flank/back pain, vomiting, pregnancy, or worsening symptoms",Synthetic educational paraphrase,Educational information only; not a diagnosis or a substitute for professional medical care.
365,Urinary,Urinary Tract Infection,Please explain: What lifestyle habits may help with Urinary Tract Infection?,"Helpful general habits may include adequate sleep, balanced nutrition, appropriate physical activity, hydration, avoiding tobacco, and following individualized medical advice.","burning urination, frequent urination, urgency, lower abdominal discomfort",Usually bacterial infection of the urinary tract,Medical testing and clinician-directed treatment may be needed,"Seek prompt care for fever, flank/back pain, vomiting, pregnancy, or worsening symptoms",Synthetic educational paraphrase,Educational information only; not a diagnosis or a substitute for professional medical care.
366,Blood,Iron Deficiency Anemia,Can you explain this simply? What are the common symptoms of Iron Deficiency Anemia?,"Common symptoms can include fatigue, weakness, pale skin, dizziness, shortness of breath on exertion. Symptoms vary between people, so they should not be used alone to confirm a diagnosis.","fatigue, weakness, pale skin, dizziness, shortness of breath on exertion",Insufficient iron leading to reduced hemoglobin production,Medical evaluation should identify the cause; iron treatment should follow professional advice,"Seek urgent care for fainting, severe breathlessness, chest pain, or rapid worsening",Synthetic educational paraphrase,Educational information only; not a diagnosis or a substitute for professional medical care.
367,Blood,Iron Deficiency Anemia,I want basic information: What can cause Iron Deficiency Anemia?,A common underlying explanation is Insufficient iron leading to reduced hemoglobin production. A healthcare professional can assess the individual situation and rule out other causes.,"fatigue, weakness, pale skin, dizziness, shortness of breath on exertion",Insufficient iron leading to reduced hemoglobin production,Medical evaluation should identify the cause; iron treatment should follow professional advice,"Seek urgent care for fainting, severe breathlessness, chest pain, or rapid worsening",Synthetic educational paraphrase,Educational information only; not a diagnosis or a substitute for professional medical care.
368,Blood,Iron Deficiency Anemia,"For a health-awareness project, What should I do if I think I have Iron Deficiency Anemia?","Consider contacting a healthcare professional for assessment, especially if symptoms are new, severe, persistent, or worsening. General supportive steps may include Medical evaluation should identify the cause; iron treatment should follow professional advice.","fatigue, weakness, pale skin, dizziness, shortness of breath on exertion",Insufficient iron leading to reduced hemoglobin production,Medical evaluation should identify the cause; iron treatment should follow professional advice,"Seek urgent care for fainting, severe breathlessness, chest pain, or rapid worsening",Synthetic educational paraphrase,Educational information only; not a diagnosis or a substitute for professional medical care.
369,Blood,Iron Deficiency Anemia,What should I know about this? How can I reduce the risk of Iron Deficiency Anemia?,"Risk reduction depends on the condition. General measures may include healthy habits, appropriate vaccination where relevant, hygiene, avoiding known triggers, and following professional advice.","fatigue, weakness, pale skin, dizziness, shortness of breath on exertion",Insufficient iron leading to reduced hemoglobin production,Medical evaluation should identify the cause; iron treatment should follow professional advice,"Seek urgent care for fainting, severe breathlessness, chest pain, or rapid worsening",Synthetic educational paraphrase,Educational information only; not a diagnosis or a substitute for professional medical care.
370,Blood,Iron Deficiency Anemia,Please explain: When should I see a doctor for Iron Deficiency Anemia?,"Medical assessment is especially important when symptoms are severe, persistent, worsening, or associated with warning signs. For this condition, important warning signs include: Seek urgent care for fainting, severe breathlessness, chest pain, or rapid worsening.","fatigue, weakness, pale skin, dizziness, shortness of breath on exertion",Insufficient iron leading to reduced hemoglobin production,Medical evaluation should identify the cause; iron treatment should follow professional advice,"Seek urgent care for fainting, severe breathlessness, chest pain, or rapid worsening",Synthetic educational paraphrase,Educational information only; not a diagnosis or a substitute for professional medical care.
371,Blood,Iron Deficiency Anemia,Can you explain this simply? Is Iron Deficiency Anemia always serious?,"Not necessarily. Severity varies widely. The safest approach is to consider the person's symptoms, age, medical history, and warning signs and seek professional assessment when needed.","fatigue, weakness, pale skin, dizziness, shortness of breath on exertion",Insufficient iron leading to reduced hemoglobin production,Medical evaluation should identify the cause; iron treatment should follow professional advice,"Seek urgent care for fainting, severe breathlessness, chest pain, or rapid worsening",Synthetic educational paraphrase,Educational information only; not a diagnosis or a substitute for professional medical care.
372,Blood,Iron Deficiency Anemia,I want basic information: Can Iron Deficiency Anemia be prevented?,"Some cases or complications may be preventable, while others are not fully preventable. Helpful measures can include Medical evaluation should identify the cause; iron treatment should follow professional advice and addressing known risk factors.","fatigue, weakness, pale skin, dizziness, shortness of breath on exertion",Insufficient iron leading to reduced hemoglobin production,Medical evaluation should identify the cause; iron treatment should follow professional advice,"Seek urgent care for fainting, severe breathlessness, chest pain, or rapid worsening",Synthetic educational paraphrase,Educational information only; not a diagnosis or a substitute for professional medical care.
373,Blood,Iron Deficiency Anemia,"For a health-awareness project, What lifestyle habits may help with Iron Deficiency Anemia?","Helpful general habits may include adequate sleep, balanced nutrition, appropriate physical activity, hydration, avoiding tobacco, and following individualized medical advice.","fatigue, weakness, pale skin, dizziness, shortness of breath on exertion",Insufficient iron leading to reduced hemoglobin production,Medical evaluation should identify the cause; iron treatment should follow professional advice,"Seek urgent care for fainting, severe breathlessness, chest pain, or rapid worsening",Synthetic educational paraphrase,Educational information only; not a diagnosis or a substitute for professional medical care.
374,Endocrine,Hypothyroidism,What should I know about this? What are the common symptoms of Hypothyroidism?,"Common symptoms can include fatigue, feeling cold, dry skin, constipation, weight changes. Symptoms vary between people, so they should not be used alone to confirm a diagnosis.","fatigue, feeling cold, dry skin, constipation, weight changes",Low thyroid hormone activity,Blood testing and clinician-directed treatment are used,"Seek urgent care for severe drowsiness, confusion, breathing difficulty, or very low body temperature",Synthetic educational paraphrase,Educational information only; not a diagnosis or a substitute for professional medical care.
375,Endocrine,Hypothyroidism,Please explain: What can cause Hypothyroidism?,A common underlying explanation is Low thyroid hormone activity. A healthcare professional can assess the individual situation and rule out other causes.,"fatigue, feeling cold, dry skin, constipation, weight changes",Low thyroid hormone activity,Blood testing and clinician-directed treatment are used,"Seek urgent care for severe drowsiness, confusion, breathing difficulty, or very low body temperature",Synthetic educational paraphrase,Educational information only; not a diagnosis or a substitute for professional medical care.
376,Endocrine,Hypothyroidism,Can you explain this simply? What should I do if I think I have Hypothyroidism?,"Consider contacting a healthcare professional for assessment, especially if symptoms are new, severe, persistent, or worsening. General supportive steps may include Blood testing and clinician-directed treatment are used.","fatigue, feeling cold, dry skin, constipation, weight changes",Low thyroid hormone activity,Blood testing and clinician-directed treatment are used,"Seek urgent care for severe drowsiness, confusion, breathing difficulty, or very low body temperature",Synthetic educational paraphrase,Educational information only; not a diagnosis or a substitute for professional medical care.
377,Endocrine,Hypothyroidism,I want basic information: How can I reduce the risk of Hypothyroidism?,"Risk reduction depends on the condition. General measures may include healthy habits, appropriate vaccination where relevant, hygiene, avoiding known triggers, and following professional advice.","fatigue, feeling cold, dry skin, constipation, weight changes",Low thyroid hormone activity,Blood testing and clinician-directed treatment are used,"Seek urgent care for severe drowsiness, confusion, breathing difficulty, or very low body temperature",Synthetic educational paraphrase,Educational information only; not a diagnosis or a substitute for professional medical care.
378,Endocrine,Hypothyroidism,"For a health-awareness project, When should I see a doctor for Hypothyroidism?","Medical assessment is especially important when symptoms are severe, persistent, worsening, or associated with warning signs. For this condition, important warning signs include: Seek urgent care for severe drowsiness, confusion, breathing difficulty, or very low body temperature.","fatigue, feeling cold, dry skin, constipation, weight changes",Low thyroid hormone activity,Blood testing and clinician-directed treatment are used,"Seek urgent care for severe drowsiness, confusion, breathing difficulty, or very low body temperature",Synthetic educational paraphrase,Educational information only; not a diagnosis or a substitute for professional medical care.
379,Endocrine,Hypothyroidism,What should I know about this? Is Hypothyroidism always serious?,"Not necessarily. Severity varies widely. The safest approach is to consider the person's symptoms, age, medical history, and warning signs and seek professional assessment when needed.","fatigue, feeling cold, dry skin, constipation, weight changes",Low thyroid hormone activity,Blood testing and clinician-directed treatment are used,"Seek urgent care for severe drowsiness, confusion, breathing difficulty, or very low body temperature",Synthetic educational paraphrase,Educational information only; not a diagnosis or a substitute for professional medical care.
380,Endocrine,Hypothyroidism,Please explain: Can Hypothyroidism be prevented?,"Some cases or complications may be preventable, while others are not fully preventable. Helpful measures can include Blood testing and clinician-directed treatment are used and addressing known risk factors.","fatigue, feeling cold, dry skin, constipation, weight changes",Low thyroid hormone activity,Blood testing and clinician-directed treatment are used,"Seek urgent care for severe drowsiness, confusion, breathing difficulty, or very low body temperature",Synthetic educational paraphrase,Educational information only; not a diagnosis or a substitute for professional medical care.
381,Endocrine,Hypothyroidism,Can you explain this simply? What lifestyle habits may help with Hypothyroidism?,"Helpful general habits may include adequate sleep, balanced nutrition, appropriate physical activity, hydration, avoiding tobacco, and following individualized medical advice.","fatigue, feeling cold, dry skin, constipation, weight changes",Low thyroid hormone activity,Blood testing and clinician-directed treatment are used,"Seek urgent care for severe drowsiness, confusion, breathing difficulty, or very low body temperature",Synthetic educational paraphrase,Educational information only; not a diagnosis or a substitute for professional medical care.
382,Eye,Conjunctivitis,I want basic information: What are the common symptoms of Conjunctivitis?,"Common symptoms can include red eye, discharge, irritation, watery eyes. Symptoms vary between people, so they should not be used alone to confirm a diagnosis.","red eye, discharge, irritation, watery eyes",Inflammation/infection of the conjunctiva,Hand hygiene and avoiding eye rubbing help; evaluation may be needed,"Seek urgent care for severe eye pain, vision changes, light sensitivity, or eye injury",Synthetic educational paraphrase,Educational information only; not a diagnosis or a substitute for professional medical care.
383,Eye,Conjunctivitis,"For a health-awareness project, What can cause Conjunctivitis?",A common underlying explanation is Inflammation/infection of the conjunctiva. A healthcare professional can assess the individual situation and rule out other causes.,"red eye, discharge, irritation, watery eyes",Inflammation/infection of the conjunctiva,Hand hygiene and avoiding eye rubbing help; evaluation may be needed,"Seek urgent care for severe eye pain, vision changes, light sensitivity, or eye injury",Synthetic educational paraphrase,Educational information only; not a diagnosis or a substitute for professional medical care.
384,Eye,Conjunctivitis,What should I know about this? What should I do if I think I have Conjunctivitis?,"Consider contacting a healthcare professional for assessment, especially if symptoms are new, severe, persistent, or worsening. General supportive steps may include Hand hygiene and avoiding eye rubbing help; evaluation may be needed.","red eye, discharge, irritation, watery eyes",Inflammation/infection of the conjunctiva,Hand hygiene and avoiding eye rubbing help; evaluation may be needed,"Seek urgent care for severe eye pain, vision changes, light sensitivity, or eye injury",Synthetic educational paraphrase,Educational information only; not a diagnosis or a substitute for professional medical care.
385,Eye,Conjunctivitis,Please explain: How can I reduce the risk of Conjunctivitis?,"Risk reduction depends on the condition. General measures may include healthy habits, appropriate vaccination where relevant, hygiene, avoiding known triggers, and following professional advice.","red eye, discharge, irritation, watery eyes",Inflammation/infection of the conjunctiva,Hand hygiene and avoiding eye rubbing help; evaluation may be needed,"Seek urgent care for severe eye pain, vision changes, light sensitivity, or eye injury",Synthetic educational paraphrase,Educational information only; not a diagnosis or a substitute for professional medical care.
386,Eye,Conjunctivitis,Can you explain this simply? When should I see a doctor for Conjunctivitis?,"Medical assessment is especially important when symptoms are severe, persistent, worsening, or associated with warning signs. For this condition, important warning signs include: Seek urgent care for severe eye pain, vision changes, light sensitivity, or eye injury.","red eye, discharge, irritation, watery eyes",Inflammation/infection of the conjunctiva,Hand hygiene and avoiding eye rubbing help; evaluation may be needed,"Seek urgent care for severe eye pain, vision changes, light sensitivity, or eye injury",Synthetic educational paraphrase,Educational information only; not a diagnosis or a substitute for professional medical care.
387,Eye,Conjunctivitis,I want basic information: Is Conjunctivitis always serious?,"Not necessarily. Severity varies widely. The safest approach is to consider the person's symptoms, age, medical history, and warning signs and seek professional assessment when needed.","red eye, discharge, irritation, watery eyes",Inflammation/infection of the conjunctiva,Hand hygiene and avoiding eye rubbing help; evaluation may be needed,"Seek urgent care for severe eye pain, vision changes, light sensitivity, or eye injury",Synthetic educational paraphrase,Educational information only; not a diagnosis or a substitute for professional medical care.
388,Eye,Conjunctivitis,"For a health-awareness project, Can Conjunctivitis be prevented?","Some cases or complications may be preventable, while others are not fully preventable. Helpful measures can include Hand hygiene and avoiding eye rubbing help; evaluation may be needed and addressing known risk factors.","red eye, discharge, irritation, watery eyes",Inflammation/infection of the conjunctiva,Hand hygiene and avoiding eye rubbing help; evaluation may be needed,"Seek urgent care for severe eye pain, vision changes, light sensitivity, or eye injury",Synthetic educational paraphrase,Educational information only; not a diagnosis or a substitute for professional medical care.
389,Eye,Conjunctivitis,What should I know about this? What lifestyle habits may help with Conjunctivitis?,"Helpful general habits may include adequate sleep, balanced nutrition, appropriate physical activity, hydration, avoiding tobacco, and following individualized medical advice.","red eye, discharge, irritation, watery eyes",Inflammation/infection of the conjunctiva,Hand hygiene and avoiding eye rubbing help; evaluation may be needed,"Seek urgent care for severe eye pain, vision changes, light sensitivity, or eye injury",Synthetic educational paraphrase,Educational information only; not a diagnosis or a substitute for professional medical care.
390,Skin,Dermatitis,Please explain: What are the common symptoms of Dermatitis?,"Common symptoms can include itchy, dry, red, irritated skin. Symptoms vary between people, so they should not be used alone to confirm a diagnosis.","itchy, dry, red, irritated skin","Skin inflammation from irritants, allergens, or other causes",Avoid suspected irritants and use gentle skin care,"Seek care for rapidly spreading redness, severe pain, fever, or facial swelling",Synthetic educational paraphrase,Educational information only; not a diagnosis or a substitute for professional medical care.
391,Skin,Dermatitis,Can you explain this simply? What can cause Dermatitis?,"A common underlying explanation is Skin inflammation from irritants, allergens, or other causes. A healthcare professional can assess the individual situation and rule out other causes.","itchy, dry, red, irritated skin","Skin inflammation from irritants, allergens, or other causes",Avoid suspected irritants and use gentle skin care,"Seek care for rapidly spreading redness, severe pain, fever, or facial swelling",Synthetic educational paraphrase,Educational information only; not a diagnosis or a substitute for professional medical care.
392,Skin,Dermatitis,I want basic information: What should I do if I think I have Dermatitis?,"Consider contacting a healthcare professional for assessment, especially if symptoms are new, severe, persistent, or worsening. General supportive steps may include Avoid suspected irritants and use gentle skin care.","itchy, dry, red, irritated skin","Skin inflammation from irritants, allergens, or other causes",Avoid suspected irritants and use gentle skin care,"Seek care for rapidly spreading redness, severe pain, fever, or facial swelling",Synthetic educational paraphrase,Educational information only; not a diagnosis or a substitute for professional medical care.
393,Skin,Dermatitis,"For a health-awareness project, How can I reduce the risk of Dermatitis?","Risk reduction depends on the condition. General measures may include healthy habits, appropriate vaccination where relevant, hygiene, avoiding known triggers, and following professional advice.","itchy, dry, red, irritated skin","Skin inflammation from irritants, allergens, or other causes",Avoid suspected irritants and use gentle skin care,"Seek care for rapidly spreading redness, severe pain, fever, or facial swelling",Synthetic educational paraphrase,Educational information only; not a diagnosis or a substitute for professional medical care.
394,Skin,Dermatitis,What should I know about this? When should I see a doctor for Dermatitis?,"Medical assessment is especially important when symptoms are severe, persistent, worsening, or associated with warning signs. For this condition, important warning signs include: Seek care for rapidly spreading redness, severe pain, fever, or facial swelling.","itchy, dry, red, irritated skin","Skin inflammation from irritants, allergens, or other causes",Avoid suspected irritants and use gentle skin care,"Seek care for rapidly spreading redness, severe pain, fever, or facial swelling",Synthetic educational paraphrase,Educational information only; not a diagnosis or a substitute for professional medical care.
395,Skin,Dermatitis,Please explain: Is Dermatitis always serious?,"Not necessarily. Severity varies widely. The safest approach is to consider the person's symptoms, age, medical history, and warning signs and seek professional assessment when needed.","itchy, dry, red, irritated skin","Skin inflammation from irritants, allergens, or other causes",Avoid suspected irritants and use gentle skin care,"Seek care for rapidly spreading redness, severe pain, fever, or facial swelling",Synthetic educational paraphrase,Educational information only; not a diagnosis or a substitute for professional medical care.
396,Skin,Dermatitis,Can you explain this simply? Can Dermatitis be prevented?,"Some cases or complications may be preventable, while others are not fully preventable. Helpful measures can include Avoid suspected irritants and use gentle skin care and addressing known risk factors.","itchy, dry, red, irritated skin","Skin inflammation from irritants, allergens, or other causes",Avoid suspected irritants and use gentle skin care,"Seek care for rapidly spreading redness, severe pain, fever, or facial swelling",Synthetic educational paraphrase,Educational information only; not a diagnosis or a substitute for professional medical care.
397,Skin,Dermatitis,I want basic information: What lifestyle habits may help with Dermatitis?,"Helpful general habits may include adequate sleep, balanced nutrition, appropriate physical activity, hydration, avoiding tobacco, and following individualized medical advice.","itchy, dry, red, irritated skin","Skin inflammation from irritants, allergens, or other causes",Avoid suspected irritants and use gentle skin care,"Seek care for rapidly spreading redness, severe pain, fever, or facial swelling",Synthetic educational paraphrase,Educational information only; not a diagnosis or a substitute for professional medical care.
398,Mental Health,Depression,"For a health-awareness project, What are the common symptoms of Depression?","Common symptoms can include persistent low mood, loss of interest, sleep/appetite changes, low energy. Symptoms vary between people, so they should not be used alone to confirm a diagnosis.","persistent low mood, loss of interest, sleep/appetite changes, low energy",Mental health condition involving persistent mood symptoms,"Professional assessment, supportive routines, therapy, and treatment when appropriate","If there is immediate danger or thoughts of self-harm, seek emergency professional help immediately",Synthetic educational paraphrase,Educational information only; not a diagnosis or a substitute for professional medical care.
399,Mental Health,Depression,What should I know about this? What can cause Depression?,A common underlying explanation is Mental health condition involving persistent mood symptoms. A healthcare professional can assess the individual situation and rule out other causes.,"persistent low mood, loss of interest, sleep/appetite changes, low energy",Mental health condition involving persistent mood symptoms,"Professional assessment, supportive routines, therapy, and treatment when appropriate","If there is immediate danger or thoughts of self-harm, seek emergency professional help immediately",Synthetic educational paraphrase,Educational information only; not a diagnosis or a substitute for professional medical care.
400,Mental Health,Depression,Please explain: What should I do if I think I have Depression?,"Consider contacting a healthcare professional for assessment, especially if symptoms are new, severe, persistent, or worsening. General supportive steps may include Professional assessment, supportive routines, therapy, and treatment when appropriate.","persistent low mood, loss of interest, sleep/appetite changes, low energy",Mental health condition involving persistent mood symptoms,"Professional assessment, supportive routines, therapy, and treatment when appropriate","If there is immediate danger or thoughts of self-harm, seek emergency professional help immediately",Synthetic educational paraphrase,Educational information only; not a diagnosis or a substitute for professional medical care.
401,Mental Health,Depression,Can you explain this simply? How can I reduce the risk of Depression?,"Risk reduction depends on the condition. General measures may include healthy habits, appropriate vaccination where relevant, hygiene, avoiding known triggers, and following professional advice.","persistent low mood, loss of interest, sleep/appetite changes, low energy",Mental health condition involving persistent mood symptoms,"Professional assessment, supportive routines, therapy, and treatment when appropriate","If there is immediate danger or thoughts of self-harm, seek emergency professional help immediately",Synthetic educational paraphrase,Educational information only; not a diagnosis or a substitute for professional medical care.
402,Mental Health,Depression,I want basic information: When should I see a doctor for Depression?,"Medical assessment is especially important when symptoms are severe, persistent, worsening, or associated with warning signs. For this condition, important warning signs include: If there is immediate danger or thoughts of self-harm, seek emergency professional help immediately.","persistent low mood, loss of interest, sleep/appetite changes, low energy",Mental health condition involving persistent mood symptoms,"Professional assessment, supportive routines, therapy, and treatment when appropriate","If there is immediate danger or thoughts of self-harm, seek emergency professional help immediately",Synthetic educational paraphrase,Educational information only; not a diagnosis or a substitute for professional medical care.
403,Mental Health,Depression,"For a health-awareness project, Is Depression always serious?","Not necessarily. Severity varies widely. The safest approach is to consider the person's symptoms, age, medical history, and warning signs and seek professional assessment when needed.","persistent low mood, loss of interest, sleep/appetite changes, low energy",Mental health condition involving persistent mood symptoms,"Professional assessment, supportive routines, therapy, and treatment when appropriate","If there is immediate danger or thoughts of self-harm, seek emergency professional help immediately",Synthetic educational paraphrase,Educational information only; not a diagnosis or a substitute for professional medical care.
404,Mental Health,Depression,What should I know about this? Can Depression be prevented?,"Some cases or complications may be preventable, while others are not fully preventable. Helpful measures can include Professional assessment, supportive routines, therapy, and treatment when appropriate and addressing known risk factors.","persistent low mood, loss of interest, sleep/appetite changes, low energy",Mental health condition involving persistent mood symptoms,"Professional assessment, supportive routines, therapy, and treatment when appropriate","If there is immediate danger or thoughts of self-harm, seek emergency professional help immediately",Synthetic educational paraphrase,Educational information only; not a diagnosis or a substitute for professional medical care.
405,Mental Health,Depression,Please explain: What lifestyle habits may help with Depression?,"Helpful general habits may include adequate sleep, balanced nutrition, appropriate physical activity, hydration, avoiding tobacco, and following individualized medical advice.","persistent low mood, loss of interest, sleep/appetite changes, low energy",Mental health condition involving persistent mood symptoms,"Professional assessment, supportive routines, therapy, and treatment when appropriate","If there is immediate danger or thoughts of self-harm, seek emergency professional help immediately",Synthetic educational paraphrase,Educational information only; not a diagnosis or a substitute for professional medical care.
406,Respiratory,Common Cold,Can you explain this simply? I have cough. Could it be related to Common Cold?,"Cough can occur with Common Cold, but it is not specific to it. Other symptoms may include runny nose, sneezing, sore throat. A symptom alone cannot confirm a diagnosis.","cough, runny nose, sneezing, sore throat",Viral upper-respiratory infection,"Rest, fluids, and symptom relief may help","Seek care for breathing difficulty, severe symptoms, or symptoms that persist/worsen",Synthetic educational paraphrase,Educational information only; not a diagnosis or a substitute for professional medical care.
407,Respiratory,Common Cold,I want basic information: I have runny nose. Could it be related to Common Cold?,"Runny nose can occur with Common Cold, but it is not specific to it. Other symptoms may include cough, sneezing, sore throat. A symptom alone cannot confirm a diagnosis.","cough, runny nose, sneezing, sore throat",Viral upper-respiratory infection,"Rest, fluids, and symptom relief may help","Seek care for breathing difficulty, severe symptoms, or symptoms that persist/worsen",Synthetic educational paraphrase,Educational information only; not a diagnosis or a substitute for professional medical care.
408,Respiratory,Common Cold,"For a health-awareness project, I have sneezing. Could it be related to Common Cold?","Sneezing can occur with Common Cold, but it is not specific to it. Other symptoms may include cough, runny nose, sore throat. A symptom alone cannot confirm a diagnosis.","cough, runny nose, sneezing, sore throat",Viral upper-respiratory infection,"Rest, fluids, and symptom relief may help","Seek care for breathing difficulty, severe symptoms, or symptoms that persist/worsen",Synthetic educational paraphrase,Educational information only; not a diagnosis or a substitute for professional medical care.
409,Respiratory,Common Cold,What should I know about this? I have sore throat. Could it be related to Common Cold?,"Sore throat can occur with Common Cold, but it is not specific to it. Other symptoms may include cough, runny nose, sneezing. A symptom alone cannot confirm a diagnosis.","cough, runny nose, sneezing, sore throat",Viral upper-respiratory infection,"Rest, fluids, and symptom relief may help","Seek care for breathing difficulty, severe symptoms, or symptoms that persist/worsen",Synthetic educational paraphrase,Educational information only; not a diagnosis or a substitute for professional medical care.
410,Respiratory,Influenza,Please explain: I have fever. Could it be related to Influenza?,"Fever can occur with Influenza, but it is not specific to it. Other symptoms may include chills, cough, body aches, fatigue. A symptom alone cannot confirm a diagnosis.","fever, chills, cough, body aches, fatigue",Influenza virus infection,"Rest, fluids, and medical advice when appropriate","Seek urgent care for breathing difficulty, chest pain, confusion, or severe dehydration",Synthetic educational paraphrase,Educational information only; not a diagnosis or a substitute for professional medical care.
411,Respiratory,Influenza,Can you explain this simply? I have chills. Could it be related to Influenza?,"Chills can occur with Influenza, but it is not specific to it. Other symptoms may include fever, cough, body aches, fatigue. A symptom alone cannot confirm a diagnosis.","fever, chills, cough, body aches, fatigue",Influenza virus infection,"Rest, fluids, and medical advice when appropriate","Seek urgent care for breathing difficulty, chest pain, confusion, or severe dehydration",Synthetic educational paraphrase,Educational information only; not a diagnosis or a substitute for professional medical care.
412,Respiratory,Influenza,I want basic information: I have cough. Could it be related to Influenza?,"Cough can occur with Influenza, but it is not specific to it. Other symptoms may include fever, chills, body aches, fatigue. A symptom alone cannot confirm a diagnosis.","fever, chills, cough, body aches, fatigue",Influenza virus infection,"Rest, fluids, and medical advice when appropriate","Seek urgent care for breathing difficulty, chest pain, confusion, or severe dehydration",Synthetic educational paraphrase,Educational information only; not a diagnosis or a substitute for professional medical care.
413,Respiratory,Influenza,"For a health-awareness project, I have body aches. Could it be related to Influenza?","Body aches can occur with Influenza, but it is not specific to it. Other symptoms may include fever, chills, cough, fatigue. A symptom alone cannot confirm a diagnosis.","fever, chills, cough, body aches, fatigue",Influenza virus infection,"Rest, fluids, and medical advice when appropriate","Seek urgent care for breathing difficulty, chest pain, confusion, or severe dehydration",Synthetic educational paraphrase,Educational information only; not a diagnosis or a substitute for professional medical care.
414,Respiratory,Influenza,What should I know about this? I have fatigue. Could it be related to Influenza?,"Fatigue can occur with Influenza, but it is not specific to it. Other symptoms may include fever, chills, cough, body aches. A symptom alone cannot confirm a diagnosis.","fever, chills, cough, body aches, fatigue",Influenza virus infection,"Rest, fluids, and medical advice when appropriate","Seek urgent care for breathing difficulty, chest pain, confusion, or severe dehydration",Synthetic educational paraphrase,Educational information only; not a diagnosis or a substitute for professional medical care.
415,Infectious,Dengue,Please explain: I have fever. Could it be related to Dengue?,"Fever can occur with Dengue, but it is not specific to it. Other symptoms may include headache, body aches, nausea, rash. A symptom alone cannot confirm a diagnosis.","fever, headache, body aches, nausea, rash",Dengue virus spread by mosquitoes,Hydration and prompt medical evaluation are important,"Seek urgent care for bleeding, severe abdominal pain, persistent vomiting, breathing difficulty, or extreme weakness",Synthetic educational paraphrase,Educational information only; not a diagnosis or a substitute for professional medical care.
416,Infectious,Dengue,Can you explain this simply? I have headache. Could it be related to Dengue?,"Headache can occur with Dengue, but it is not specific to it. Other symptoms may include fever, body aches, nausea, rash. A symptom alone cannot confirm a diagnosis.","fever, headache, body aches, nausea, rash",Dengue virus spread by mosquitoes,Hydration and prompt medical evaluation are important,"Seek urgent care for bleeding, severe abdominal pain, persistent vomiting, breathing difficulty, or extreme weakness",Synthetic educational paraphrase,Educational information only; not a diagnosis or a substitute for professional medical care.
417,Infectious,Dengue,I want basic information: I have body aches. Could it be related to Dengue?,"Body aches can occur with Dengue, but it is not specific to it. Other symptoms may include fever, headache, nausea, rash. A symptom alone cannot confirm a diagnosis.","fever, headache, body aches, nausea, rash",Dengue virus spread by mosquitoes,Hydration and prompt medical evaluation are important,"Seek urgent care for bleeding, severe abdominal pain, persistent vomiting, breathing difficulty, or extreme weakness",Synthetic educational paraphrase,Educational information only; not a diagnosis or a substitute for professional medical care.
418,Infectious,Dengue,"For a health-awareness project, I have nausea. Could it be related to Dengue?","Nausea can occur with Dengue, but it is not specific to it. Other symptoms may include fever, headache, body aches, rash. A symptom alone cannot confirm a diagnosis.","fever, headache, body aches, nausea, rash",Dengue virus spread by mosquitoes,Hydration and prompt medical evaluation are important,"Seek urgent care for bleeding, severe abdominal pain, persistent vomiting, breathing difficulty, or extreme weakness",Synthetic educational paraphrase,Educational information only; not a diagnosis or a substitute for professional medical care.
419,Infectious,Dengue,What should I know about this? I have rash. Could it be related to Dengue?,"Rash can occur with Dengue, but it is not specific to it. Other symptoms may include fever, headache, body aches, nausea. A symptom alone cannot confirm a diagnosis.","fever, headache, body aches, nausea, rash",Dengue virus spread by mosquitoes,Hydration and prompt medical evaluation are important,"Seek urgent care for bleeding, severe abdominal pain, persistent vomiting, breathing difficulty, or extreme weakness",Synthetic educational paraphrase,Educational information only; not a diagnosis or a substitute for professional medical care.
420,Infectious,Malaria,Please explain: I have fever. Could it be related to Malaria?,"Fever can occur with Malaria, but it is not specific to it. Other symptoms may include chills, sweating, headache, weakness. A symptom alone cannot confirm a diagnosis.","fever, chills, sweating, headache, weakness",Plasmodium parasites transmitted by infected mosquitoes,Prompt testing and clinician-directed treatment are important,"Seek urgent care for confusion, seizures, breathing difficulty, collapse, or severe weakness",Synthetic educational paraphrase,Educational information only; not a diagnosis or a substitute for professional medical care.
421,Infectious,Malaria,Can you explain this simply? I have chills. Could it be related to Malaria?,"Chills can occur with Malaria, but it is not specific to it. Other symptoms may include fever, sweating, headache, weakness. A symptom alone cannot confirm a diagnosis.","fever, chills, sweating, headache, weakness",Plasmodium parasites transmitted by infected mosquitoes,Prompt testing and clinician-directed treatment are important,"Seek urgent care for confusion, seizures, breathing difficulty, collapse, or severe weakness",Synthetic educational paraphrase,Educational information only; not a diagnosis or a substitute for professional medical care.
422,Infectious,Malaria,I want basic information: I have sweating. Could it be related to Malaria?,"Sweating can occur with Malaria, but it is not specific to it. Other symptoms may include fever, chills, headache, weakness. A symptom alone cannot confirm a diagnosis.","fever, chills, sweating, headache, weakness",Plasmodium parasites transmitted by infected mosquitoes,Prompt testing and clinician-directed treatment are important,"Seek urgent care for confusion, seizures, breathing difficulty, collapse, or severe weakness",Synthetic educational paraphrase,Educational information only; not a diagnosis or a substitute for professional medical care.
423,Infectious,Malaria,"For a health-awareness project, I have headache. Could it be related to Malaria?","Headache can occur with Malaria, but it is not specific to it. Other symptoms may include fever, chills, sweating, weakness. A symptom alone cannot confirm a diagnosis.","fever, chills, sweating, headache, weakness",Plasmodium parasites transmitted by infected mosquitoes,Prompt testing and clinician-directed treatment are important,"Seek urgent care for confusion, seizures, breathing difficulty, collapse, or severe weakness",Synthetic educational paraphrase,Educational information only; not a diagnosis or a substitute for professional medical care.
424,Infectious,Malaria,What should I know about this? I have weakness. Could it be related to Malaria?,"Weakness can occur with Malaria, but it is not specific to it. Other symptoms may include fever, chills, sweating, headache. A symptom alone cannot confirm a diagnosis.","fever, chills, sweating, headache, weakness",Plasmodium parasites transmitted by infected mosquitoes,Prompt testing and clinician-directed treatment are important,"Seek urgent care for confusion, seizures, breathing difficulty, collapse, or severe weakness",Synthetic educational paraphrase,Educational information only; not a diagnosis or a substitute for professional medical care.
425,Infectious,Typhoid Fever,Please explain: I have fever. Could it be related to Typhoid Fever?,"Fever can occur with Typhoid Fever, but it is not specific to it. Other symptoms may include headache, weakness, abdominal discomfort, diarrhea or constipation. A symptom alone cannot confirm a diagnosis.","fever, headache, weakness, abdominal discomfort, diarrhea or constipation",Salmonella Typhi infection,Medical testing and clinician-directed antibiotics when indicated,"Seek care for persistent high fever, severe abdominal pain, confusion, or dehydration",Synthetic educational paraphrase,Educational information only; not a diagnosis or a substitute for professional medical care.
426,Infectious,Typhoid Fever,Can you explain this simply? I have headache. Could it be related to Typhoid Fever?,"Headache can occur with Typhoid Fever, but it is not specific to it. Other symptoms may include fever, weakness, abdominal discomfort, diarrhea or constipation. A symptom alone cannot confirm a diagnosis.","fever, headache, weakness, abdominal discomfort, diarrhea or constipation",Salmonella Typhi infection,Medical testing and clinician-directed antibiotics when indicated,"Seek care for persistent high fever, severe abdominal pain, confusion, or dehydration",Synthetic educational paraphrase,Educational information only; not a diagnosis or a substitute for professional medical care.
427,Infectious,Typhoid Fever,I want basic information: I have weakness. Could it be related to Typhoid Fever?,"Weakness can occur with Typhoid Fever, but it is not specific to it. Other symptoms may include fever, headache, abdominal discomfort, diarrhea or constipation. A symptom alone cannot confirm a diagnosis.","fever, headache, weakness, abdominal discomfort, diarrhea or constipation",Salmonella Typhi infection,Medical testing and clinician-directed antibiotics when indicated,"Seek care for persistent high fever, severe abdominal pain, confusion, or dehydration",Synthetic educational paraphrase,Educational information only; not a diagnosis or a substitute for professional medical care.
428,Infectious,Typhoid Fever,"For a health-awareness project, I have abdominal discomfort. Could it be related to Typhoid Fever?","Abdominal discomfort can occur with Typhoid Fever, but it is not specific to it. Other symptoms may include fever, headache, weakness, diarrhea or constipation. A symptom alone cannot confirm a diagnosis.","fever, headache, weakness, abdominal discomfort, diarrhea or constipation",Salmonella Typhi infection,Medical testing and clinician-directed antibiotics when indicated,"Seek care for persistent high fever, severe abdominal pain, confusion, or dehydration",Synthetic educational paraphrase,Educational information only; not a diagnosis or a substitute for professional medical care.
429,Infectious,Typhoid Fever,What should I know about this? I have diarrhea or constipation. Could it be related to Typhoid Fever?,"Diarrhea or constipation can occur with Typhoid Fever, but it is not specific to it. Other symptoms may include fever, headache, weakness, abdominal discomfort. A symptom alone cannot confirm a diagnosis.","fever, headache, weakness, abdominal discomfort, diarrhea or constipation",Salmonella Typhi infection,Medical testing and clinician-directed antibiotics when indicated,"Seek care for persistent high fever, severe abdominal pain, confusion, or dehydration",Synthetic educational paraphrase,Educational information only; not a diagnosis or a substitute for professional medical care.
430,Respiratory,COVID-19,Please explain: I have fever. Could it be related to COVID-19?,"Fever can occur with COVID-19, but it is not specific to it. Other symptoms may include cough, sore throat, fatigue, loss of taste or smell. A symptom alone cannot confirm a diagnosis.","fever, cough, sore throat, fatigue, loss of taste or smell",SARS-CoV-2 infection,"Rest, fluids, monitoring, and medical advice based on risk","Seek urgent care for trouble breathing, persistent chest pain, new confusion, or inability to stay awake",Synthetic educational paraphrase,Educational information only; not a diagnosis or a substitute for professional medical care.
431,Respiratory,COVID-19,Can you explain this simply? I have cough. Could it be related to COVID-19?,"Cough can occur with COVID-19, but it is not specific to it. Other symptoms may include fever, sore throat, fatigue, loss of taste or smell. A symptom alone cannot confirm a diagnosis.","fever, cough, sore throat, fatigue, loss of taste or smell",SARS-CoV-2 infection,"Rest, fluids, monitoring, and medical advice based on risk","Seek urgent care for trouble breathing, persistent chest pain, new confusion, or inability to stay awake",Synthetic educational paraphrase,Educational information only; not a diagnosis or a substitute for professional medical care.
432,Respiratory,COVID-19,I want basic information: I have sore throat. Could it be related to COVID-19?,"Sore throat can occur with COVID-19, but it is not specific to it. Other symptoms may include fever, cough, fatigue, loss of taste or smell. A symptom alone cannot confirm a diagnosis.","fever, cough, sore throat, fatigue, loss of taste or smell",SARS-CoV-2 infection,"Rest, fluids, monitoring, and medical advice based on risk","Seek urgent care for trouble breathing, persistent chest pain, new confusion, or inability to stay awake",Synthetic educational paraphrase,Educational information only; not a diagnosis or a substitute for professional medical care.
433,Respiratory,COVID-19,"For a health-awareness project, I have fatigue. Could it be related to COVID-19?","Fatigue can occur with COVID-19, but it is not specific to it. Other symptoms may include fever, cough, sore throat, loss of taste or smell. A symptom alone cannot confirm a diagnosis.","fever, cough, sore throat, fatigue, loss of taste or smell",SARS-CoV-2 infection,"Rest, fluids, monitoring, and medical advice based on risk","Seek urgent care for trouble breathing, persistent chest pain, new confusion, or inability to stay awake",Synthetic educational paraphrase,Educational information only; not a diagnosis or a substitute for professional medical care.
434,Respiratory,COVID-19,What should I know about this? I have loss of taste or smell. Could it be related to COVID-19?,"Loss of taste or smell can occur with COVID-19, but it is not specific to it. Other symptoms may include fever, cough, sore throat, fatigue. A symptom alone cannot confirm a diagnosis.","fever, cough, sore throat, fatigue, loss of taste or smell",SARS-CoV-2 infection,"Rest, fluids, monitoring, and medical advice based on risk","Seek urgent care for trouble breathing, persistent chest pain, new confusion, or inability to stay awake",Synthetic educational paraphrase,Educational information only; not a diagnosis or a substitute for professional medical care.
435,Respiratory,Asthma,Please explain: I have wheezing. Could it be related to Asthma?,"Wheezing can occur with Asthma, but it is not specific to it. Other symptoms may include cough, chest tightness, shortness of breath. A symptom alone cannot confirm a diagnosis.","wheezing, cough, chest tightness, shortness of breath",Airway inflammation and narrowing,Follow the person's prescribed asthma action plan and avoid known triggers,Emergency care is needed for severe breathing difficulty or poor response to prescribed rescue treatment,Synthetic educational paraphrase,Educational information only; not a diagnosis or a substitute for professional medical care.
436,Respiratory,Asthma,Can you explain this simply? I have cough. Could it be related to Asthma?,"Cough can occur with Asthma, but it is not specific to it. Other symptoms may include wheezing, chest tightness, shortness of breath. A symptom alone cannot confirm a diagnosis.","wheezing, cough, chest tightness, shortness of breath",Airway inflammation and narrowing,Follow the person's prescribed asthma action plan and avoid known triggers,Emergency care is needed for severe breathing difficulty or poor response to prescribed rescue treatment,Synthetic educational paraphrase,Educational information only; not a diagnosis or a substitute for professional medical care.
437,Respiratory,Asthma,I want basic information: I have chest tightness. Could it be related to Asthma?,"Chest tightness can occur with Asthma, but it is not specific to it. Other symptoms may include wheezing, cough, shortness of breath. A symptom alone cannot confirm a diagnosis.","wheezing, cough, chest tightness, shortness of breath",Airway inflammation and narrowing,Follow the person's prescribed asthma action plan and avoid known triggers,Emergency care is needed for severe breathing difficulty or poor response to prescribed rescue treatment,Synthetic educational paraphrase,Educational information only; not a diagnosis or a substitute for professional medical care.
438,Respiratory,Asthma,"For a health-awareness project, I have shortness of breath. Could it be related to Asthma?","Shortness of breath can occur with Asthma, but it is not specific to it. Other symptoms may include wheezing, cough, chest tightness. A symptom alone cannot confirm a diagnosis.","wheezing, cough, chest tightness, shortness of breath",Airway inflammation and narrowing,Follow the person's prescribed asthma action plan and avoid known triggers,Emergency care is needed for severe breathing difficulty or poor response to prescribed rescue treatment,Synthetic educational paraphrase,Educational information only; not a diagnosis or a substitute for professional medical care.
439,Respiratory,Pneumonia,What should I know about this? I have cough. Could it be related to Pneumonia?,"Cough can occur with Pneumonia, but it is not specific to it. Other symptoms may include fever, chills, shortness of breath, chest discomfort. A symptom alone cannot confirm a diagnosis.","cough, fever, chills, shortness of breath, chest discomfort",Infection or inflammation of the lungs,Medical assessment is important; treatment depends on the cause,"Seek urgent care for severe breathing difficulty, blue/gray lips, confusion, or severe chest pain",Synthetic educational paraphrase,Educational information only; not a diagnosis or a substitute for professional medical care.
440,Respiratory,Pneumonia,Please explain: I have fever. Could it be related to Pneumonia?,"Fever can occur with Pneumonia, but it is not specific to it. Other symptoms may include cough, chills, shortness of breath, chest discomfort. A symptom alone cannot confirm a diagnosis.","cough, fever, chills, shortness of breath, chest discomfort",Infection or inflammation of the lungs,Medical assessment is important; treatment depends on the cause,"Seek urgent care for severe breathing difficulty, blue/gray lips, confusion, or severe chest pain",Synthetic educational paraphrase,Educational information only; not a diagnosis or a substitute for professional medical care.
441,Respiratory,Pneumonia,Can you explain this simply? I have chills. Could it be related to Pneumonia?,"Chills can occur with Pneumonia, but it is not specific to it. Other symptoms may include cough, fever, shortness of breath, chest discomfort. A symptom alone cannot confirm a diagnosis.","cough, fever, chills, shortness of breath, chest discomfort",Infection or inflammation of the lungs,Medical assessment is important; treatment depends on the cause,"Seek urgent care for severe breathing difficulty, blue/gray lips, confusion, or severe chest pain",Synthetic educational paraphrase,Educational information only; not a diagnosis or a substitute for professional medical care.
442,Respiratory,Pneumonia,I want basic information: I have shortness of breath. Could it be related to Pneumonia?,"Shortness of breath can occur with Pneumonia, but it is not specific to it. Other symptoms may include cough, fever, chills, chest discomfort. A symptom alone cannot confirm a diagnosis.","cough, fever, chills, shortness of breath, chest discomfort",Infection or inflammation of the lungs,Medical assessment is important; treatment depends on the cause,"Seek urgent care for severe breathing difficulty, blue/gray lips, confusion, or severe chest pain",Synthetic educational paraphrase,Educational information only; not a diagnosis or a substitute for professional medical care.
443,Respiratory,Pneumonia,"For a health-awareness project, I have chest discomfort. Could it be related to Pneumonia?","Chest discomfort can occur with Pneumonia, but it is not specific to it. Other symptoms may include cough, fever, chills, shortness of breath. A symptom alone cannot confirm a diagnosis.","cough, fever, chills, shortness of breath, chest discomfort",Infection or inflammation of the lungs,Medical assessment is important; treatment depends on the cause,"Seek urgent care for severe breathing difficulty, blue/gray lips, confusion, or severe chest pain",Synthetic educational paraphrase,Educational information only; not a diagnosis or a substitute for professional medical care.
444,Allergy,Allergic Rhinitis,What should I know about this? I have sneezing. Could it be related to Allergic Rhinitis?,"Sneezing can occur with Allergic Rhinitis, but it is not specific to it. Other symptoms may include itchy nose, runny nose, nasal congestion. A symptom alone cannot confirm a diagnosis.","sneezing, itchy nose, runny nose, nasal congestion",Allergic reaction to environmental triggers,Avoid triggers and use clinician/pharmacist-advised symptom relief,Seek urgent care if symptoms include facial swelling or breathing difficulty,Synthetic educational paraphrase,Educational information only; not a diagnosis or a substitute for professional medical care.
445,Allergy,Allergic Rhinitis,Please explain: I have itchy nose. Could it be related to Allergic Rhinitis?,"Itchy nose can occur with Allergic Rhinitis, but it is not specific to it. Other symptoms may include sneezing, runny nose, nasal congestion. A symptom alone cannot confirm a diagnosis.","sneezing, itchy nose, runny nose, nasal congestion",Allergic reaction to environmental triggers,Avoid triggers and use clinician/pharmacist-advised symptom relief,Seek urgent care if symptoms include facial swelling or breathing difficulty,Synthetic educational paraphrase,Educational information only; not a diagnosis or a substitute for professional medical care.
446,Allergy,Allergic Rhinitis,Can you explain this simply? I have runny nose. Could it be related to Allergic Rhinitis?,"Runny nose can occur with Allergic Rhinitis, but it is not specific to it. Other symptoms may include sneezing, itchy nose, nasal congestion. A symptom alone cannot confirm a diagnosis.","sneezing, itchy nose, runny nose, nasal congestion",Allergic reaction to environmental triggers,Avoid triggers and use clinician/pharmacist-advised symptom relief,Seek urgent care if symptoms include facial swelling or breathing difficulty,Synthetic educational paraphrase,Educational information only; not a diagnosis or a substitute for professional medical care.
447,Allergy,Allergic Rhinitis,I want basic information: I have nasal congestion. Could it be related to Allergic Rhinitis?,"Nasal congestion can occur with Allergic Rhinitis, but it is not specific to it. Other symptoms may include sneezing, itchy nose, runny nose. A symptom alone cannot confirm a diagnosis.","sneezing, itchy nose, runny nose, nasal congestion",Allergic reaction to environmental triggers,Avoid triggers and use clinician/pharmacist-advised symptom relief,Seek urgent care if symptoms include facial swelling or breathing difficulty,Synthetic educational paraphrase,Educational information only; not a diagnosis or a substitute for professional medical care.
448,Neurological,Migraine,"For a health-awareness project, I have throbbing headache. Could it be related to Migraine?","Throbbing headache can occur with Migraine, but it is not specific to it. Other symptoms may include nausea, light sensitivity, sound sensitivity. A symptom alone cannot confirm a diagnosis.","throbbing headache, nausea, light sensitivity, sound sensitivity",Neurological condition with recurrent headache attacks,"Rest in a quiet dark room, hydration, and clinician-advised treatment","Seek urgent care for a sudden severe headache, new neurological symptoms, fainting, or severe neck stiffness",Synthetic educational paraphrase,Educational information only; not a diagnosis or a substitute for professional medical care.
449,Neurological,Migraine,What should I know about this? I have nausea. Could it be related to Migraine?,"Nausea can occur with Migraine, but it is not specific to it. Other symptoms may include throbbing headache, light sensitivity, sound sensitivity. A symptom alone cannot confirm a diagnosis.","throbbing headache, nausea, light sensitivity, sound sensitivity",Neurological condition with recurrent headache attacks,"Rest in a quiet dark room, hydration, and clinician-advised treatment","Seek urgent care for a sudden severe headache, new neurological symptoms, fainting, or severe neck stiffness",Synthetic educational paraphrase,Educational information only; not a diagnosis or a substitute for professional medical care.
450,Neurological,Migraine,Please explain: I have light sensitivity. Could it be related to Migraine?,"Light sensitivity can occur with Migraine, but it is not specific to it. Other symptoms may include throbbing headache, nausea, sound sensitivity. A symptom alone cannot confirm a diagnosis.","throbbing headache, nausea, light sensitivity, sound sensitivity",Neurological condition with recurrent headache attacks,"Rest in a quiet dark room, hydration, and clinician-advised treatment","Seek urgent care for a sudden severe headache, new neurological symptoms, fainting, or severe neck stiffness",Synthetic educational paraphrase,Educational information only; not a diagnosis or a substitute for professional medical care.
451,Neurological,Migraine,Can you explain this simply? I have sound sensitivity. Could it be related to Migraine?,"Sound sensitivity can occur with Migraine, but it is not specific to it. Other symptoms may include throbbing headache, nausea, light sensitivity. A symptom alone cannot confirm a diagnosis.","throbbing headache, nausea, light sensitivity, sound sensitivity",Neurological condition with recurrent headache attacks,"Rest in a quiet dark room, hydration, and clinician-advised treatment","Seek urgent care for a sudden severe headache, new neurological symptoms, fainting, or severe neck stiffness",Synthetic educational paraphrase,Educational information only; not a diagnosis or a substitute for professional medical care.
452,Cardiovascular,Hypertension,I want basic information: I have often no symptoms; sometimes headache or dizziness. Could it be related to Hypertension?,"Often no symptoms; sometimes headache or dizziness can occur with Hypertension, but it is not specific to it. Other symptoms may include other symptoms. A symptom alone cannot confirm a diagnosis.",often no symptoms; sometimes headache or dizziness,Persistently elevated blood pressure,"Regular blood-pressure monitoring, healthy lifestyle, and prescribed treatment","Very high blood pressure with chest pain, severe headache, confusion, weakness, or breathing difficulty needs urgent care",Synthetic educational paraphrase,Educational information only; not a diagnosis or a substitute for professional medical care.
453,Metabolic,Type 2 Diabetes,"For a health-awareness project, I have increased thirst. Could it be related to Type 2 Diabetes?","Increased thirst can occur with Type 2 Diabetes, but it is not specific to it. Other symptoms may include frequent urination, fatigue, blurred vision. A symptom alone cannot confirm a diagnosis.","increased thirst, frequent urination, fatigue, blurred vision",Impaired insulin action and glucose regulation,"Healthy eating, physical activity, monitoring, and prescribed treatment","Seek urgent care for confusion, severe dehydration, vomiting, or very abnormal glucose with symptoms",Synthetic educational paraphrase,Educational information only; not a diagnosis or a substitute for professional medical care.
454,Metabolic,Type 2 Diabetes,What should I know about this? I have frequent urination. Could it be related to Type 2 Diabetes?,"Frequent urination can occur with Type 2 Diabetes, but it is not specific to it. Other symptoms may include increased thirst, fatigue, blurred vision. A symptom alone cannot confirm a diagnosis.","increased thirst, frequent urination, fatigue, blurred vision",Impaired insulin action and glucose regulation,"Healthy eating, physical activity, monitoring, and prescribed treatment","Seek urgent care for confusion, severe dehydration, vomiting, or very abnormal glucose with symptoms",Synthetic educational paraphrase,Educational information only; not a diagnosis or a substitute for professional medical care.
455,Metabolic,Type 2 Diabetes,Please explain: I have fatigue. Could it be related to Type 2 Diabetes?,"Fatigue can occur with Type 2 Diabetes, but it is not specific to it. Other symptoms may include increased thirst, frequent urination, blurred vision. A symptom alone cannot confirm a diagnosis.","increased thirst, frequent urination, fatigue, blurred vision",Impaired insulin action and glucose regulation,"Healthy eating, physical activity, monitoring, and prescribed treatment","Seek urgent care for confusion, severe dehydration, vomiting, or very abnormal glucose with symptoms",Synthetic educational paraphrase,Educational information only; not a diagnosis or a substitute for professional medical care.
456,Metabolic,Type 2 Diabetes,Can you explain this simply? I have blurred vision. Could it be related to Type 2 Diabetes?,"Blurred vision can occur with Type 2 Diabetes, but it is not specific to it. Other symptoms may include increased thirst, frequent urination, fatigue. A symptom alone cannot confirm a diagnosis.","increased thirst, frequent urination, fatigue, blurred vision",Impaired insulin action and glucose regulation,"Healthy eating, physical activity, monitoring, and prescribed treatment","Seek urgent care for confusion, severe dehydration, vomiting, or very abnormal glucose with symptoms",Synthetic educational paraphrase,Educational information only; not a diagnosis or a substitute for professional medical care.
457,Digestive,Gastroenteritis,I want basic information: I have diarrhea. Could it be related to Gastroenteritis?,"Diarrhea can occur with Gastroenteritis, but it is not specific to it. Other symptoms may include vomiting, abdominal cramps, nausea. A symptom alone cannot confirm a diagnosis.","diarrhea, vomiting, abdominal cramps, nausea",Infection or irritation of the digestive tract,Fluids and oral rehydration can help; food intake as tolerated,"Seek care for severe dehydration, blood in stool/vomit, persistent vomiting, or severe abdominal pain",Synthetic educational paraphrase,Educational information only; not a diagnosis or a substitute for professional medical care.
458,Digestive,Gastroenteritis,"For a health-awareness project, I have vomiting. Could it be related to Gastroenteritis?","Vomiting can occur with Gastroenteritis, but it is not specific to it. Other symptoms may include diarrhea, abdominal cramps, nausea. A symptom alone cannot confirm a diagnosis.","diarrhea, vomiting, abdominal cramps, nausea",Infection or irritation of the digestive tract,Fluids and oral rehydration can help; food intake as tolerated,"Seek care for severe dehydration, blood in stool/vomit, persistent vomiting, or severe abdominal pain",Synthetic educational paraphrase,Educational information only; not a diagnosis or a substitute for professional medical care.
459,Digestive,Gastroenteritis,What should I know about this? I have abdominal cramps. Could it be related to Gastroenteritis?,"Abdominal cramps can occur with Gastroenteritis, but it is not specific to it. Other symptoms may include diarrhea, vomiting, nausea. A symptom alone cannot confirm a diagnosis.","diarrhea, vomiting, abdominal cramps, nausea",Infection or irritation of the digestive tract,Fluids and oral rehydration can help; food intake as tolerated,"Seek care for severe dehydration, blood in stool/vomit, persistent vomiting, or severe abdominal pain",Synthetic educational paraphrase,Educational information only; not a diagnosis or a substitute for professional medical care.
460,Digestive,Gastroenteritis,Please explain: I have nausea. Could it be related to Gastroenteritis?,"Nausea can occur with Gastroenteritis, but it is not specific to it. Other symptoms may include diarrhea, vomiting, abdominal cramps. A symptom alone cannot confirm a diagnosis.","diarrhea, vomiting, abdominal cramps, nausea",Infection or irritation of the digestive tract,Fluids and oral rehydration can help; food intake as tolerated,"Seek care for severe dehydration, blood in stool/vomit, persistent vomiting, or severe abdominal pain",Synthetic educational paraphrase,Educational information only; not a diagnosis or a substitute for professional medical care.
461,Digestive,GERD,Can you explain this simply? I have heartburn. Could it be related to GERD?,"Heartburn can occur with GERD, but it is not specific to it. Other symptoms may include acid taste, regurgitation, chest discomfort after meals. A symptom alone cannot confirm a diagnosis.","heartburn, acid taste, regurgitation, chest discomfort after meals",Backflow of stomach contents into the esophagus,"Smaller meals, avoiding personal triggers, and clinician-advised treatment may help","Seek urgent evaluation for severe/new chest pain, trouble swallowing, vomiting blood, or black stools",Synthetic educational paraphrase,Educational information only; not a diagnosis or a substitute for professional medical care.
462,Digestive,GERD,I want basic information: I have acid taste. Could it be related to GERD?,"Acid taste can occur with GERD, but it is not specific to it. Other symptoms may include heartburn, regurgitation, chest discomfort after meals. A symptom alone cannot confirm a diagnosis.","heartburn, acid taste, regurgitation, chest discomfort after meals",Backflow of stomach contents into the esophagus,"Smaller meals, avoiding personal triggers, and clinician-advised treatment may help","Seek urgent evaluation for severe/new chest pain, trouble swallowing, vomiting blood, or black stools",Synthetic educational paraphrase,Educational information only; not a diagnosis or a substitute for professional medical care.
463,Digestive,GERD,"For a health-awareness project, I have regurgitation. Could it be related to GERD?","Regurgitation can occur with GERD, but it is not specific to it. Other symptoms may include heartburn, acid taste, chest discomfort after meals. A symptom alone cannot confirm a diagnosis.","heartburn, acid taste, regurgitation, chest discomfort after meals",Backflow of stomach contents into the esophagus,"Smaller meals, avoiding personal triggers, and clinician-advised treatment may help","Seek urgent evaluation for severe/new chest pain, trouble swallowing, vomiting blood, or black stools",Synthetic educational paraphrase,Educational information only; not a diagnosis or a substitute for professional medical care.
464,Digestive,GERD,What should I know about this? I have chest discomfort after meals. Could it be related to GERD?,"Chest discomfort after meals can occur with GERD, but it is not specific to it. Other symptoms may include heartburn, acid taste, regurgitation. A symptom alone cannot confirm a diagnosis.","heartburn, acid taste, regurgitation, chest discomfort after meals",Backflow of stomach contents into the esophagus,"Smaller meals, avoiding personal triggers, and clinician-advised treatment may help","Seek urgent evaluation for severe/new chest pain, trouble swallowing, vomiting blood, or black stools",Synthetic educational paraphrase,Educational information only; not a diagnosis or a substitute for professional medical care.
465,Urinary,Urinary Tract Infection,Please explain: I have burning urination. Could it be related to Urinary Tract Infection?,"Burning urination can occur with Urinary Tract Infection, but it is not specific to it. Other symptoms may include frequent urination, urgency, lower abdominal discomfort. A symptom alone cannot confirm a diagnosis.","burning urination, frequent urination, urgency, lower abdominal discomfort",Usually bacterial infection of the urinary tract,Medical testing and clinician-directed treatment may be needed,"Seek prompt care for fever, flank/back pain, vomiting, pregnancy, or worsening symptoms",Synthetic educational paraphrase,Educational information only; not a diagnosis or a substitute for professional medical care.
466,Urinary,Urinary Tract Infection,Can you explain this simply? I have frequent urination. Could it be related to Urinary Tract Infection?,"Frequent urination can occur with Urinary Tract Infection, but it is not specific to it. Other symptoms may include burning urination, urgency, lower abdominal discomfort. A symptom alone cannot confirm a diagnosis.","burning urination, frequent urination, urgency, lower abdominal discomfort",Usually bacterial infection of the urinary tract,Medical testing and clinician-directed treatment may be needed,"Seek prompt care for fever, flank/back pain, vomiting, pregnancy, or worsening symptoms",Synthetic educational paraphrase,Educational information only; not a diagnosis or a substitute for professional medical care.
467,Urinary,Urinary Tract Infection,I want basic information: I have urgency. Could it be related to Urinary Tract Infection?,"Urgency can occur with Urinary Tract Infection, but it is not specific to it. Other symptoms may include burning urination, frequent urination, lower abdominal discomfort. A symptom alone cannot confirm a diagnosis.","burning urination, frequent urination, urgency, lower abdominal discomfort",Usually bacterial infection of the urinary tract,Medical testing and clinician-directed treatment may be needed,"Seek prompt care for fever, flank/back pain, vomiting, pregnancy, or worsening symptoms",Synthetic educational paraphrase,Educational information only; not a diagnosis or a substitute for professional medical care.
468,Urinary,Urinary Tract Infection,"For a health-awareness project, I have lower abdominal discomfort. Could it be related to Urinary Tract Infection?","Lower abdominal discomfort can occur with Urinary Tract Infection, but it is not specific to it. Other symptoms may include burning urination, frequent urination, urgency. A symptom alone cannot confirm a diagnosis.","burning urination, frequent urination, urgency, lower abdominal discomfort",Usually bacterial infection of the urinary tract,Medical testing and clinician-directed treatment may be needed,"Seek prompt care for fever, flank/back pain, vomiting, pregnancy, or worsening symptoms",Synthetic educational paraphrase,Educational information only; not a diagnosis or a substitute for professional medical care.
469,Blood,Iron Deficiency Anemia,What should I know about this? I have fatigue. Could it be related to Iron Deficiency Anemia?,"Fatigue can occur with Iron Deficiency Anemia, but it is not specific to it. Other symptoms may include weakness, pale skin, dizziness, shortness of breath on exertion. A symptom alone cannot confirm a diagnosis.","fatigue, weakness, pale skin, dizziness, shortness of breath on exertion",Insufficient iron leading to reduced hemoglobin production,Medical evaluation should identify the cause; iron treatment should follow professional advice,"Seek urgent care for fainting, severe breathlessness, chest pain, or rapid worsening",Synthetic educational paraphrase,Educational information only; not a diagnosis or a substitute for professional medical care.
470,Blood,Iron Deficiency Anemia,Please explain: I have weakness. Could it be related to Iron Deficiency Anemia?,"Weakness can occur with Iron Deficiency Anemia, but it is not specific to it. Other symptoms may include fatigue, pale skin, dizziness, shortness of breath on exertion. A symptom alone cannot confirm a diagnosis.","fatigue, weakness, pale skin, dizziness, shortness of breath on exertion",Insufficient iron leading to reduced hemoglobin production,Medical evaluation should identify the cause; iron treatment should follow professional advice,"Seek urgent care for fainting, severe breathlessness, chest pain, or rapid worsening",Synthetic educational paraphrase,Educational information only; not a diagnosis or a substitute for professional medical care.
471,Blood,Iron Deficiency Anemia,Can you explain this simply? I have pale skin. Could it be related to Iron Deficiency Anemia?,"Pale skin can occur with Iron Deficiency Anemia, but it is not specific to it. Other symptoms may include fatigue, weakness, dizziness, shortness of breath on exertion. A symptom alone cannot confirm a diagnosis.","fatigue, weakness, pale skin, dizziness, shortness of breath on exertion",Insufficient iron leading to reduced hemoglobin production,Medical evaluation should identify the cause; iron treatment should follow professional advice,"Seek urgent care for fainting, severe breathlessness, chest pain, or rapid worsening",Synthetic educational paraphrase,Educational information only; not a diagnosis or a substitute for professional medical care.
472,Blood,Iron Deficiency Anemia,I want basic information: I have dizziness. Could it be related to Iron Deficiency Anemia?,"Dizziness can occur with Iron Deficiency Anemia, but it is not specific to it. Other symptoms may include fatigue, weakness, pale skin, shortness of breath on exertion. A symptom alone cannot confirm a diagnosis.","fatigue, weakness, pale skin, dizziness, shortness of breath on exertion",Insufficient iron leading to reduced hemoglobin production,Medical evaluation should identify the cause; iron treatment should follow professional advice,"Seek urgent care for fainting, severe breathlessness, chest pain, or rapid worsening",Synthetic educational paraphrase,Educational information only; not a diagnosis or a substitute for professional medical care.
473,Blood,Iron Deficiency Anemia,"For a health-awareness project, I have shortness of breath on exertion. Could it be related to Iron Deficiency Anemia?","Shortness of breath on exertion can occur with Iron Deficiency Anemia, but it is not specific to it. Other symptoms may include fatigue, weakness, pale skin, dizziness. A symptom alone cannot confirm a diagnosis.","fatigue, weakness, pale skin, dizziness, shortness of breath on exertion",Insufficient iron leading to reduced hemoglobin production,Medical evaluation should identify the cause; iron treatment should follow professional advice,"Seek urgent care for fainting, severe breathlessness, chest pain, or rapid worsening",Synthetic educational paraphrase,Educational information only; not a diagnosis or a substitute for professional medical care.
474,Endocrine,Hypothyroidism,What should I know about this? I have fatigue. Could it be related to Hypothyroidism?,"Fatigue can occur with Hypothyroidism, but it is not specific to it. Other symptoms may include feeling cold, dry skin, constipation, weight changes. A symptom alone cannot confirm a diagnosis.","fatigue, feeling cold, dry skin, constipation, weight changes",Low thyroid hormone activity,Blood testing and clinician-directed treatment are used,"Seek urgent care for severe drowsiness, confusion, breathing difficulty, or very low body temperature",Synthetic educational paraphrase,Educational information only; not a diagnosis or a substitute for professional medical care.
475,Endocrine,Hypothyroidism,Please explain: I have feeling cold. Could it be related to Hypothyroidism?,"Feeling cold can occur with Hypothyroidism, but it is not specific to it. Other symptoms may include fatigue, dry skin, constipation, weight changes. A symptom alone cannot confirm a diagnosis.","fatigue, feeling cold, dry skin, constipation, weight changes",Low thyroid hormone activity,Blood testing and clinician-directed treatment are used,"Seek urgent care for severe drowsiness, confusion, breathing difficulty, or very low body temperature",Synthetic educational paraphrase,Educational information only; not a diagnosis or a substitute for professional medical care.
476,Endocrine,Hypothyroidism,Can you explain this simply? I have dry skin. Could it be related to Hypothyroidism?,"Dry skin can occur with Hypothyroidism, but it is not specific to it. Other symptoms may include fatigue, feeling cold, constipation, weight changes. A symptom alone cannot confirm a diagnosis.","fatigue, feeling cold, dry skin, constipation, weight changes",Low thyroid hormone activity,Blood testing and clinician-directed treatment are used,"Seek urgent care for severe drowsiness, confusion, breathing difficulty, or very low body temperature",Synthetic educational paraphrase,Educational information only; not a diagnosis or a substitute for professional medical care.
477,Endocrine,Hypothyroidism,I want basic information: I have constipation. Could it be related to Hypothyroidism?,"Constipation can occur with Hypothyroidism, but it is not specific to it. Other symptoms may include fatigue, feeling cold, dry skin, weight changes. A symptom alone cannot confirm a diagnosis.","fatigue, feeling cold, dry skin, constipation, weight changes",Low thyroid hormone activity,Blood testing and clinician-directed treatment are used,"Seek urgent care for severe drowsiness, confusion, breathing difficulty, or very low body temperature",Synthetic educational paraphrase,Educational information only; not a diagnosis or a substitute for professional medical care.
478,Endocrine,Hypothyroidism,"For a health-awareness project, I have weight changes. Could it be related to Hypothyroidism?","Weight changes can occur with Hypothyroidism, but it is not specific to it. Other symptoms may include fatigue, feeling cold, dry skin, constipation. A symptom alone cannot confirm a diagnosis.","fatigue, feeling cold, dry skin, constipation, weight changes",Low thyroid hormone activity,Blood testing and clinician-directed treatment are used,"Seek urgent care for severe drowsiness, confusion, breathing difficulty, or very low body temperature",Synthetic educational paraphrase,Educational information only; not a diagnosis or a substitute for professional medical care.
479,Eye,Conjunctivitis,What should I know about this? I have red eye. Could it be related to Conjunctivitis?,"Red eye can occur with Conjunctivitis, but it is not specific to it. Other symptoms may include discharge, irritation, watery eyes. A symptom alone cannot confirm a diagnosis.","red eye, discharge, irritation, watery eyes",Inflammation/infection of the conjunctiva,Hand hygiene and avoiding eye rubbing help; evaluation may be needed,"Seek urgent care for severe eye pain, vision changes, light sensitivity, or eye injury",Synthetic educational paraphrase,Educational information only; not a diagnosis or a substitute for professional medical care.
480,Eye,Conjunctivitis,Please explain: I have discharge. Could it be related to Conjunctivitis?,"Discharge can occur with Conjunctivitis, but it is not specific to it. Other symptoms may include red eye, irritation, watery eyes. A symptom alone cannot confirm a diagnosis.","red eye, discharge, irritation, watery eyes",Inflammation/infection of the conjunctiva,Hand hygiene and avoiding eye rubbing help; evaluation may be needed,"Seek urgent care for severe eye pain, vision changes, light sensitivity, or eye injury",Synthetic educational paraphrase,Educational information only; not a diagnosis or a substitute for professional medical care.
481,Eye,Conjunctivitis,Can you explain this simply? I have irritation. Could it be related to Conjunctivitis?,"Irritation can occur with Conjunctivitis, but it is not specific to it. Other symptoms may include red eye, discharge, watery eyes. A symptom alone cannot confirm a diagnosis.","red eye, discharge, irritation, watery eyes",Inflammation/infection of the conjunctiva,Hand hygiene and avoiding eye rubbing help; evaluation may be needed,"Seek urgent care for severe eye pain, vision changes, light sensitivity, or eye injury",Synthetic educational paraphrase,Educational information only; not a diagnosis or a substitute for professional medical care.
482,Eye,Conjunctivitis,I want basic information: I have watery eyes. Could it be related to Conjunctivitis?,"Watery eyes can occur with Conjunctivitis, but it is not specific to it. Other symptoms may include red eye, discharge, irritation. A symptom alone cannot confirm a diagnosis.","red eye, discharge, irritation, watery eyes",Inflammation/infection of the conjunctiva,Hand hygiene and avoiding eye rubbing help; evaluation may be needed,"Seek urgent care for severe eye pain, vision changes, light sensitivity, or eye injury",Synthetic educational paraphrase,Educational information only; not a diagnosis or a substitute for professional medical care.
483,Skin,Dermatitis,"For a health-awareness project, I have itchy. Could it be related to Dermatitis?","Itchy can occur with Dermatitis, but it is not specific to it. Other symptoms may include dry, red, irritated skin. A symptom alone cannot confirm a diagnosis.","itchy, dry, red, irritated skin","Skin inflammation from irritants, allergens, or other causes",Avoid suspected irritants and use gentle skin care,"Seek care for rapidly spreading redness, severe pain, fever, or facial swelling",Synthetic educational paraphrase,Educational information only; not a diagnosis or a substitute for professional medical care.
484,Skin,Dermatitis,What should I know about this? I have dry. Could it be related to Dermatitis?,"Dry can occur with Dermatitis, but it is not specific to it. Other symptoms may include itchy, red, irritated skin. A symptom alone cannot confirm a diagnosis.","itchy, dry, red, irritated skin","Skin inflammation from irritants, allergens, or other causes",Avoid suspected irritants and use gentle skin care,"Seek care for rapidly spreading redness, severe pain, fever, or facial swelling",Synthetic educational paraphrase,Educational information only; not a diagnosis or a substitute for professional medical care.
485,Skin,Dermatitis,Please explain: I have red. Could it be related to Dermatitis?,"Red can occur with Dermatitis, but it is not specific to it. Other symptoms may include itchy, dry, irritated skin. A symptom alone cannot confirm a diagnosis.","itchy, dry, red, irritated skin","Skin inflammation from irritants, allergens, or other causes",Avoid suspected irritants and use gentle skin care,"Seek care for rapidly spreading redness, severe pain, fever, or facial swelling",Synthetic educational paraphrase,Educational information only; not a diagnosis or a substitute for professional medical care.
486,Skin,Dermatitis,Can you explain this simply? I have irritated skin. Could it be related to Dermatitis?,"Irritated skin can occur with Dermatitis, but it is not specific to it. Other symptoms may include itchy, dry, red. A symptom alone cannot confirm a diagnosis.","itchy, dry, red, irritated skin","Skin inflammation from irritants, allergens, or other causes",Avoid suspected irritants and use gentle skin care,"Seek care for rapidly spreading redness, severe pain, fever, or facial swelling",Synthetic educational paraphrase,Educational information only; not a diagnosis or a substitute for professional medical care.
487,Mental Health,Depression,I want basic information: I have persistent low mood. Could it be related to Depression?,"Persistent low mood can occur with Depression, but it is not specific to it. Other symptoms may include loss of interest, sleep/appetite changes, low energy. A symptom alone cannot confirm a diagnosis.","persistent low mood, loss of interest, sleep/appetite changes, low energy",Mental health condition involving persistent mood symptoms,"Professional assessment, supportive routines, therapy, and treatment when appropriate","If there is immediate danger or thoughts of self-harm, seek emergency professional help immediately",Synthetic educational paraphrase,Educational information only; not a diagnosis or a substitute for professional medical care.
488,Mental Health,Depression,"For a health-awareness project, I have loss of interest. Could it be related to Depression?","Loss of interest can occur with Depression, but it is not specific to it. Other symptoms may include persistent low mood, sleep/appetite changes, low energy. A symptom alone cannot confirm a diagnosis.","persistent low mood, loss of interest, sleep/appetite changes, low energy",Mental health condition involving persistent mood symptoms,"Professional assessment, supportive routines, therapy, and treatment when appropriate","If there is immediate danger or thoughts of self-harm, seek emergency professional help immediately",Synthetic educational paraphrase,Educational information only; not a diagnosis or a substitute for professional medical care.
489,Mental Health,Depression,What should I know about this? I have sleep/appetite changes. Could it be related to Depression?,"Sleep/appetite changes can occur with Depression, but it is not specific to it. Other symptoms may include persistent low mood, loss of interest, low energy. A symptom alone cannot confirm a diagnosis.","persistent low mood, loss of interest, sleep/appetite changes, low energy",Mental health condition involving persistent mood symptoms,"Professional assessment, supportive routines, therapy, and treatment when appropriate","If there is immediate danger or thoughts of self-harm, seek emergency professional help immediately",Synthetic educational paraphrase,Educational information only; not a diagnosis or a substitute for professional medical care.
490,Mental Health,Depression,Please explain: I have low energy. Could it be related to Depression?,"Low energy can occur with Depression, but it is not specific to it. Other symptoms may include persistent low mood, loss of interest, sleep/appetite changes. A symptom alone cannot confirm a diagnosis.","persistent low mood, loss of interest, sleep/appetite changes, low energy",Mental health condition involving persistent mood symptoms,"Professional assessment, supportive routines, therapy, and treatment when appropriate","If there is immediate danger or thoughts of self-harm, seek emergency professional help immediately",Synthetic educational paraphrase,Educational information only; not a diagnosis or a substitute for professional medical care.
491,Respiratory,Common Cold,Can you explain this simply? What are the common symptoms of Common Cold?,"Common symptoms can include cough, runny nose, sneezing, sore throat. Symptoms vary between people, so they should not be used alone to confirm a diagnosis.","cough, runny nose, sneezing, sore throat",Viral upper-respiratory infection,"Rest, fluids, and symptom relief may help","Seek care for breathing difficulty, severe symptoms, or symptoms that persist/worsen",Synthetic educational paraphrase,Educational information only; not a diagnosis or a substitute for professional medical care.
492,Respiratory,Common Cold,I want basic information: What can cause Common Cold?,A common underlying explanation is Viral upper-respiratory infection. A healthcare professional can assess the individual situation and rule out other causes.,"cough, runny nose, sneezing, sore throat",Viral upper-respiratory infection,"Rest, fluids, and symptom relief may help","Seek care for breathing difficulty, severe symptoms, or symptoms that persist/worsen",Synthetic educational paraphrase,Educational information only; not a diagnosis or a substitute for professional medical care.
493,Respiratory,Common Cold,"For a health-awareness project, What should I do if I think I have Common Cold?","Consider contacting a healthcare professional for assessment, especially if symptoms are new, severe, persistent, or worsening. General supportive steps may include Rest, fluids, and symptom relief may help.","cough, runny nose, sneezing, sore throat",Viral upper-respiratory infection,"Rest, fluids, and symptom relief may help","Seek care for breathing difficulty, severe symptoms, or symptoms that persist/worsen",Synthetic educational paraphrase,Educational information only; not a diagnosis or a substitute for professional medical care.
494,Respiratory,Common Cold,What should I know about this? How can I reduce the risk of Common Cold?,"Risk reduction depends on the condition. General measures may include healthy habits, appropriate vaccination where relevant, hygiene, avoiding known triggers, and following professional advice.","cough, runny nose, sneezing, sore throat",Viral upper-respiratory infection,"Rest, fluids, and symptom relief may help","Seek care for breathing difficulty, severe symptoms, or symptoms that persist/worsen",Synthetic educational paraphrase,Educational information only; not a diagnosis or a substitute for professional medical care.
495,Respiratory,Common Cold,Please explain: When should I see a doctor for Common Cold?,"Medical assessment is especially important when symptoms are severe, persistent, worsening, or associated with warning signs. For this condition, important warning signs include: Seek care for breathing difficulty, severe symptoms, or symptoms that persist/worsen.","cough, runny nose, sneezing, sore throat",Viral upper-respiratory infection,"Rest, fluids, and symptom relief may help","Seek care for breathing difficulty, severe symptoms, or symptoms that persist/worsen",Synthetic educational paraphrase,Educational information only; not a diagnosis or a substitute for professional medical care.
496,Respiratory,Common Cold,Can you explain this simply? Is Common Cold always serious?,"Not necessarily. Severity varies widely. The safest approach is to consider the person's symptoms, age, medical history, and warning signs and seek professional assessment when needed.","cough, runny nose, sneezing, sore throat",Viral upper-respiratory infection,"Rest, fluids, and symptom relief may help","Seek care for breathing difficulty, severe symptoms, or symptoms that persist/worsen",Synthetic educational paraphrase,Educational information only; not a diagnosis or a substitute for professional medical care.
497,Respiratory,Common Cold,I want basic information: Can Common Cold be prevented?,"Some cases or complications may be preventable, while others are not fully preventable. Helpful measures can include Rest, fluids, and symptom relief may help and addressing known risk factors.","cough, runny nose, sneezing, sore throat",Viral upper-respiratory infection,"Rest, fluids, and symptom relief may help","Seek care for breathing difficulty, severe symptoms, or symptoms that persist/worsen",Synthetic educational paraphrase,Educational information only; not a diagnosis or a substitute for professional medical care.
498,Respiratory,Common Cold,"For a health-awareness project, What lifestyle habits may help with Common Cold?","Helpful general habits may include adequate sleep, balanced nutrition, appropriate physical activity, hydration, avoiding tobacco, and following individualized medical advice.","cough, runny nose, sneezing, sore throat",Viral upper-respiratory infection,"Rest, fluids, and symptom relief may help","Seek care for breathing difficulty, severe symptoms, or symptoms that persist/worsen",Synthetic educational paraphrase,Educational information only; not a diagnosis or a substitute for professional medical care.
499,Respiratory,Influenza,What should I know about this? What are the common symptoms of Influenza?,"Common symptoms can include fever, chills, cough, body aches, fatigue. Symptoms vary between people, so they should not be used alone to confirm a diagnosis.","fever, chills, cough, body aches, fatigue",Influenza virus infection,"Rest, fluids, and medical advice when appropriate","Seek urgent care for breathing difficulty, chest pain, confusion, or severe dehydration",Synthetic educational paraphrase,Educational information only; not a diagnosis or a substitute for professional medical care.
500,Respiratory,Influenza,Please explain: What can cause Influenza?,A common underlying explanation is Influenza virus infection. A healthcare professional can assess the individual situation and rule out other causes.,"fever, chills, cough, body aches, fatigue",Influenza virus infection,"Rest, fluids, and medical advice when appropriate","Seek urgent care for breathing difficulty, chest pain, confusion, or severe dehydration",Synthetic educational paraphrase,Educational information only; not a diagnosis or a substitute for professional medical care.
501,Respiratory,Influenza,Can you explain this simply? What should I do if I think I have Influenza?,"Consider contacting a healthcare professional for assessment, especially if symptoms are new, severe, persistent, or worsening. General supportive steps may include Rest, fluids, and medical advice when appropriate.","fever, chills, cough, body aches, fatigue",Influenza virus infection,"Rest, fluids, and medical advice when appropriate","Seek urgent care for breathing difficulty, chest pain, confusion, or severe dehydration",Synthetic educational paraphrase,Educational information only; not a diagnosis or a substitute for professional medical care.
502,Respiratory,Influenza,I want basic information: How can I reduce the risk of Influenza?,"Risk reduction depends on the condition. General measures may include healthy habits, appropriate vaccination where relevant, hygiene, avoiding known triggers, and following professional advice.","fever, chills, cough, body aches, fatigue",Influenza virus infection,"Rest, fluids, and medical advice when appropriate","Seek urgent care for breathing difficulty, chest pain, confusion, or severe dehydration",Synthetic educational paraphrase,Educational information only; not a diagnosis or a substitute for professional medical care.
503,Respiratory,Influenza,"For a health-awareness project, When should I see a doctor for Influenza?","Medical assessment is especially important when symptoms are severe, persistent, worsening, or associated with warning signs. For this condition, important warning signs include: Seek urgent care for breathing difficulty, chest pain, confusion, or severe dehydration.","fever, chills, cough, body aches, fatigue",Influenza virus infection,"Rest, fluids, and medical advice when appropriate","Seek urgent care for breathing difficulty, chest pain, confusion, or severe dehydration",Synthetic educational paraphrase,Educational information only; not a diagnosis or a substitute for professional medical care.
504,Respiratory,Influenza,What should I know about this? Is Influenza always serious?,"Not necessarily. Severity varies widely. The safest approach is to consider the person's symptoms, age, medical history, and warning signs and seek professional assessment when needed.","fever, chills, cough, body aches, fatigue",Influenza virus infection,"Rest, fluids, and medical advice when appropriate","Seek urgent care for breathing difficulty, chest pain, confusion, or severe dehydration",Synthetic educational paraphrase,Educational information only; not a diagnosis or a substitute for professional medical care.
505,Respiratory,Influenza,Please explain: Can Influenza be prevented?,"Some cases or complications may be preventable, while others are not fully preventable. Helpful measures can include Rest, fluids, and medical advice when appropriate and addressing known risk factors.","fever, chills, cough, body aches, fatigue",Influenza virus infection,"Rest, fluids, and medical advice when appropriate","Seek urgent care for breathing difficulty, chest pain, confusion, or severe dehydration",Synthetic educational paraphrase,Educational information only; not a diagnosis or a substitute for professional medical care.
506,Respiratory,Influenza,Can you explain this simply? What lifestyle habits may help with Influenza?,"Helpful general habits may include adequate sleep, balanced nutrition, appropriate physical activity, hydration, avoiding tobacco, and following individualized medical advice.","fever, chills, cough, body aches, fatigue",Influenza virus infection,"Rest, fluids, and medical advice when appropriate","Seek urgent care for breathing difficulty, chest pain, confusion, or severe dehydration",Synthetic educational paraphrase,Educational information only; not a diagnosis or a substitute for professional medical care.
507,Infectious,Dengue,I want basic information: What are the common symptoms of Dengue?,"Common symptoms can include fever, headache, body aches, nausea, rash. Symptoms vary between people, so they should not be used alone to confirm a diagnosis.","fever, headache, body aches, nausea, rash",Dengue virus spread by mosquitoes,Hydration and prompt medical evaluation are important,"Seek urgent care for bleeding, severe abdominal pain, persistent vomiting, breathing difficulty, or extreme weakness",Synthetic educational paraphrase,Educational information only; not a diagnosis or a substitute for professional medical care.
508,Infectious,Dengue,"For a health-awareness project, What can cause Dengue?",A common underlying explanation is Dengue virus spread by mosquitoes. A healthcare professional can assess the individual situation and rule out other causes.,"fever, headache, body aches, nausea, rash",Dengue virus spread by mosquitoes,Hydration and prompt medical evaluation are important,"Seek urgent care for bleeding, severe abdominal pain, persistent vomiting, breathing difficulty, or extreme weakness",Synthetic educational paraphrase,Educational information only; not a diagnosis or a substitute for professional medical care.
509,Infectious,Dengue,What should I know about this? What should I do if I think I have Dengue?,"Consider contacting a healthcare professional for assessment, especially if symptoms are new, severe, persistent, or worsening. General supportive steps may include Hydration and prompt medical evaluation are important.","fever, headache, body aches, nausea, rash",Dengue virus spread by mosquitoes,Hydration and prompt medical evaluation are important,"Seek urgent care for bleeding, severe abdominal pain, persistent vomiting, breathing difficulty, or extreme weakness",Synthetic educational paraphrase,Educational information only; not a diagnosis or a substitute for professional medical care.
510,Infectious,Dengue,Please explain: How can I reduce the risk of Dengue?,"Risk reduction depends on the condition. General measures may include healthy habits, appropriate vaccination where relevant, hygiene, avoiding known triggers, and following professional advice.","fever, headache, body aches, nausea, rash",Dengue virus spread by mosquitoes,Hydration and prompt medical evaluation are important,"Seek urgent care for bleeding, severe abdominal pain, persistent vomiting, breathing difficulty, or extreme weakness",Synthetic educational paraphrase,Educational information only; not a diagnosis or a substitute for professional medical care.
511,Infectious,Dengue,Can you explain this simply? When should I see a doctor for Dengue?,"Medical assessment is especially important when symptoms are severe, persistent, worsening, or associated with warning signs. For this condition, important warning signs include: Seek urgent care for bleeding, severe abdominal pain, persistent vomiting, breathing difficulty, or extreme weakness.","fever, headache, body aches, nausea, rash",Dengue virus spread by mosquitoes,Hydration and prompt medical evaluation are important,"Seek urgent care for bleeding, severe abdominal pain, persistent vomiting, breathing difficulty, or extreme weakness",Synthetic educational paraphrase,Educational information only; not a diagnosis or a substitute for professional medical care.
512,Infectious,Dengue,I want basic information: Is Dengue always serious?,"Not necessarily. Severity varies widely. The safest approach is to consider the person's symptoms, age, medical history, and warning signs and seek professional assessment when needed.","fever, headache, body aches, nausea, rash",Dengue virus spread by mosquitoes,Hydration and prompt medical evaluation are important,"Seek urgent care for bleeding, severe abdominal pain, persistent vomiting, breathing difficulty, or extreme weakness",Synthetic educational paraphrase,Educational information only; not a diagnosis or a substitute for professional medical care.
513,Infectious,Dengue,"For a health-awareness project, Can Dengue be prevented?","Some cases or complications may be preventable, while others are not fully preventable. Helpful measures can include Hydration and prompt medical evaluation are important and addressing known risk factors.","fever, headache, body aches, nausea, rash",Dengue virus spread by mosquitoes,Hydration and prompt medical evaluation are important,"Seek urgent care for bleeding, severe abdominal pain, persistent vomiting, breathing difficulty, or extreme weakness",Synthetic educational paraphrase,Educational information only; not a diagnosis or a substitute for professional medical care.
514,Infectious,Dengue,What should I know about this? What lifestyle habits may help with Dengue?,"Helpful general habits may include adequate sleep, balanced nutrition, appropriate physical activity, hydration, avoiding tobacco, and following individualized medical advice.","fever, headache, body aches, nausea, rash",Dengue virus spread by mosquitoes,Hydration and prompt medical evaluation are important,"Seek urgent care for bleeding, severe abdominal pain, persistent vomiting, breathing difficulty, or extreme weakness",Synthetic educational paraphrase,Educational information only; not a diagnosis or a substitute for professional medical care.
515,Infectious,Malaria,Please explain: What are the common symptoms of Malaria?,"Common symptoms can include fever, chills, sweating, headache, weakness. Symptoms vary between people, so they should not be used alone to confirm a diagnosis.","fever, chills, sweating, headache, weakness",Plasmodium parasites transmitted by infected mosquitoes,Prompt testing and clinician-directed treatment are important,"Seek urgent care for confusion, seizures, breathing difficulty, collapse, or severe weakness",Synthetic educational paraphrase,Educational information only; not a diagnosis or a substitute for professional medical care.
516,Infectious,Malaria,Can you explain this simply? What can cause Malaria?,A common underlying explanation is Plasmodium parasites transmitted by infected mosquitoes. A healthcare professional can assess the individual situation and rule out other causes.,"fever, chills, sweating, headache, weakness",Plasmodium parasites transmitted by infected mosquitoes,Prompt testing and clinician-directed treatment are important,"Seek urgent care for confusion, seizures, breathing difficulty, collapse, or severe weakness",Synthetic educational paraphrase,Educational information only; not a diagnosis or a substitute for professional medical care.
517,Infectious,Malaria,I want basic information: What should I do if I think I have Malaria?,"Consider contacting a healthcare professional for assessment, especially if symptoms are new, severe, persistent, or worsening. General supportive steps may include Prompt testing and clinician-directed treatment are important.","fever, chills, sweating, headache, weakness",Plasmodium parasites transmitted by infected mosquitoes,Prompt testing and clinician-directed treatment are important,"Seek urgent care for confusion, seizures, breathing difficulty, collapse, or severe weakness",Synthetic educational paraphrase,Educational information only; not a diagnosis or a substitute for professional medical care.
518,Infectious,Malaria,"For a health-awareness project, How can I reduce the risk of Malaria?","Risk reduction depends on the condition. General measures may include healthy habits, appropriate vaccination where relevant, hygiene, avoiding known triggers, and following professional advice.","fever, chills, sweating, headache, weakness",Plasmodium parasites transmitted by infected mosquitoes,Prompt testing and clinician-directed treatment are important,"Seek urgent care for confusion, seizures, breathing difficulty, collapse, or severe weakness",Synthetic educational paraphrase,Educational information only; not a diagnosis or a substitute for professional medical care.
519,Infectious,Malaria,What should I know about this? When should I see a doctor for Malaria?,"Medical assessment is especially important when symptoms are severe, persistent, worsening, or associated with warning signs. For this condition, important warning signs include: Seek urgent care for confusion, seizures, breathing difficulty, collapse, or severe weakness.","fever, chills, sweating, headache, weakness",Plasmodium parasites transmitted by infected mosquitoes,Prompt testing and clinician-directed treatment are important,"Seek urgent care for confusion, seizures, breathing difficulty, collapse, or severe weakness",Synthetic educational paraphrase,Educational information only; not a diagnosis or a substitute for professional medical care.
520,Infectious,Malaria,Please explain: Is Malaria always serious?,"Not necessarily. Severity varies widely. The safest approach is to consider the person's symptoms, age, medical history, and warning signs and seek professional assessment when needed.","fever, chills, sweating, headache, weakness",Plasmodium parasites transmitted by infected mosquitoes,Prompt testing and clinician-directed treatment are important,"Seek urgent care for confusion, seizures, breathing difficulty, collapse, or severe weakness",Synthetic educational paraphrase,Educational information only; not a diagnosis or a substitute for professional medical care.
521,Infectious,Malaria,Can you explain this simply? Can Malaria be prevented?,"Some cases or complications may be preventable, while others are not fully preventable. Helpful measures can include Prompt testing and clinician-directed treatment are important and addressing known risk factors.","fever, chills, sweating, headache, weakness",Plasmodium parasites transmitted by infected mosquitoes,Prompt testing and clinician-directed treatment are important,"Seek urgent care for confusion, seizures, breathing difficulty, collapse, or severe weakness",Synthetic educational paraphrase,Educational information only; not a diagnosis or a substitute for professional medical care.
522,Infectious,Malaria,I want basic information: What lifestyle habits may help with Malaria?,"Helpful general habits may include adequate sleep, balanced nutrition, appropriate physical activity, hydration, avoiding tobacco, and following individualized medical advice.","fever, chills, sweating, headache, weakness",Plasmodium parasites transmitted by infected mosquitoes,Prompt testing and clinician-directed treatment are important,"Seek urgent care for confusion, seizures, breathing difficulty, collapse, or severe weakness",Synthetic educational paraphrase,Educational information only; not a diagnosis or a substitute for professional medical care.
523,Infectious,Typhoid Fever,"For a health-awareness project, What are the common symptoms of Typhoid Fever?","Common symptoms can include fever, headache, weakness, abdominal discomfort, diarrhea or constipation. Symptoms vary between people, so they should not be used alone to confirm a diagnosis.","fever, headache, weakness, abdominal discomfort, diarrhea or constipation",Salmonella Typhi infection,Medical testing and clinician-directed antibiotics when indicated,"Seek care for persistent high fever, severe abdominal pain, confusion, or dehydration",Synthetic educational paraphrase,Educational information only; not a diagnosis or a substitute for professional medical care.
524,Infectious,Typhoid Fever,What should I know about this? What can cause Typhoid Fever?,A common underlying explanation is Salmonella Typhi infection. A healthcare professional can assess the individual situation and rule out other causes.,"fever, headache, weakness, abdominal discomfort, diarrhea or constipation",Salmonella Typhi infection,Medical testing and clinician-directed antibiotics when indicated,"Seek care for persistent high fever, severe abdominal pain, confusion, or dehydration",Synthetic educational paraphrase,Educational information only; not a diagnosis or a substitute for professional medical care.
525,Infectious,Typhoid Fever,Please explain: What should I do if I think I have Typhoid Fever?,"Consider contacting a healthcare professional for assessment, especially if symptoms are new, severe, persistent, or worsening. General supportive steps may include Medical testing and clinician-directed antibiotics when indicated.","fever, headache, weakness, abdominal discomfort, diarrhea or constipation",Salmonella Typhi infection,Medical testing and clinician-directed antibiotics when indicated,"Seek care for persistent high fever, severe abdominal pain, confusion, or dehydration",Synthetic educational paraphrase,Educational information only; not a diagnosis or a substitute for professional medical care.
526,Infectious,Typhoid Fever,Can you explain this simply? How can I reduce the risk of Typhoid Fever?,"Risk reduction depends on the condition. General measures may include healthy habits, appropriate vaccination where relevant, hygiene, avoiding known triggers, and following professional advice.","fever, headache, weakness, abdominal discomfort, diarrhea or constipation",Salmonella Typhi infection,Medical testing and clinician-directed antibiotics when indicated,"Seek care for persistent high fever, severe abdominal pain, confusion, or dehydration",Synthetic educational paraphrase,Educational information only; not a diagnosis or a substitute for professional medical care.
527,Infectious,Typhoid Fever,I want basic information: When should I see a doctor for Typhoid Fever?,"Medical assessment is especially important when symptoms are severe, persistent, worsening, or associated with warning signs. For this condition, important warning signs include: Seek care for persistent high fever, severe abdominal pain, confusion, or dehydration.","fever, headache, weakness, abdominal discomfort, diarrhea or constipation",Salmonella Typhi infection,Medical testing and clinician-directed antibiotics when indicated,"Seek care for persistent high fever, severe abdominal pain, confusion, or dehydration",Synthetic educational paraphrase,Educational information only; not a diagnosis or a substitute for professional medical care.
528,Infectious,Typhoid Fever,"For a health-awareness project, Is Typhoid Fever always serious?","Not necessarily. Severity varies widely. The safest approach is to consider the person's symptoms, age, medical history, and warning signs and seek professional assessment when needed.","fever, headache, weakness, abdominal discomfort, diarrhea or constipation",Salmonella Typhi infection,Medical testing and clinician-directed antibiotics when indicated,"Seek care for persistent high fever, severe abdominal pain, confusion, or dehydration",Synthetic educational paraphrase,Educational information only; not a diagnosis or a substitute for professional medical care.
529,Infectious,Typhoid Fever,What should I know about this? Can Typhoid Fever be prevented?,"Some cases or complications may be preventable, while others are not fully preventable. Helpful measures can include Medical testing and clinician-directed antibiotics when indicated and addressing known risk factors.","fever, headache, weakness, abdominal discomfort, diarrhea or constipation",Salmonella Typhi infection,Medical testing and clinician-directed antibiotics when indicated,"Seek care for persistent high fever, severe abdominal pain, confusion, or dehydration",Synthetic educational paraphrase,Educational information only; not a diagnosis or a substitute for professional medical care.
530,Infectious,Typhoid Fever,Please explain: What lifestyle habits may help with Typhoid Fever?,"Helpful general habits may include adequate sleep, balanced nutrition, appropriate physical activity, hydration, avoiding tobacco, and following individualized medical advice.","fever, headache, weakness, abdominal discomfort, diarrhea or constipation",Salmonella Typhi infection,Medical testing and clinician-directed antibiotics when indicated,"Seek care for persistent high fever, severe abdominal pain, confusion, or dehydration",Synthetic educational paraphrase,Educational information only; not a diagnosis or a substitute for professional medical care.
531,Respiratory,COVID-19,Can you explain this simply? What are the common symptoms of COVID-19?,"Common symptoms can include fever, cough, sore throat, fatigue, loss of taste or smell. Symptoms vary between people, so they should not be used alone to confirm a diagnosis.","fever, cough, sore throat, fatigue, loss of taste or smell",SARS-CoV-2 infection,"Rest, fluids, monitoring, and medical advice based on risk","Seek urgent care for trouble breathing, persistent chest pain, new confusion, or inability to stay awake",Synthetic educational paraphrase,Educational information only; not a diagnosis or a substitute for professional medical care.
532,Respiratory,COVID-19,I want basic information: What can cause COVID-19?,A common underlying explanation is SARS-CoV-2 infection. A healthcare professional can assess the individual situation and rule out other causes.,"fever, cough, sore throat, fatigue, loss of taste or smell",SARS-CoV-2 infection,"Rest, fluids, monitoring, and medical advice based on risk","Seek urgent care for trouble breathing, persistent chest pain, new confusion, or inability to stay awake",Synthetic educational paraphrase,Educational information only; not a diagnosis or a substitute for professional medical care.
533,Respiratory,COVID-19,"For a health-awareness project, What should I do if I think I have COVID-19?","Consider contacting a healthcare professional for assessment, especially if symptoms are new, severe, persistent, or worsening. General supportive steps may include Rest, fluids, monitoring, and medical advice based on risk.","fever, cough, sore throat, fatigue, loss of taste or smell",SARS-CoV-2 infection,"Rest, fluids, monitoring, and medical advice based on risk","Seek urgent care for trouble breathing, persistent chest pain, new confusion, or inability to stay awake",Synthetic educational paraphrase,Educational information only; not a diagnosis or a substitute for professional medical care.
534,Respiratory,COVID-19,What should I know about this? How can I reduce the risk of COVID-19?,"Risk reduction depends on the condition. General measures may include healthy habits, appropriate vaccination where relevant, hygiene, avoiding known triggers, and following professional advice.","fever, cough, sore throat, fatigue, loss of taste or smell",SARS-CoV-2 infection,"Rest, fluids, monitoring, and medical advice based on risk","Seek urgent care for trouble breathing, persistent chest pain, new confusion, or inability to stay awake",Synthetic educational paraphrase,Educational information only; not a diagnosis or a substitute for professional medical care.
535,Respiratory,COVID-19,Please explain: When should I see a doctor for COVID-19?,"Medical assessment is especially important when symptoms are severe, persistent, worsening, or associated with warning signs. For this condition, important warning signs include: Seek urgent care for trouble breathing, persistent chest pain, new confusion, or inability to stay awake.","fever, cough, sore throat, fatigue, loss of taste or smell",SARS-CoV-2 infection,"Rest, fluids, monitoring, and medical advice based on risk","Seek urgent care for trouble breathing, persistent chest pain, new confusion, or inability to stay awake",Synthetic educational paraphrase,Educational information only; not a diagnosis or a substitute for professional medical care.
536,Respiratory,COVID-19,Can you explain this simply? Is COVID-19 always serious?,"Not necessarily. Severity varies widely. The safest approach is to consider the person's symptoms, age, medical history, and warning signs and seek professional assessment when needed.","fever, cough, sore throat, fatigue, loss of taste or smell",SARS-CoV-2 infection,"Rest, fluids, monitoring, and medical advice based on risk","Seek urgent care for trouble breathing, persistent chest pain, new confusion, or inability to stay awake",Synthetic educational paraphrase,Educational information only; not a diagnosis or a substitute for professional medical care.
537,Respiratory,COVID-19,I want basic information: Can COVID-19 be prevented?,"Some cases or complications may be preventable, while others are not fully preventable. Helpful measures can include Rest, fluids, monitoring, and medical advice based on risk and addressing known risk factors.","fever, cough, sore throat, fatigue, loss of taste or smell",SARS-CoV-2 infection,"Rest, fluids, monitoring, and medical advice based on risk","Seek urgent care for trouble breathing, persistent chest pain, new confusion, or inability to stay awake",Synthetic educational paraphrase,Educational information only; not a diagnosis or a substitute for professional medical care.
538,Respiratory,COVID-19,"For a health-awareness project, What lifestyle habits may help with COVID-19?","Helpful general habits may include adequate sleep, balanced nutrition, appropriate physical activity, hydration, avoiding tobacco, and following individualized medical advice.","fever, cough, sore throat, fatigue, loss of taste or smell",SARS-CoV-2 infection,"Rest, fluids, monitoring, and medical advice based on risk","Seek urgent care for trouble breathing, persistent chest pain, new confusion, or inability to stay awake",Synthetic educational paraphrase,Educational information only; not a diagnosis or a substitute for professional medical care.
539,Respiratory,Asthma,What should I know about this? What are the common symptoms of Asthma?,"Common symptoms can include wheezing, cough, chest tightness, shortness of breath. Symptoms vary between people, so they should not be used alone to confirm a diagnosis.","wheezing, cough, chest tightness, shortness of breath",Airway inflammation and narrowing,Follow the person's prescribed asthma action plan and avoid known triggers,Emergency care is needed for severe breathing difficulty or poor response to prescribed rescue treatment,Synthetic educational paraphrase,Educational information only; not a diagnosis or a substitute for professional medical care.
540,Respiratory,Asthma,Please explain: What can cause Asthma?,A common underlying explanation is Airway inflammation and narrowing. A healthcare professional can assess the individual situation and rule out other causes.,"wheezing, cough, chest tightness, shortness of breath",Airway inflammation and narrowing,Follow the person's prescribed asthma action plan and avoid known triggers,Emergency care is needed for severe breathing difficulty or poor response to prescribed rescue treatment,Synthetic educational paraphrase,Educational information only; not a diagnosis or a substitute for professional medical care.
541,Respiratory,Asthma,Can you explain this simply? What should I do if I think I have Asthma?,"Consider contacting a healthcare professional for assessment, especially if symptoms are new, severe, persistent, or worsening. General supportive steps may include Follow the person's prescribed asthma action plan and avoid known triggers.","wheezing, cough, chest tightness, shortness of breath",Airway inflammation and narrowing,Follow the person's prescribed asthma action plan and avoid known triggers,Emergency care is needed for severe breathing difficulty or poor response to prescribed rescue treatment,Synthetic educational paraphrase,Educational information only; not a diagnosis or a substitute for professional medical care.
542,Respiratory,Asthma,I want basic information: How can I reduce the risk of Asthma?,"Risk reduction depends on the condition. General measures may include healthy habits, appropriate vaccination where relevant, hygiene, avoiding known triggers, and following professional advice.","wheezing, cough, chest tightness, shortness of breath",Airway inflammation and narrowing,Follow the person's prescribed asthma action plan and avoid known triggers,Emergency care is needed for severe breathing difficulty or poor response to prescribed rescue treatment,Synthetic educational paraphrase,Educational information only; not a diagnosis or a substitute for professional medical care.
543,Respiratory,Asthma,"For a health-awareness project, When should I see a doctor for Asthma?","Medical assessment is especially important when symptoms are severe, persistent, worsening, or associated with warning signs. For this condition, important warning signs include: Emergency care is needed for severe breathing difficulty or poor response to prescribed rescue treatment.","wheezing, cough, chest tightness, shortness of breath",Airway inflammation and narrowing,Follow the person's prescribed asthma action plan and avoid known triggers,Emergency care is needed for severe breathing difficulty or poor response to prescribed rescue treatment,Synthetic educational paraphrase,Educational information only; not a diagnosis or a substitute for professional medical care.
544,Respiratory,Asthma,What should I know about this? Is Asthma always serious?,"Not necessarily. Severity varies widely. The safest approach is to consider the person's symptoms, age, medical history, and warning signs and seek professional assessment when needed.","wheezing, cough, chest tightness, shortness of breath",Airway inflammation and narrowing,Follow the person's prescribed asthma action plan and avoid known triggers,Emergency care is needed for severe breathing difficulty or poor response to prescribed rescue treatment,Synthetic educational paraphrase,Educational information only; not a diagnosis or a substitute for professional medical care.
545,Respiratory,Asthma,Please explain: Can Asthma be prevented?,"Some cases or complications may be preventable, while others are not fully preventable. Helpful measures can include Follow the person's prescribed asthma action plan and avoid known triggers and addressing known risk factors.","wheezing, cough, chest tightness, shortness of breath",Airway inflammation and narrowing,Follow the person's prescribed asthma action plan and avoid known triggers,Emergency care is needed for severe breathing difficulty or poor response to prescribed rescue treatment,Synthetic educational paraphrase,Educational information only; not a diagnosis or a substitute for professional medical care.
546,Respiratory,Asthma,Can you explain this simply? What lifestyle habits may help with Asthma?,"Helpful general habits may include adequate sleep, balanced nutrition, appropriate physical activity, hydration, avoiding tobacco, and following individualized medical advice.","wheezing, cough, chest tightness, shortness of breath",Airway inflammation and narrowing,Follow the person's prescribed asthma action plan and avoid known triggers,Emergency care is needed for severe breathing difficulty or poor response to prescribed rescue treatment,Synthetic educational paraphrase,Educational information only; not a diagnosis or a substitute for professional medical care.
547,Respiratory,Pneumonia,I want basic information: What are the common symptoms of Pneumonia?,"Common symptoms can include cough, fever, chills, shortness of breath, chest discomfort. Symptoms vary between people, so they should not be used alone to confirm a diagnosis.","cough, fever, chills, shortness of breath, chest discomfort",Infection or inflammation of the lungs,Medical assessment is important; treatment depends on the cause,"Seek urgent care for severe breathing difficulty, blue/gray lips, confusion, or severe chest pain",Synthetic educational paraphrase,Educational information only; not a diagnosis or a substitute for professional medical care.
548,Respiratory,Pneumonia,"For a health-awareness project, What can cause Pneumonia?",A common underlying explanation is Infection or inflammation of the lungs. A healthcare professional can assess the individual situation and rule out other causes.,"cough, fever, chills, shortness of breath, chest discomfort",Infection or inflammation of the lungs,Medical assessment is important; treatment depends on the cause,"Seek urgent care for severe breathing difficulty, blue/gray lips, confusion, or severe chest pain",Synthetic educational paraphrase,Educational information only; not a diagnosis or a substitute for professional medical care.
549,Respiratory,Pneumonia,What should I know about this? What should I do if I think I have Pneumonia?,"Consider contacting a healthcare professional for assessment, especially if symptoms are new, severe, persistent, or worsening. General supportive steps may include Medical assessment is important; treatment depends on the cause.","cough, fever, chills, shortness of breath, chest discomfort",Infection or inflammation of the lungs,Medical assessment is important; treatment depends on the cause,"Seek urgent care for severe breathing difficulty, blue/gray lips, confusion, or severe chest pain",Synthetic educational paraphrase,Educational information only; not a diagnosis or a substitute for professional medical care.
550,Respiratory,Pneumonia,Please explain: How can I reduce the risk of Pneumonia?,"Risk reduction depends on the condition. General measures may include healthy habits, appropriate vaccination where relevant, hygiene, avoiding known triggers, and following professional advice.","cough, fever, chills, shortness of breath, chest discomfort",Infection or inflammation of the lungs,Medical assessment is important; treatment depends on the cause,"Seek urgent care for severe breathing difficulty, blue/gray lips, confusion, or severe chest pain",Synthetic educational paraphrase,Educational information only; not a diagnosis or a substitute for professional medical care.
551,Respiratory,Pneumonia,Can you explain this simply? When should I see a doctor for Pneumonia?,"Medical assessment is especially important when symptoms are severe, persistent, worsening, or associated with warning signs. For this condition, important warning signs include: Seek urgent care for severe breathing difficulty, blue/gray lips, confusion, or severe chest pain.","cough, fever, chills, shortness of breath, chest discomfort",Infection or inflammation of the lungs,Medical assessment is important; treatment depends on the cause,"Seek urgent care for severe breathing difficulty, blue/gray lips, confusion, or severe chest pain",Synthetic educational paraphrase,Educational information only; not a diagnosis or a substitute for professional medical care.
552,Respiratory,Pneumonia,I want basic information: Is Pneumonia always serious?,"Not necessarily. Severity varies widely. The safest approach is to consider the person's symptoms, age, medical history, and warning signs and seek professional assessment when needed.","cough, fever, chills, shortness of breath, chest discomfort",Infection or inflammation of the lungs,Medical assessment is important; treatment depends on the cause,"Seek urgent care for severe breathing difficulty, blue/gray lips, confusion, or severe chest pain",Synthetic educational paraphrase,Educational information only; not a diagnosis or a substitute for professional medical care.
553,Respiratory,Pneumonia,"For a health-awareness project, Can Pneumonia be prevented?","Some cases or complications may be preventable, while others are not fully preventable. Helpful measures can include Medical assessment is important; treatment depends on the cause and addressing known risk factors.","cough, fever, chills, shortness of breath, chest discomfort",Infection or inflammation of the lungs,Medical assessment is important; treatment depends on the cause,"Seek urgent care for severe breathing difficulty, blue/gray lips, confusion, or severe chest pain",Synthetic educational paraphrase,Educational information only; not a diagnosis or a substitute for professional medical care.
554,Respiratory,Pneumonia,What should I know about this? What lifestyle habits may help with Pneumonia?,"Helpful general habits may include adequate sleep, balanced nutrition, appropriate physical activity, hydration, avoiding tobacco, and following individualized medical advice.","cough, fever, chills, shortness of breath, chest discomfort",Infection or inflammation of the lungs,Medical assessment is important; treatment depends on the cause,"Seek urgent care for severe breathing difficulty, blue/gray lips, confusion, or severe chest pain",Synthetic educational paraphrase,Educational information only; not a diagnosis or a substitute for professional medical care.
555,Allergy,Allergic Rhinitis,Please explain: What are the common symptoms of Allergic Rhinitis?,"Common symptoms can include sneezing, itchy nose, runny nose, nasal congestion. Symptoms vary between people, so they should not be used alone to confirm a diagnosis.","sneezing, itchy nose, runny nose, nasal congestion",Allergic reaction to environmental triggers,Avoid triggers and use clinician/pharmacist-advised symptom relief,Seek urgent care if symptoms include facial swelling or breathing difficulty,Synthetic educational paraphrase,Educational information only; not a diagnosis or a substitute for professional medical care.
556,Allergy,Allergic Rhinitis,Can you explain this simply? What can cause Allergic Rhinitis?,A common underlying explanation is Allergic reaction to environmental triggers. A healthcare professional can assess the individual situation and rule out other causes.,"sneezing, itchy nose, runny nose, nasal congestion",Allergic reaction to environmental triggers,Avoid triggers and use clinician/pharmacist-advised symptom relief,Seek urgent care if symptoms include facial swelling or breathing difficulty,Synthetic educational paraphrase,Educational information only; not a diagnosis or a substitute for professional medical care.
557,Allergy,Allergic Rhinitis,I want basic information: What should I do if I think I have Allergic Rhinitis?,"Consider contacting a healthcare professional for assessment, especially if symptoms are new, severe, persistent, or worsening. General supportive steps may include Avoid triggers and use clinician/pharmacist-advised symptom relief.","sneezing, itchy nose, runny nose, nasal congestion",Allergic reaction to environmental triggers,Avoid triggers and use clinician/pharmacist-advised symptom relief,Seek urgent care if symptoms include facial swelling or breathing difficulty,Synthetic educational paraphrase,Educational information only; not a diagnosis or a substitute for professional medical care.
558,Allergy,Allergic Rhinitis,"For a health-awareness project, How can I reduce the risk of Allergic Rhinitis?","Risk reduction depends on the condition. General measures may include healthy habits, appropriate vaccination where relevant, hygiene, avoiding known triggers, and following professional advice.","sneezing, itchy nose, runny nose, nasal congestion",Allergic reaction to environmental triggers,Avoid triggers and use clinician/pharmacist-advised symptom relief,Seek urgent care if symptoms include facial swelling or breathing difficulty,Synthetic educational paraphrase,Educational information only; not a diagnosis or a substitute for professional medical care.
559,Allergy,Allergic Rhinitis,What should I know about this? When should I see a doctor for Allergic Rhinitis?,"Medical assessment is especially important when symptoms are severe, persistent, worsening, or associated with warning signs. For this condition, important warning signs include: Seek urgent care if symptoms include facial swelling or breathing difficulty.","sneezing, itchy nose, runny nose, nasal congestion",Allergic reaction to environmental triggers,Avoid triggers and use clinician/pharmacist-advised symptom relief,Seek urgent care if symptoms include facial swelling or breathing difficulty,Synthetic educational paraphrase,Educational information only; not a diagnosis or a substitute for professional medical care.
560,Allergy,Allergic Rhinitis,Please explain: Is Allergic Rhinitis always serious?,"Not necessarily. Severity varies widely. The safest approach is to consider the person's symptoms, age, medical history, and warning signs and seek professional assessment when needed.","sneezing, itchy nose, runny nose, nasal congestion",Allergic reaction to environmental triggers,Avoid triggers and use clinician/pharmacist-advised symptom relief,Seek urgent care if symptoms include facial swelling or breathing difficulty,Synthetic educational paraphrase,Educational information only; not a diagnosis or a substitute for professional medical care.
561,Allergy,Allergic Rhinitis,Can you explain this simply? Can Allergic Rhinitis be prevented?,"Some cases or complications may be preventable, while others are not fully preventable. Helpful measures can include Avoid triggers and use clinician/pharmacist-advised symptom relief and addressing known risk factors.","sneezing, itchy nose, runny nose, nasal congestion",Allergic reaction to environmental triggers,Avoid triggers and use clinician/pharmacist-advised symptom relief,Seek urgent care if symptoms include facial swelling or breathing difficulty,Synthetic educational paraphrase,Educational information only; not a diagnosis or a substitute for professional medical care.
562,Allergy,Allergic Rhinitis,I want basic information: What lifestyle habits may help with Allergic Rhinitis?,"Helpful general habits may include adequate sleep, balanced nutrition, appropriate physical activity, hydration, avoiding tobacco, and following individualized medical advice.","sneezing, itchy nose, runny nose, nasal congestion",Allergic reaction to environmental triggers,Avoid triggers and use clinician/pharmacist-advised symptom relief,Seek urgent care if symptoms include facial swelling or breathing difficulty,Synthetic educational paraphrase,Educational information only; not a diagnosis or a substitute for professional medical care.
563,Neurological,Migraine,"For a health-awareness project, What are the common symptoms of Migraine?","Common symptoms can include throbbing headache, nausea, light sensitivity, sound sensitivity. Symptoms vary between people, so they should not be used alone to confirm a diagnosis.","throbbing headache, nausea, light sensitivity, sound sensitivity",Neurological condition with recurrent headache attacks,"Rest in a quiet dark room, hydration, and clinician-advised treatment","Seek urgent care for a sudden severe headache, new neurological symptoms, fainting, or severe neck stiffness",Synthetic educational paraphrase,Educational information only; not a diagnosis or a substitute for professional medical care.
564,Neurological,Migraine,What should I know about this? What can cause Migraine?,A common underlying explanation is Neurological condition with recurrent headache attacks. A healthcare professional can assess the individual situation and rule out other causes.,"throbbing headache, nausea, light sensitivity, sound sensitivity",Neurological condition with recurrent headache attacks,"Rest in a quiet dark room, hydration, and clinician-advised treatment","Seek urgent care for a sudden severe headache, new neurological symptoms, fainting, or severe neck stiffness",Synthetic educational paraphrase,Educational information only; not a diagnosis or a substitute for professional medical care.
565,Neurological,Migraine,Please explain: What should I do if I think I have Migraine?,"Consider contacting a healthcare professional for assessment, especially if symptoms are new, severe, persistent, or worsening. General supportive steps may include Rest in a quiet dark room, hydration, and clinician-advised treatment.","throbbing headache, nausea, light sensitivity, sound sensitivity",Neurological condition with recurrent headache attacks,"Rest in a quiet dark room, hydration, and clinician-advised treatment","Seek urgent care for a sudden severe headache, new neurological symptoms, fainting, or severe neck stiffness",Synthetic educational paraphrase,Educational information only; not a diagnosis or a substitute for professional medical care.
566,Neurological,Migraine,Can you explain this simply? How can I reduce the risk of Migraine?,"Risk reduction depends on the condition. General measures may include healthy habits, appropriate vaccination where relevant, hygiene, avoiding known triggers, and following professional advice.","throbbing headache, nausea, light sensitivity, sound sensitivity",Neurological condition with recurrent headache attacks,"Rest in a quiet dark room, hydration, and clinician-advised treatment","Seek urgent care for a sudden severe headache, new neurological symptoms, fainting, or severe neck stiffness",Synthetic educational paraphrase,Educational information only; not a diagnosis or a substitute for professional medical care.
567,Neurological,Migraine,I want basic information: When should I see a doctor for Migraine?,"Medical assessment is especially important when symptoms are severe, persistent, worsening, or associated with warning signs. For this condition, important warning signs include: Seek urgent care for a sudden severe headache, new neurological symptoms, fainting, or severe neck stiffness.","throbbing headache, nausea, light sensitivity, sound sensitivity",Neurological condition with recurrent headache attacks,"Rest in a quiet dark room, hydration, and clinician-advised treatment","Seek urgent care for a sudden severe headache, new neurological symptoms, fainting, or severe neck stiffness",Synthetic educational paraphrase,Educational information only; not a diagnosis or a substitute for professional medical care.
568,Neurological,Migraine,"For a health-awareness project, Is Migraine always serious?","Not necessarily. Severity varies widely. The safest approach is to consider the person's symptoms, age, medical history, and warning signs and seek professional assessment when needed.","throbbing headache, nausea, light sensitivity, sound sensitivity",Neurological condition with recurrent headache attacks,"Rest in a quiet dark room, hydration, and clinician-advised treatment","Seek urgent care for a sudden severe headache, new neurological symptoms, fainting, or severe neck stiffness",Synthetic educational paraphrase,Educational information only; not a diagnosis or a substitute for professional medical care.
569,Neurological,Migraine,What should I know about this? Can Migraine be prevented?,"Some cases or complications may be preventable, while others are not fully preventable. Helpful measures can include Rest in a quiet dark room, hydration, and clinician-advised treatment and addressing known risk factors.","throbbing headache, nausea, light sensitivity, sound sensitivity",Neurological condition with recurrent headache attacks,"Rest in a quiet dark room, hydration, and clinician-advised treatment","Seek urgent care for a sudden severe headache, new neurological symptoms, fainting, or severe neck stiffness",Synthetic educational paraphrase,Educational information only; not a diagnosis or a substitute for professional medical care.
570,Neurological,Migraine,Please explain: What lifestyle habits may help with Migraine?,"Helpful general habits may include adequate sleep, balanced nutrition, appropriate physical activity, hydration, avoiding tobacco, and following individualized medical advice.","throbbing headache, nausea, light sensitivity, sound sensitivity",Neurological condition with recurrent headache attacks,"Rest in a quiet dark room, hydration, and clinician-advised treatment","Seek urgent care for a sudden severe headache, new neurological symptoms, fainting, or severe neck stiffness",Synthetic educational paraphrase,Educational information only; not a diagnosis or a substitute for professional medical care.
571,Cardiovascular,Hypertension,Can you explain this simply? What are the common symptoms of Hypertension?,"Common symptoms can include often no symptoms; sometimes headache or dizziness. Symptoms vary between people, so they should not be used alone to confirm a diagnosis.",often no symptoms; sometimes headache or dizziness,Persistently elevated blood pressure,"Regular blood-pressure monitoring, healthy lifestyle, and prescribed treatment","Very high blood pressure with chest pain, severe headache, confusion, weakness, or breathing difficulty needs urgent care",Synthetic educational paraphrase,Educational information only; not a diagnosis or a substitute for professional medical care.
572,Cardiovascular,Hypertension,I want basic information: What can cause Hypertension?,A common underlying explanation is Persistently elevated blood pressure. A healthcare professional can assess the individual situation and rule out other causes.,often no symptoms; sometimes headache or dizziness,Persistently elevated blood pressure,"Regular blood-pressure monitoring, healthy lifestyle, and prescribed treatment","Very high blood pressure with chest pain, severe headache, confusion, weakness, or breathing difficulty needs urgent care",Synthetic educational paraphrase,Educational information only; not a diagnosis or a substitute for professional medical care.
573,Cardiovascular,Hypertension,"For a health-awareness project, What should I do if I think I have Hypertension?","Consider contacting a healthcare professional for assessment, especially if symptoms are new, severe, persistent, or worsening. General supportive steps may include Regular blood-pressure monitoring, healthy lifestyle, and prescribed treatment.",often no symptoms; sometimes headache or dizziness,Persistently elevated blood pressure,"Regular blood-pressure monitoring, healthy lifestyle, and prescribed treatment","Very high blood pressure with chest pain, severe headache, confusion, weakness, or breathing difficulty needs urgent care",Synthetic educational paraphrase,Educational information only; not a diagnosis or a substitute for professional medical care.
574,Cardiovascular,Hypertension,What should I know about this? How can I reduce the risk of Hypertension?,"Risk reduction depends on the condition. General measures may include healthy habits, appropriate vaccination where relevant, hygiene, avoiding known triggers, and following professional advice.",often no symptoms; sometimes headache or dizziness,Persistently elevated blood pressure,"Regular blood-pressure monitoring, healthy lifestyle, and prescribed treatment","Very high blood pressure with chest pain, severe headache, confusion, weakness, or breathing difficulty needs urgent care",Synthetic educational paraphrase,Educational information only; not a diagnosis or a substitute for professional medical care.
575,Cardiovascular,Hypertension,Please explain: When should I see a doctor for Hypertension?,"Medical assessment is especially important when symptoms are severe, persistent, worsening, or associated with warning signs. For this condition, important warning signs include: Very high blood pressure with chest pain, severe headache, confusion, weakness, or breathing difficulty needs urgent care.",often no symptoms; sometimes headache or dizziness,Persistently elevated blood pressure,"Regular blood-pressure monitoring, healthy lifestyle, and prescribed treatment","Very high blood pressure with chest pain, severe headache, confusion, weakness, or breathing difficulty needs urgent care",Synthetic educational paraphrase,Educational information only; not a diagnosis or a substitute for professional medical care.
576,Cardiovascular,Hypertension,Can you explain this simply? Is Hypertension always serious?,"Not necessarily. Severity varies widely. The safest approach is to consider the person's symptoms, age, medical history, and warning signs and seek professional assessment when needed.",often no symptoms; sometimes headache or dizziness,Persistently elevated blood pressure,"Regular blood-pressure monitoring, healthy lifestyle, and prescribed treatment","Very high blood pressure with chest pain, severe headache, confusion, weakness, or breathing difficulty needs urgent care",Synthetic educational paraphrase,Educational information only; not a diagnosis or a substitute for professional medical care.
577,Cardiovascular,Hypertension,I want basic information: Can Hypertension be prevented?,"Some cases or complications may be preventable, while others are not fully preventable. Helpful measures can include Regular blood-pressure monitoring, healthy lifestyle, and prescribed treatment and addressing known risk factors.",often no symptoms; sometimes headache or dizziness,Persistently elevated blood pressure,"Regular blood-pressure monitoring, healthy lifestyle, and prescribed treatment","Very high blood pressure with chest pain, severe headache, confusion, weakness, or breathing difficulty needs urgent care",Synthetic educational paraphrase,Educational information only; not a diagnosis or a substitute for professional medical care.
578,Cardiovascular,Hypertension,"For a health-awareness project, What lifestyle habits may help with Hypertension?","Helpful general habits may include adequate sleep, balanced nutrition, appropriate physical activity, hydration, avoiding tobacco, and following individualized medical advice.",often no symptoms; sometimes headache or dizziness,Persistently elevated blood pressure,"Regular blood-pressure monitoring, healthy lifestyle, and prescribed treatment","Very high blood pressure with chest pain, severe headache, confusion, weakness, or breathing difficulty needs urgent care",Synthetic educational paraphrase,Educational information only; not a diagnosis or a substitute for professional medical care.
579,Metabolic,Type 2 Diabetes,What should I know about this? What are the common symptoms of Type 2 Diabetes?,"Common symptoms can include increased thirst, frequent urination, fatigue, blurred vision. Symptoms vary between people, so they should not be used alone to confirm a diagnosis.","increased thirst, frequent urination, fatigue, blurred vision",Impaired insulin action and glucose regulation,"Healthy eating, physical activity, monitoring, and prescribed treatment","Seek urgent care for confusion, severe dehydration, vomiting, or very abnormal glucose with symptoms",Synthetic educational paraphrase,Educational information only; not a diagnosis or a substitute for professional medical care.
580,Metabolic,Type 2 Diabetes,Please explain: What can cause Type 2 Diabetes?,A common underlying explanation is Impaired insulin action and glucose regulation. A healthcare professional can assess the individual situation and rule out other causes.,"increased thirst, frequent urination, fatigue, blurred vision",Impaired insulin action and glucose regulation,"Healthy eating, physical activity, monitoring, and prescribed treatment","Seek urgent care for confusion, severe dehydration, vomiting, or very abnormal glucose with symptoms",Synthetic educational paraphrase,Educational information only; not a diagnosis or a substitute for professional medical care.
581,Metabolic,Type 2 Diabetes,Can you explain this simply? What should I do if I think I have Type 2 Diabetes?,"Consider contacting a healthcare professional for assessment, especially if symptoms are new, severe, persistent, or worsening. General supportive steps may include Healthy eating, physical activity, monitoring, and prescribed treatment.","increased thirst, frequent urination, fatigue, blurred vision",Impaired insulin action and glucose regulation,"Healthy eating, physical activity, monitoring, and prescribed treatment","Seek urgent care for confusion, severe dehydration, vomiting, or very abnormal glucose with symptoms",Synthetic educational paraphrase,Educational information only; not a diagnosis or a substitute for professional medical care.
582,Metabolic,Type 2 Diabetes,I want basic information: How can I reduce the risk of Type 2 Diabetes?,"Risk reduction depends on the condition. General measures may include healthy habits, appropriate vaccination where relevant, hygiene, avoiding known triggers, and following professional advice.","increased thirst, frequent urination, fatigue, blurred vision",Impaired insulin action and glucose regulation,"Healthy eating, physical activity, monitoring, and prescribed treatment","Seek urgent care for confusion, severe dehydration, vomiting, or very abnormal glucose with symptoms",Synthetic educational paraphrase,Educational information only; not a diagnosis or a substitute for professional medical care.
583,Metabolic,Type 2 Diabetes,"For a health-awareness project, When should I see a doctor for Type 2 Diabetes?","Medical assessment is especially important when symptoms are severe, persistent, worsening, or associated with warning signs. For this condition, important warning signs include: Seek urgent care for confusion, severe dehydration, vomiting, or very abnormal glucose with symptoms.","increased thirst, frequent urination, fatigue, blurred vision",Impaired insulin action and glucose regulation,"Healthy eating, physical activity, monitoring, and prescribed treatment","Seek urgent care for confusion, severe dehydration, vomiting, or very abnormal glucose with symptoms",Synthetic educational paraphrase,Educational information only; not a diagnosis or a substitute for professional medical care.
584,Metabolic,Type 2 Diabetes,What should I know about this? Is Type 2 Diabetes always serious?,"Not necessarily. Severity varies widely. The safest approach is to consider the person's symptoms, age, medical history, and warning signs and seek professional assessment when needed.","increased thirst, frequent urination, fatigue, blurred vision",Impaired insulin action and glucose regulation,"Healthy eating, physical activity, monitoring, and prescribed treatment","Seek urgent care for confusion, severe dehydration, vomiting, or very abnormal glucose with symptoms",Synthetic educational paraphrase,Educational information only; not a diagnosis or a substitute for professional medical care.
585,Metabolic,Type 2 Diabetes,Please explain: Can Type 2 Diabetes be prevented?,"Some cases or complications may be preventable, while others are not fully preventable. Helpful measures can include Healthy eating, physical activity, monitoring, and prescribed treatment and addressing known risk factors.","increased thirst, frequent urination, fatigue, blurred vision",Impaired insulin action and glucose regulation,"Healthy eating, physical activity, monitoring, and prescribed treatment","Seek urgent care for confusion, severe dehydration, vomiting, or very abnormal glucose with symptoms",Synthetic educational paraphrase,Educational information only; not a diagnosis or a substitute for professional medical care.
586,Metabolic,Type 2 Diabetes,Can you explain this simply? What lifestyle habits may help with Type 2 Diabetes?,"Helpful general habits may include adequate sleep, balanced nutrition, appropriate physical activity, hydration, avoiding tobacco, and following individualized medical advice.","increased thirst, frequent urination, fatigue, blurred vision",Impaired insulin action and glucose regulation,"Healthy eating, physical activity, monitoring, and prescribed treatment","Seek urgent care for confusion, severe dehydration, vomiting, or very abnormal glucose with symptoms",Synthetic educational paraphrase,Educational information only; not a diagnosis or a substitute for professional medical care.
587,Digestive,Gastroenteritis,I want basic information: What are the common symptoms of Gastroenteritis?,"Common symptoms can include diarrhea, vomiting, abdominal cramps, nausea. Symptoms vary between people, so they should not be used alone to confirm a diagnosis.","diarrhea, vomiting, abdominal cramps, nausea",Infection or irritation of the digestive tract,Fluids and oral rehydration can help; food intake as tolerated,"Seek care for severe dehydration, blood in stool/vomit, persistent vomiting, or severe abdominal pain",Synthetic educational paraphrase,Educational information only; not a diagnosis or a substitute for professional medical care.
588,Digestive,Gastroenteritis,"For a health-awareness project, What can cause Gastroenteritis?",A common underlying explanation is Infection or irritation of the digestive tract. A healthcare professional can assess the individual situation and rule out other causes.,"diarrhea, vomiting, abdominal cramps, nausea",Infection or irritation of the digestive tract,Fluids and oral rehydration can help; food intake as tolerated,"Seek care for severe dehydration, blood in stool/vomit, persistent vomiting, or severe abdominal pain",Synthetic educational paraphrase,Educational information only; not a diagnosis or a substitute for professional medical care.
589,Digestive,Gastroenteritis,What should I know about this? What should I do if I think I have Gastroenteritis?,"Consider contacting a healthcare professional for assessment, especially if symptoms are new, severe, persistent, or worsening. General supportive steps may include Fluids and oral rehydration can help; food intake as tolerated.","diarrhea, vomiting, abdominal cramps, nausea",Infection or irritation of the digestive tract,Fluids and oral rehydration can help; food intake as tolerated,"Seek care for severe dehydration, blood in stool/vomit, persistent vomiting, or severe abdominal pain",Synthetic educational paraphrase,Educational information only; not a diagnosis or a substitute for professional medical care.
590,Digestive,Gastroenteritis,Please explain: How can I reduce the risk of Gastroenteritis?,"Risk reduction depends on the condition. General measures may include healthy habits, appropriate vaccination where relevant, hygiene, avoiding known triggers, and following professional advice.","diarrhea, vomiting, abdominal cramps, nausea",Infection or irritation of the digestive tract,Fluids and oral rehydration can help; food intake as tolerated,"Seek care for severe dehydration, blood in stool/vomit, persistent vomiting, or severe abdominal pain",Synthetic educational paraphrase,Educational information only; not a diagnosis or a substitute for professional medical care.
591,Digestive,Gastroenteritis,Can you explain this simply? When should I see a doctor for Gastroenteritis?,"Medical assessment is especially important when symptoms are severe, persistent, worsening, or associated with warning signs. For this condition, important warning signs include: Seek care for severe dehydration, blood in stool/vomit, persistent vomiting, or severe abdominal pain.","diarrhea, vomiting, abdominal cramps, nausea",Infection or irritation of the digestive tract,Fluids and oral rehydration can help; food intake as tolerated,"Seek care for severe dehydration, blood in stool/vomit, persistent vomiting, or severe abdominal pain",Synthetic educational paraphrase,Educational information only; not a diagnosis or a substitute for professional medical care.
592,Digestive,Gastroenteritis,I want basic information: Is Gastroenteritis always serious?,"Not necessarily. Severity varies widely. The safest approach is to consider the person's symptoms, age, medical history, and warning signs and seek professional assessment when needed.","diarrhea, vomiting, abdominal cramps, nausea",Infection or irritation of the digestive tract,Fluids and oral rehydration can help; food intake as tolerated,"Seek care for severe dehydration, blood in stool/vomit, persistent vomiting, or severe abdominal pain",Synthetic educational paraphrase,Educational information only; not a diagnosis or a substitute for professional medical care.
593,Digestive,Gastroenteritis,"For a health-awareness project, Can Gastroenteritis be prevented?","Some cases or complications may be preventable, while others are not fully preventable. Helpful measures can include Fluids and oral rehydration can help; food intake as tolerated and addressing known risk factors.","diarrhea, vomiting, abdominal cramps, nausea",Infection or irritation of the digestive tract,Fluids and oral rehydration can help; food intake as tolerated,"Seek care for severe dehydration, blood in stool/vomit, persistent vomiting, or severe abdominal pain",Synthetic educational paraphrase,Educational information only; not a diagnosis or a substitute for professional medical care.
594,Digestive,Gastroenteritis,What should I know about this? What lifestyle habits may help with Gastroenteritis?,"Helpful general habits may include adequate sleep, balanced nutrition, appropriate physical activity, hydration, avoiding tobacco, and following individualized medical advice.","diarrhea, vomiting, abdominal cramps, nausea",Infection or irritation of the digestive tract,Fluids and oral rehydration can help; food intake as tolerated,"Seek care for severe dehydration, blood in stool/vomit, persistent vomiting, or severe abdominal pain",Synthetic educational paraphrase,Educational information only; not a diagnosis or a substitute for professional medical care.
595,Digestive,GERD,Please explain: What are the common symptoms of GERD?,"Common symptoms can include heartburn, acid taste, regurgitation, chest discomfort after meals. Symptoms vary between people, so they should not be used alone to confirm a diagnosis.","heartburn, acid taste, regurgitation, chest discomfort after meals",Backflow of stomach contents into the esophagus,"Smaller meals, avoiding personal triggers, and clinician-advised treatment may help","Seek urgent evaluation for severe/new chest pain, trouble swallowing, vomiting blood, or black stools",Synthetic educational paraphrase,Educational information only; not a diagnosis or a substitute for professional medical care.
596,Digestive,GERD,Can you explain this simply? What can cause GERD?,A common underlying explanation is Backflow of stomach contents into the esophagus. A healthcare professional can assess the individual situation and rule out other causes.,"heartburn, acid taste, regurgitation, chest discomfort after meals",Backflow of stomach contents into the esophagus,"Smaller meals, avoiding personal triggers, and clinician-advised treatment may help","Seek urgent evaluation for severe/new chest pain, trouble swallowing, vomiting blood, or black stools",Synthetic educational paraphrase,Educational information only; not a diagnosis or a substitute for professional medical care.
597,Digestive,GERD,I want basic information: What should I do if I think I have GERD?,"Consider contacting a healthcare professional for assessment, especially if symptoms are new, severe, persistent, or worsening. General supportive steps may include Smaller meals, avoiding personal triggers, and clinician-advised treatment may help.","heartburn, acid taste, regurgitation, chest discomfort after meals",Backflow of stomach contents into the esophagus,"Smaller meals, avoiding personal triggers, and clinician-advised treatment may help","Seek urgent evaluation for severe/new chest pain, trouble swallowing, vomiting blood, or black stools",Synthetic educational paraphrase,Educational information only; not a diagnosis or a substitute for professional medical care.
598,Digestive,GERD,"For a health-awareness project, How can I reduce the risk of GERD?","Risk reduction depends on the condition. General measures may include healthy habits, appropriate vaccination where relevant, hygiene, avoiding known triggers, and following professional advice.","heartburn, acid taste, regurgitation, chest discomfort after meals",Backflow of stomach contents into the esophagus,"Smaller meals, avoiding personal triggers, and clinician-advised treatment may help","Seek urgent evaluation for severe/new chest pain, trouble swallowing, vomiting blood, or black stools",Synthetic educational paraphrase,Educational information only; not a diagnosis or a substitute for professional medical care.
599,Digestive,GERD,What should I know about this? When should I see a doctor for GERD?,"Medical assessment is especially important when symptoms are severe, persistent, worsening, or associated with warning signs. For this condition, important warning signs include: Seek urgent evaluation for severe/new chest pain, trouble swallowing, vomiting blood, or black stools.","heartburn, acid taste, regurgitation, chest discomfort after meals",Backflow of stomach contents into the esophagus,"Smaller meals, avoiding personal triggers, and clinician-advised treatment may help","Seek urgent evaluation for severe/new chest pain, trouble swallowing, vomiting blood, or black stools",Synthetic educational paraphrase,Educational information only; not a diagnosis or a substitute for professional medical care.
600,Digestive,GERD,Please explain: Is GERD always serious?,"Not necessarily. Severity varies widely. The safest approach is to consider the person's symptoms, age, medical history, and warning signs and seek professional assessment when needed.","heartburn, acid taste, regurgitation, chest discomfort after meals",Backflow of stomach contents into the esophagus,"Smaller meals, avoiding personal triggers, and clinician-advised treatment may help","Seek urgent evaluation for severe/new chest pain, trouble swallowing, vomiting blood, or black stools",Synthetic educational paraphrase,Educational information only; not a diagnosis or a substitute for professional medical care.
601,Digestive,GERD,Can you explain this simply? Can GERD be prevented?,"Some cases or complications may be preventable, while others are not fully preventable. Helpful measures can include Smaller meals, avoiding personal triggers, and clinician-advised treatment may help and addressing known risk factors.","heartburn, acid taste, regurgitation, chest discomfort after meals",Backflow of stomach contents into the esophagus,"Smaller meals, avoiding personal triggers, and clinician-advised treatment may help","Seek urgent evaluation for severe/new chest pain, trouble swallowing, vomiting blood, or black stools",Synthetic educational paraphrase,Educational information only; not a diagnosis or a substitute for professional medical care.
602,Digestive,GERD,I want basic information: What lifestyle habits may help with GERD?,"Helpful general habits may include adequate sleep, balanced nutrition, appropriate physical activity, hydration, avoiding tobacco, and following individualized medical advice.","heartburn, acid taste, regurgitation, chest discomfort after meals",Backflow of stomach contents into the esophagus,"Smaller meals, avoiding personal triggers, and clinician-advised treatment may help","Seek urgent evaluation for severe/new chest pain, trouble swallowing, vomiting blood, or black stools",Synthetic educational paraphrase,Educational information only; not a diagnosis or a substitute for professional medical care.
603,Urinary,Urinary Tract Infection,"For a health-awareness project, What are the common symptoms of Urinary Tract Infection?","Common symptoms can include burning urination, frequent urination, urgency, lower abdominal discomfort. Symptoms vary between people, so they should not be used alone to confirm a diagnosis.","burning urination, frequent urination, urgency, lower abdominal discomfort",Usually bacterial infection of the urinary tract,Medical testing and clinician-directed treatment may be needed,"Seek prompt care for fever, flank/back pain, vomiting, pregnancy, or worsening symptoms",Synthetic educational paraphrase,Educational information only; not a diagnosis or a substitute for professional medical care.
604,Urinary,Urinary Tract Infection,What should I know about this? What can cause Urinary Tract Infection?,A common underlying explanation is Usually bacterial infection of the urinary tract. A healthcare professional can assess the individual situation and rule out other causes.,"burning urination, frequent urination, urgency, lower abdominal discomfort",Usually bacterial infection of the urinary tract,Medical testing and clinician-directed treatment may be needed,"Seek prompt care for fever, flank/back pain, vomiting, pregnancy, or worsening symptoms",Synthetic educational paraphrase,Educational information only; not a diagnosis or a substitute for professional medical care.
605,Urinary,Urinary Tract Infection,Please explain: What should I do if I think I have Urinary Tract Infection?,"Consider contacting a healthcare professional for assessment, especially if symptoms are new, severe, persistent, or worsening. General supportive steps may include Medical testing and clinician-directed treatment may be needed.","burning urination, frequent urination, urgency, lower abdominal discomfort",Usually bacterial infection of the urinary tract,Medical testing and clinician-directed treatment may be needed,"Seek prompt care for fever, flank/back pain, vomiting, pregnancy, or worsening symptoms",Synthetic educational paraphrase,Educational information only; not a diagnosis or a substitute for professional medical care.
606,Urinary,Urinary Tract Infection,Can you explain this simply? How can I reduce the risk of Urinary Tract Infection?,"Risk reduction depends on the condition. General measures may include healthy habits, appropriate vaccination where relevant, hygiene, avoiding known triggers, and following professional advice.","burning urination, frequent urination, urgency, lower abdominal discomfort",Usually bacterial infection of the urinary tract,Medical testing and clinician-directed treatment may be needed,"Seek prompt care for fever, flank/back pain, vomiting, pregnancy, or worsening symptoms",Synthetic educational paraphrase,Educational information only; not a diagnosis or a substitute for professional medical care.
607,Urinary,Urinary Tract Infection,I want basic information: When should I see a doctor for Urinary Tract Infection?,"Medical assessment is especially important when symptoms are severe, persistent, worsening, or associated with warning signs. For this condition, important warning signs include: Seek prompt care for fever, flank/back pain, vomiting, pregnancy, or worsening symptoms.","burning urination, frequent urination, urgency, lower abdominal discomfort",Usually bacterial infection of the urinary tract,Medical testing and clinician-directed treatment may be needed,"Seek prompt care for fever, flank/back pain, vomiting, pregnancy, or worsening symptoms",Synthetic educational paraphrase,Educational information only; not a diagnosis or a substitute for professional medical care.
608,Urinary,Urinary Tract Infection,"For a health-awareness project, Is Urinary Tract Infection always serious?","Not necessarily. Severity varies widely. The safest approach is to consider the person's symptoms, age, medical history, and warning signs and seek professional assessment when needed.","burning urination, frequent urination, urgency, lower abdominal discomfort",Usually bacterial infection of the urinary tract,Medical testing and clinician-directed treatment may be needed,"Seek prompt care for fever, flank/back pain, vomiting, pregnancy, or worsening symptoms",Synthetic educational paraphrase,Educational information only; not a diagnosis or a substitute for professional medical care.
609,Urinary,Urinary Tract Infection,What should I know about this? Can Urinary Tract Infection be prevented?,"Some cases or complications may be preventable, while others are not fully preventable. Helpful measures can include Medical testing and clinician-directed treatment may be needed and addressing known risk factors.","burning urination, frequent urination, urgency, lower abdominal discomfort",Usually bacterial infection of the urinary tract,Medical testing and clinician-directed treatment may be needed,"Seek prompt care for fever, flank/back pain, vomiting, pregnancy, or worsening symptoms",Synthetic educational paraphrase,Educational information only; not a diagnosis or a substitute for professional medical care.
610,Urinary,Urinary Tract Infection,Please explain: What lifestyle habits may help with Urinary Tract Infection?,"Helpful general habits may include adequate sleep, balanced nutrition, appropriate physical activity, hydration, avoiding tobacco, and following individualized medical advice.","burning urination, frequent urination, urgency, lower abdominal discomfort",Usually bacterial infection of the urinary tract,Medical testing and clinician-directed treatment may be needed,"Seek prompt care for fever, flank/back pain, vomiting, pregnancy, or worsening symptoms",Synthetic educational paraphrase,Educational information only; not a diagnosis or a substitute for professional medical care.
611,Blood,Iron Deficiency Anemia,Can you explain this simply? What are the common symptoms of Iron Deficiency Anemia?,"Common symptoms can include fatigue, weakness, pale skin, dizziness, shortness of breath on exertion. Symptoms vary between people, so they should not be used alone to confirm a diagnosis.","fatigue, weakness, pale skin, dizziness, shortness of breath on exertion",Insufficient iron leading to reduced hemoglobin production,Medical evaluation should identify the cause; iron treatment should follow professional advice,"Seek urgent care for fainting, severe breathlessness, chest pain, or rapid worsening",Synthetic educational paraphrase,Educational information only; not a diagnosis or a substitute for professional medical care.
612,Blood,Iron Deficiency Anemia,I want basic information: What can cause Iron Deficiency Anemia?,A common underlying explanation is Insufficient iron leading to reduced hemoglobin production. A healthcare professional can assess the individual situation and rule out other causes.,"fatigue, weakness, pale skin, dizziness, shortness of breath on exertion",Insufficient iron leading to reduced hemoglobin production,Medical evaluation should identify the cause; iron treatment should follow professional advice,"Seek urgent care for fainting, severe breathlessness, chest pain, or rapid worsening",Synthetic educational paraphrase,Educational information only; not a diagnosis or a substitute for professional medical care.
613,Blood,Iron Deficiency Anemia,"For a health-awareness project, What should I do if I think I have Iron Deficiency Anemia?","Consider contacting a healthcare professional for assessment, especially if symptoms are new, severe, persistent, or worsening. General supportive steps may include Medical evaluation should identify the cause; iron treatment should follow professional advice.","fatigue, weakness, pale skin, dizziness, shortness of breath on exertion",Insufficient iron leading to reduced hemoglobin production,Medical evaluation should identify the cause; iron treatment should follow professional advice,"Seek urgent care for fainting, severe breathlessness, chest pain, or rapid worsening",Synthetic educational paraphrase,Educational information only; not a diagnosis or a substitute for professional medical care.
614,Blood,Iron Deficiency Anemia,What should I know about this? How can I reduce the risk of Iron Deficiency Anemia?,"Risk reduction depends on the condition. General measures may include healthy habits, appropriate vaccination where relevant, hygiene, avoiding known triggers, and following professional advice.","fatigue, weakness, pale skin, dizziness, shortness of breath on exertion",Insufficient iron leading to reduced hemoglobin production,Medical evaluation should identify the cause; iron treatment should follow professional advice,"Seek urgent care for fainting, severe breathlessness, chest pain, or rapid worsening",Synthetic educational paraphrase,Educational information only; not a diagnosis or a substitute for professional medical care.
615,Blood,Iron Deficiency Anemia,Please explain: When should I see a doctor for Iron Deficiency Anemia?,"Medical assessment is especially important when symptoms are severe, persistent, worsening, or associated with warning signs. For this condition, important warning signs include: Seek urgent care for fainting, severe breathlessness, chest pain, or rapid worsening.","fatigue, weakness, pale skin, dizziness, shortness of breath on exertion",Insufficient iron leading to reduced hemoglobin production,Medical evaluation should identify the cause; iron treatment should follow professional advice,"Seek urgent care for fainting, severe breathlessness, chest pain, or rapid worsening",Synthetic educational paraphrase,Educational information only; not a diagnosis or a substitute for professional medical care.
616,Blood,Iron Deficiency Anemia,Can you explain this simply? Is Iron Deficiency Anemia always serious?,"Not necessarily. Severity varies widely. The safest approach is to consider the person's symptoms, age, medical history, and warning signs and seek professional assessment when needed.","fatigue, weakness, pale skin, dizziness, shortness of breath on exertion",Insufficient iron leading to reduced hemoglobin production,Medical evaluation should identify the cause; iron treatment should follow professional advice,"Seek urgent care for fainting, severe breathlessness, chest pain, or rapid worsening",Synthetic educational paraphrase,Educational information only; not a diagnosis or a substitute for professional medical care.
617,Blood,Iron Deficiency Anemia,I want basic information: Can Iron Deficiency Anemia be prevented?,"Some cases or complications may be preventable, while others are not fully preventable. Helpful measures can include Medical evaluation should identify the cause; iron treatment should follow professional advice and addressing known risk factors.","fatigue, weakness, pale skin, dizziness, shortness of breath on exertion",Insufficient iron leading to reduced hemoglobin production,Medical evaluation should identify the cause; iron treatment should follow professional advice,"Seek urgent care for fainting, severe breathlessness, chest pain, or rapid worsening",Synthetic educational paraphrase,Educational information only; not a diagnosis or a substitute for professional medical care.
618,Blood,Iron Deficiency Anemia,"For a health-awareness project, What lifestyle habits may help with Iron Deficiency Anemia?","Helpful general habits may include adequate sleep, balanced nutrition, appropriate physical activity, hydration, avoiding tobacco, and following individualized medical advice.","fatigue, weakness, pale skin, dizziness, shortness of breath on exertion",Insufficient iron leading to reduced hemoglobin production,Medical evaluation should identify the cause; iron treatment should follow professional advice,"Seek urgent care for fainting, severe breathlessness, chest pain, or rapid worsening",Synthetic educational paraphrase,Educational information only; not a diagnosis or a substitute for professional medical care.
619,Endocrine,Hypothyroidism,What should I know about this? What are the common symptoms of Hypothyroidism?,"Common symptoms can include fatigue, feeling cold, dry skin, constipation, weight changes. Symptoms vary between people, so they should not be used alone to confirm a diagnosis.","fatigue, feeling cold, dry skin, constipation, weight changes",Low thyroid hormone activity,Blood testing and clinician-directed treatment are used,"Seek urgent care for severe drowsiness, confusion, breathing difficulty, or very low body temperature",Synthetic educational paraphrase,Educational information only; not a diagnosis or a substitute for professional medical care.
620,Endocrine,Hypothyroidism,Please explain: What can cause Hypothyroidism?,A common underlying explanation is Low thyroid hormone activity. A healthcare professional can assess the individual situation and rule out other causes.,"fatigue, feeling cold, dry skin, constipation, weight changes",Low thyroid hormone activity,Blood testing and clinician-directed treatment are used,"Seek urgent care for severe drowsiness, confusion, breathing difficulty, or very low body temperature",Synthetic educational paraphrase,Educational information only; not a diagnosis or a substitute for professional medical care.
621,Endocrine,Hypothyroidism,Can you explain this simply? What should I do if I think I have Hypothyroidism?,"Consider contacting a healthcare professional for assessment, especially if symptoms are new, severe, persistent, or worsening. General supportive steps may include Blood testing and clinician-directed treatment are used.","fatigue, feeling cold, dry skin, constipation, weight changes",Low thyroid hormone activity,Blood testing and clinician-directed treatment are used,"Seek urgent care for severe drowsiness, confusion, breathing difficulty, or very low body temperature",Synthetic educational paraphrase,Educational information only; not a diagnosis or a substitute for professional medical care.
622,Endocrine,Hypothyroidism,I want basic information: How can I reduce the risk of Hypothyroidism?,"Risk reduction depends on the condition. General measures may include healthy habits, appropriate vaccination where relevant, hygiene, avoiding known triggers, and following professional advice.","fatigue, feeling cold, dry skin, constipation, weight changes",Low thyroid hormone activity,Blood testing and clinician-directed treatment are used,"Seek urgent care for severe drowsiness, confusion, breathing difficulty, or very low body temperature",Synthetic educational paraphrase,Educational information only; not a diagnosis or a substitute for professional medical care.
623,Endocrine,Hypothyroidism,"For a health-awareness project, When should I see a doctor for Hypothyroidism?","Medical assessment is especially important when symptoms are severe, persistent, worsening, or associated with warning signs. For this condition, important warning signs include: Seek urgent care for severe drowsiness, confusion, breathing difficulty, or very low body temperature.","fatigue, feeling cold, dry skin, constipation, weight changes",Low thyroid hormone activity,Blood testing and clinician-directed treatment are used,"Seek urgent care for severe drowsiness, confusion, breathing difficulty, or very low body temperature",Synthetic educational paraphrase,Educational information only; not a diagnosis or a substitute for professional medical care.
624,Endocrine,Hypothyroidism,What should I know about this? Is Hypothyroidism always serious?,"Not necessarily. Severity varies widely. The safest approach is to consider the person's symptoms, age, medical history, and warning signs and seek professional assessment when needed.","fatigue, feeling cold, dry skin, constipation, weight changes",Low thyroid hormone activity,Blood testing and clinician-directed treatment are used,"Seek urgent care for severe drowsiness, confusion, breathing difficulty, or very low body temperature",Synthetic educational paraphrase,Educational information only; not a diagnosis or a substitute for professional medical care.
625,Endocrine,Hypothyroidism,Please explain: Can Hypothyroidism be prevented?,"Some cases or complications may be preventable, while others are not fully preventable. Helpful measures can include Blood testing and clinician-directed treatment are used and addressing known risk factors.","fatigue, feeling cold, dry skin, constipation, weight changes",Low thyroid hormone activity,Blood testing and clinician-directed treatment are used,"Seek urgent care for severe drowsiness, confusion, breathing difficulty, or very low body temperature",Synthetic educational paraphrase,Educational information only; not a diagnosis or a substitute for professional medical care.
626,Endocrine,Hypothyroidism,Can you explain this simply? What lifestyle habits may help with Hypothyroidism?,"Helpful general habits may include adequate sleep, balanced nutrition, appropriate physical activity, hydration, avoiding tobacco, and following individualized medical advice.","fatigue, feeling cold, dry skin, constipation, weight changes",Low thyroid hormone activity,Blood testing and clinician-directed treatment are used,"Seek urgent care for severe drowsiness, confusion, breathing difficulty, or very low body temperature",Synthetic educational paraphrase,Educational information only; not a diagnosis or a substitute for professional medical care.
627,Eye,Conjunctivitis,I want basic information: What are the common symptoms of Conjunctivitis?,"Common symptoms can include red eye, discharge, irritation, watery eyes. Symptoms vary between people, so they should not be used alone to confirm a diagnosis.","red eye, discharge, irritation, watery eyes",Inflammation/infection of the conjunctiva,Hand hygiene and avoiding eye rubbing help; evaluation may be needed,"Seek urgent care for severe eye pain, vision changes, light sensitivity, or eye injury",Synthetic educational paraphrase,Educational information only; not a diagnosis or a substitute for professional medical care.
628,Eye,Conjunctivitis,"For a health-awareness project, What can cause Conjunctivitis?",A common underlying explanation is Inflammation/infection of the conjunctiva. A healthcare professional can assess the individual situation and rule out other causes.,"red eye, discharge, irritation, watery eyes",Inflammation/infection of the conjunctiva,Hand hygiene and avoiding eye rubbing help; evaluation may be needed,"Seek urgent care for severe eye pain, vision changes, light sensitivity, or eye injury",Synthetic educational paraphrase,Educational information only; not a diagnosis or a substitute for professional medical care.
629,Eye,Conjunctivitis,What should I know about this? What should I do if I think I have Conjunctivitis?,"Consider contacting a healthcare professional for assessment, especially if symptoms are new, severe, persistent, or worsening. General supportive steps may include Hand hygiene and avoiding eye rubbing help; evaluation may be needed.","red eye, discharge, irritation, watery eyes",Inflammation/infection of the conjunctiva,Hand hygiene and avoiding eye rubbing help; evaluation may be needed,"Seek urgent care for severe eye pain, vision changes, light sensitivity, or eye injury",Synthetic educational paraphrase,Educational information only; not a diagnosis or a substitute for professional medical care.
630,Eye,Conjunctivitis,Please explain: How can I reduce the risk of Conjunctivitis?,"Risk reduction depends on the condition. General measures may include healthy habits, appropriate vaccination where relevant, hygiene, avoiding known triggers, and following professional advice.","red eye, discharge, irritation, watery eyes",Inflammation/infection of the conjunctiva,Hand hygiene and avoiding eye rubbing help; evaluation may be needed,"Seek urgent care for severe eye pain, vision changes, light sensitivity, or eye injury",Synthetic educational paraphrase,Educational information only; not a diagnosis or a substitute for professional medical care.
631,Eye,Conjunctivitis,Can you explain this simply? When should I see a doctor for Conjunctivitis?,"Medical assessment is especially important when symptoms are severe, persistent, worsening, or associated with warning signs. For this condition, important warning signs include: Seek urgent care for severe eye pain, vision changes, light sensitivity, or eye injury.","red eye, discharge, irritation, watery eyes",Inflammation/infection of the conjunctiva,Hand hygiene and avoiding eye rubbing help; evaluation may be needed,"Seek urgent care for severe eye pain, vision changes, light sensitivity, or eye injury",Synthetic educational paraphrase,Educational information only; not a diagnosis or a substitute for professional medical care.
632,Eye,Conjunctivitis,I want basic information: Is Conjunctivitis always serious?,"Not necessarily. Severity varies widely. The safest approach is to consider the person's symptoms, age, medical history, and warning signs and seek professional assessment when needed.","red eye, discharge, irritation, watery eyes",Inflammation/infection of the conjunctiva,Hand hygiene and avoiding eye rubbing help; evaluation may be needed,"Seek urgent care for severe eye pain, vision changes, light sensitivity, or eye injury",Synthetic educational paraphrase,Educational information only; not a diagnosis or a substitute for professional medical care.
633,Eye,Conjunctivitis,"For a health-awareness project, Can Conjunctivitis be prevented?","Some cases or complications may be preventable, while others are not fully preventable. Helpful measures can include Hand hygiene and avoiding eye rubbing help; evaluation may be needed and addressing known risk factors.","red eye, discharge, irritation, watery eyes",Inflammation/infection of the conjunctiva,Hand hygiene and avoiding eye rubbing help; evaluation may be needed,"Seek urgent care for severe eye pain, vision changes, light sensitivity, or eye injury",Synthetic educational paraphrase,Educational information only; not a diagnosis or a substitute for professional medical care.
634,Eye,Conjunctivitis,What should I know about this? What lifestyle habits may help with Conjunctivitis?,"Helpful general habits may include adequate sleep, balanced nutrition, appropriate physical activity, hydration, avoiding tobacco, and following individualized medical advice.","red eye, discharge, irritation, watery eyes",Inflammation/infection of the conjunctiva,Hand hygiene and avoiding eye rubbing help; evaluation may be needed,"Seek urgent care for severe eye pain, vision changes, light sensitivity, or eye injury",Synthetic educational paraphrase,Educational information only; not a diagnosis or a substitute for professional medical care.
635,Skin,Dermatitis,Please explain: What are the common symptoms of Dermatitis?,"Common symptoms can include itchy, dry, red, irritated skin. Symptoms vary between people, so they should not be used alone to confirm a diagnosis.","itchy, dry, red, irritated skin","Skin inflammation from irritants, allergens, or other causes",Avoid suspected irritants and use gentle skin care,"Seek care for rapidly spreading redness, severe pain, fever, or facial swelling",Synthetic educational paraphrase,Educational information only; not a diagnosis or a substitute for professional medical care.
636,Skin,Dermatitis,Can you explain this simply? What can cause Dermatitis?,"A common underlying explanation is Skin inflammation from irritants, allergens, or other causes. A healthcare professional can assess the individual situation and rule out other causes.","itchy, dry, red, irritated skin","Skin inflammation from irritants, allergens, or other causes",Avoid suspected irritants and use gentle skin care,"Seek care for rapidly spreading redness, severe pain, fever, or facial swelling",Synthetic educational paraphrase,Educational information only; not a diagnosis or a substitute for professional medical care.
637,Skin,Dermatitis,I want basic information: What should I do if I think I have Dermatitis?,"Consider contacting a healthcare professional for assessment, especially if symptoms are new, severe, persistent, or worsening. General supportive steps may include Avoid suspected irritants and use gentle skin care.","itchy, dry, red, irritated skin","Skin inflammation from irritants, allergens, or other causes",Avoid suspected irritants and use gentle skin care,"Seek care for rapidly spreading redness, severe pain, fever, or facial swelling",Synthetic educational paraphrase,Educational information only; not a diagnosis or a substitute for professional medical care.
638,Skin,Dermatitis,"For a health-awareness project, How can I reduce the risk of Dermatitis?","Risk reduction depends on the condition. General measures may include healthy habits, appropriate vaccination where relevant, hygiene, avoiding known triggers, and following professional advice.","itchy, dry, red, irritated skin","Skin inflammation from irritants, allergens, or other causes",Avoid suspected irritants and use gentle skin care,"Seek care for rapidly spreading redness, severe pain, fever, or facial swelling",Synthetic educational paraphrase,Educational information only; not a diagnosis or a substitute for professional medical care.
639,Skin,Dermatitis,What should I know about this? When should I see a doctor for Dermatitis?,"Medical assessment is especially important when symptoms are severe, persistent, worsening, or associated with warning signs. For this condition, important warning signs include: Seek care for rapidly spreading redness, severe pain, fever, or facial swelling.","itchy, dry, red, irritated skin","Skin inflammation from irritants, allergens, or other causes",Avoid suspected irritants and use gentle skin care,"Seek care for rapidly spreading redness, severe pain, fever, or facial swelling",Synthetic educational paraphrase,Educational information only; not a diagnosis or a substitute for professional medical care.
640,Skin,Dermatitis,Please explain: Is Dermatitis always serious?,"Not necessarily. Severity varies widely. The safest approach is to consider the person's symptoms, age, medical history, and warning signs and seek professional assessment when needed.","itchy, dry, red, irritated skin","Skin inflammation from irritants, allergens, or other causes",Avoid suspected irritants and use gentle skin care,"Seek care for rapidly spreading redness, severe pain, fever, or facial swelling",Synthetic educational paraphrase,Educational information only; not a diagnosis or a substitute for professional medical care.
641,Skin,Dermatitis,Can you explain this simply? Can Dermatitis be prevented?,"Some cases or complications may be preventable, while others are not fully preventable. Helpful measures can include Avoid suspected irritants and use gentle skin care and addressing known risk factors.","itchy, dry, red, irritated skin","Skin inflammation from irritants, allergens, or other causes",Avoid suspected irritants and use gentle skin care,"Seek care for rapidly spreading redness, severe pain, fever, or facial swelling",Synthetic educational paraphrase,Educational information only; not a diagnosis or a substitute for professional medical care.
642,Skin,Dermatitis,I want basic information: What lifestyle habits may help with Dermatitis?,"Helpful general habits may include adequate sleep, balanced nutrition, appropriate physical activity, hydration, avoiding tobacco, and following individualized medical advice.","itchy, dry, red, irritated skin","Skin inflammation from irritants, allergens, or other causes",Avoid suspected irritants and use gentle skin care,"Seek care for rapidly spreading redness, severe pain, fever, or facial swelling",Synthetic educational paraphrase,Educational information only; not a diagnosis or a substitute for professional medical care.
643,Mental Health,Depression,"For a health-awareness project, What are the common symptoms of Depression?","Common symptoms can include persistent low mood, loss of interest, sleep/appetite changes, low energy. Symptoms vary between people, so they should not be used alone to confirm a diagnosis.","persistent low mood, loss of interest, sleep/appetite changes, low energy",Mental health condition involving persistent mood symptoms,"Professional assessment, supportive routines, therapy, and treatment when appropriate","If there is immediate danger or thoughts of self-harm, seek emergency professional help immediately",Synthetic educational paraphrase,Educational information only; not a diagnosis or a substitute for professional medical care.
644,Mental Health,Depression,What should I know about this? What can cause Depression?,A common underlying explanation is Mental health condition involving persistent mood symptoms. A healthcare professional can assess the individual situation and rule out other causes.,"persistent low mood, loss of interest, sleep/appetite changes, low energy",Mental health condition involving persistent mood symptoms,"Professional assessment, supportive routines, therapy, and treatment when appropriate","If there is immediate danger or thoughts of self-harm, seek emergency professional help immediately",Synthetic educational paraphrase,Educational information only; not a diagnosis or a substitute for professional medical care.
645,Mental Health,Depression,Please explain: What should I do if I think I have Depression?,"Consider contacting a healthcare professional for assessment, especially if symptoms are new, severe, persistent, or worsening. General supportive steps may include Professional assessment, supportive routines, therapy, and treatment when appropriate.","persistent low mood, loss of interest, sleep/appetite changes, low energy",Mental health condition involving persistent mood symptoms,"Professional assessment, supportive routines, therapy, and treatment when appropriate","If there is immediate danger or thoughts of self-harm, seek emergency professional help immediately",Synthetic educational paraphrase,Educational information only; not a diagnosis or a substitute for professional medical care.
646,Mental Health,Depression,Can you explain this simply? How can I reduce the risk of Depression?,"Risk reduction depends on the condition. General measures may include healthy habits, appropriate vaccination where relevant, hygiene, avoiding known triggers, and following professional advice.","persistent low mood, loss of interest, sleep/appetite changes, low energy",Mental health condition involving persistent mood symptoms,"Professional assessment, supportive routines, therapy, and treatment when appropriate","If there is immediate danger or thoughts of self-harm, seek emergency professional help immediately",Synthetic educational paraphrase,Educational information only; not a diagnosis or a substitute for professional medical care.
647,Mental Health,Depression,I want basic information: When should I see a doctor for Depression?,"Medical assessment is especially important when symptoms are severe, persistent, worsening, or associated with warning signs. For this condition, important warning signs include: If there is immediate danger or thoughts of self-harm, seek emergency professional help immediately.","persistent low mood, loss of interest, sleep/appetite changes, low energy",Mental health condition involving persistent mood symptoms,"Professional assessment, supportive routines, therapy, and treatment when appropriate","If there is immediate danger or thoughts of self-harm, seek emergency professional help immediately",Synthetic educational paraphrase,Educational information only; not a diagnosis or a substitute for professional medical care.
648,Mental Health,Depression,"For a health-awareness project, Is Depression always serious?","Not necessarily. Severity varies widely. The safest approach is to consider the person's symptoms, age, medical history, and warning signs and seek professional assessment when needed.","persistent low mood, loss of interest, sleep/appetite changes, low energy",Mental health condition involving persistent mood symptoms,"Professional assessment, supportive routines, therapy, and treatment when appropriate","If there is immediate danger or thoughts of self-harm, seek emergency professional help immediately",Synthetic educational paraphrase,Educational information only; not a diagnosis or a substitute for professional medical care.
649,Mental Health,Depression,What should I know about this? Can Depression be prevented?,"Some cases or complications may be preventable, while others are not fully preventable. Helpful measures can include Professional assessment, supportive routines, therapy, and treatment when appropriate and addressing known risk factors.","persistent low mood, loss of interest, sleep/appetite changes, low energy",Mental health condition involving persistent mood symptoms,"Professional assessment, supportive routines, therapy, and treatment when appropriate","If there is immediate danger or thoughts of self-harm, seek emergency professional help immediately",Synthetic educational paraphrase,Educational information only; not a diagnosis or a substitute for professional medical care.
650,Mental Health,Depression,Please explain: What lifestyle habits may help with Depression?,"Helpful general habits may include adequate sleep, balanced nutrition, appropriate physical activity, hydration, avoiding tobacco, and following individualized medical advice.","persistent low mood, loss of interest, sleep/appetite changes, low energy",Mental health condition involving persistent mood symptoms,"Professional assessment, supportive routines, therapy, and treatment when appropriate","If there is immediate danger or thoughts of self-harm, seek emergency professional help immediately",Synthetic educational paraphrase,Educational information only; not a diagnosis or a substitute for professional medical care.
651,Respiratory,Common Cold,Can you explain this simply? I have cough. Could it be related to Common Cold?,"Cough can occur with Common Cold, but it is not specific to it. Other symptoms may include runny nose, sneezing, sore throat. A symptom alone cannot confirm a diagnosis.","cough, runny nose, sneezing, sore throat",Viral upper-respiratory infection,"Rest, fluids, and symptom relief may help","Seek care for breathing difficulty, severe symptoms, or symptoms that persist/worsen",Synthetic educational paraphrase,Educational information only; not a diagnosis or a substitute for professional medical care.
652,Respiratory,Common Cold,I want basic information: I have runny nose. Could it be related to Common Cold?,"Runny nose can occur with Common Cold, but it is not specific to it. Other symptoms may include cough, sneezing, sore throat. A symptom alone cannot confirm a diagnosis.","cough, runny nose, sneezing, sore throat",Viral upper-respiratory infection,"Rest, fluids, and symptom relief may help","Seek care for breathing difficulty, severe symptoms, or symptoms that persist/worsen",Synthetic educational paraphrase,Educational information only; not a diagnosis or a substitute for professional medical care.
653,Respiratory,Common Cold,"For a health-awareness project, I have sneezing. Could it be related to Common Cold?","Sneezing can occur with Common Cold, but it is not specific to it. Other symptoms may include cough, runny nose, sore throat. A symptom alone cannot confirm a diagnosis.","cough, runny nose, sneezing, sore throat",Viral upper-respiratory infection,"Rest, fluids, and symptom relief may help","Seek care for breathing difficulty, severe symptoms, or symptoms that persist/worsen",Synthetic educational paraphrase,Educational information only; not a diagnosis or a substitute for professional medical care.
654,Respiratory,Common Cold,What should I know about this? I have sore throat. Could it be related to Common Cold?,"Sore throat can occur with Common Cold, but it is not specific to it. Other symptoms may include cough, runny nose, sneezing. A symptom alone cannot confirm a diagnosis.","cough, runny nose, sneezing, sore throat",Viral upper-respiratory infection,"Rest, fluids, and symptom relief may help","Seek care for breathing difficulty, severe symptoms, or symptoms that persist/worsen",Synthetic educational paraphrase,Educational information only; not a diagnosis or a substitute for professional medical care.
655,Respiratory,Influenza,Please explain: I have fever. Could it be related to Influenza?,"Fever can occur with Influenza, but it is not specific to it. Other symptoms may include chills, cough, body aches, fatigue. A symptom alone cannot confirm a diagnosis.","fever, chills, cough, body aches, fatigue",Influenza virus infection,"Rest, fluids, and medical advice when appropriate","Seek urgent care for breathing difficulty, chest pain, confusion, or severe dehydration",Synthetic educational paraphrase,Educational information only; not a diagnosis or a substitute for professional medical care.
656,Respiratory,Influenza,Can you explain this simply? I have chills. Could it be related to Influenza?,"Chills can occur with Influenza, but it is not specific to it. Other symptoms may include fever, cough, body aches, fatigue. A symptom alone cannot confirm a diagnosis.","fever, chills, cough, body aches, fatigue",Influenza virus infection,"Rest, fluids, and medical advice when appropriate","Seek urgent care for breathing difficulty, chest pain, confusion, or severe dehydration",Synthetic educational paraphrase,Educational information only; not a diagnosis or a substitute for professional medical care.
657,Respiratory,Influenza,I want basic information: I have cough. Could it be related to Influenza?,"Cough can occur with Influenza, but it is not specific to it. Other symptoms may include fever, chills, body aches, fatigue. A symptom alone cannot confirm a diagnosis.","fever, chills, cough, body aches, fatigue",Influenza virus infection,"Rest, fluids, and medical advice when appropriate","Seek urgent care for breathing difficulty, chest pain, confusion, or severe dehydration",Synthetic educational paraphrase,Educational information only; not a diagnosis or a substitute for professional medical care.
658,Respiratory,Influenza,"For a health-awareness project, I have body aches. Could it be related to Influenza?","Body aches can occur with Influenza, but it is not specific to it. Other symptoms may include fever, chills, cough, fatigue. A symptom alone cannot confirm a diagnosis.","fever, chills, cough, body aches, fatigue",Influenza virus infection,"Rest, fluids, and medical advice when appropriate","Seek urgent care for breathing difficulty, chest pain, confusion, or severe dehydration",Synthetic educational paraphrase,Educational information only; not a diagnosis or a substitute for professional medical care.
659,Respiratory,Influenza,What should I know about this? I have fatigue. Could it be related to Influenza?,"Fatigue can occur with Influenza, but it is not specific to it. Other symptoms may include fever, chills, cough, body aches. A symptom alone cannot confirm a diagnosis.","fever, chills, cough, body aches, fatigue",Influenza virus infection,"Rest, fluids, and medical advice when appropriate","Seek urgent care for breathing difficulty, chest pain, confusion, or severe dehydration",Synthetic educational paraphrase,Educational information only; not a diagnosis or a substitute for professional medical care.
660,Infectious,Dengue,Please explain: I have fever. Could it be related to Dengue?,"Fever can occur with Dengue, but it is not specific to it. Other symptoms may include headache, body aches, nausea, rash. A symptom alone cannot confirm a diagnosis.","fever, headache, body aches, nausea, rash",Dengue virus spread by mosquitoes,Hydration and prompt medical evaluation are important,"Seek urgent care for bleeding, severe abdominal pain, persistent vomiting, breathing difficulty, or extreme weakness",Synthetic educational paraphrase,Educational information only; not a diagnosis or a substitute for professional medical care.
661,Infectious,Dengue,Can you explain this simply? I have headache. Could it be related to Dengue?,"Headache can occur with Dengue, but it is not specific to it. Other symptoms may include fever, body aches, nausea, rash. A symptom alone cannot confirm a diagnosis.","fever, headache, body aches, nausea, rash",Dengue virus spread by mosquitoes,Hydration and prompt medical evaluation are important,"Seek urgent care for bleeding, severe abdominal pain, persistent vomiting, breathing difficulty, or extreme weakness",Synthetic educational paraphrase,Educational information only; not a diagnosis or a substitute for professional medical care.
662,Infectious,Dengue,I want basic information: I have body aches. Could it be related to Dengue?,"Body aches can occur with Dengue, but it is not specific to it. Other symptoms may include fever, headache, nausea, rash. A symptom alone cannot confirm a diagnosis.","fever, headache, body aches, nausea, rash",Dengue virus spread by mosquitoes,Hydration and prompt medical evaluation are important,"Seek urgent care for bleeding, severe abdominal pain, persistent vomiting, breathing difficulty, or extreme weakness",Synthetic educational paraphrase,Educational information only; not a diagnosis or a substitute for professional medical care.
663,Infectious,Dengue,"For a health-awareness project, I have nausea. Could it be related to Dengue?","Nausea can occur with Dengue, but it is not specific to it. Other symptoms may include fever, headache, body aches, rash. A symptom alone cannot confirm a diagnosis.","fever, headache, body aches, nausea, rash",Dengue virus spread by mosquitoes,Hydration and prompt medical evaluation are important,"Seek urgent care for bleeding, severe abdominal pain, persistent vomiting, breathing difficulty, or extreme weakness",Synthetic educational paraphrase,Educational information only; not a diagnosis or a substitute for professional medical care.
664,Infectious,Dengue,What should I know about this? I have rash. Could it be related to Dengue?,"Rash can occur with Dengue, but it is not specific to it. Other symptoms may include fever, headache, body aches, nausea. A symptom alone cannot confirm a diagnosis.","fever, headache, body aches, nausea, rash",Dengue virus spread by mosquitoes,Hydration and prompt medical evaluation are important,"Seek urgent care for bleeding, severe abdominal pain, persistent vomiting, breathing difficulty, or extreme weakness",Synthetic educational paraphrase,Educational information only; not a diagnosis or a substitute for professional medical care.
665,Infectious,Malaria,Please explain: I have fever. Could it be related to Malaria?,"Fever can occur with Malaria, but it is not specific to it. Other symptoms may include chills, sweating, headache, weakness. A symptom alone cannot confirm a diagnosis.","fever, chills, sweating, headache, weakness",Plasmodium parasites transmitted by infected mosquitoes,Prompt testing and clinician-directed treatment are important,"Seek urgent care for confusion, seizures, breathing difficulty, collapse, or severe weakness",Synthetic educational paraphrase,Educational information only; not a diagnosis or a substitute for professional medical care.
666,Infectious,Malaria,Can you explain this simply? I have chills. Could it be related to Malaria?,"Chills can occur with Malaria, but it is not specific to it. Other symptoms may include fever, sweating, headache, weakness. A symptom alone cannot confirm a diagnosis.","fever, chills, sweating, headache, weakness",Plasmodium parasites transmitted by infected mosquitoes,Prompt testing and clinician-directed treatment are important,"Seek urgent care for confusion, seizures, breathing difficulty, collapse, or severe weakness",Synthetic educational paraphrase,Educational information only; not a diagnosis or a substitute for professional medical care.
667,Infectious,Malaria,I want basic information: I have sweating. Could it be related to Malaria?,"Sweating can occur with Malaria, but it is not specific to it. Other symptoms may include fever, chills, headache, weakness. A symptom alone cannot confirm a diagnosis.","fever, chills, sweating, headache, weakness",Plasmodium parasites transmitted by infected mosquitoes,Prompt testing and clinician-directed treatment are important,"Seek urgent care for confusion, seizures, breathing difficulty, collapse, or severe weakness",Synthetic educational paraphrase,Educational information only; not a diagnosis or a substitute for professional medical care.
668,Infectious,Malaria,"For a health-awareness project, I have headache. Could it be related to Malaria?","Headache can occur with Malaria, but it is not specific to it. Other symptoms may include fever, chills, sweating, weakness. A symptom alone cannot confirm a diagnosis.","fever, chills, sweating, headache, weakness",Plasmodium parasites transmitted by infected mosquitoes,Prompt testing and clinician-directed treatment are important,"Seek urgent care for confusion, seizures, breathing difficulty, collapse, or severe weakness",Synthetic educational paraphrase,Educational information only; not a diagnosis or a substitute for professional medical care.
669,Infectious,Malaria,What should I know about this? I have weakness. Could it be related to Malaria?,"Weakness can occur with Malaria, but it is not specific to it. Other symptoms may include fever, chills, sweating, headache. A symptom alone cannot confirm a diagnosis.","fever, chills, sweating, headache, weakness",Plasmodium parasites transmitted by infected mosquitoes,Prompt testing and clinician-directed treatment are important,"Seek urgent care for confusion, seizures, breathing difficulty, collapse, or severe weakness",Synthetic educational paraphrase,Educational information only; not a diagnosis or a substitute for professional medical care.
670,Infectious,Typhoid Fever,Please explain: I have fever. Could it be related to Typhoid Fever?,"Fever can occur with Typhoid Fever, but it is not specific to it. Other symptoms may include headache, weakness, abdominal discomfort, diarrhea or constipation. A symptom alone cannot confirm a diagnosis.","fever, headache, weakness, abdominal discomfort, diarrhea or constipation",Salmonella Typhi infection,Medical testing and clinician-directed antibiotics when indicated,"Seek care for persistent high fever, severe abdominal pain, confusion, or dehydration",Synthetic educational paraphrase,Educational information only; not a diagnosis or a substitute for professional medical care.
671,Infectious,Typhoid Fever,Can you explain this simply? I have headache. Could it be related to Typhoid Fever?,"Headache can occur with Typhoid Fever, but it is not specific to it. Other symptoms may include fever, weakness, abdominal discomfort, diarrhea or constipation. A symptom alone cannot confirm a diagnosis.","fever, headache, weakness, abdominal discomfort, diarrhea or constipation",Salmonella Typhi infection,Medical testing and clinician-directed antibiotics when indicated,"Seek care for persistent high fever, severe abdominal pain, confusion, or dehydration",Synthetic educational paraphrase,Educational information only; not a diagnosis or a substitute for professional medical care.
672,Infectious,Typhoid Fever,I want basic information: I have weakness. Could it be related to Typhoid Fever?,"Weakness can occur with Typhoid Fever, but it is not specific to it. Other symptoms may include fever, headache, abdominal discomfort, diarrhea or constipation. A symptom alone cannot confirm a diagnosis.","fever, headache, weakness, abdominal discomfort, diarrhea or constipation",Salmonella Typhi infection,Medical testing and clinician-directed antibiotics when indicated,"Seek care for persistent high fever, severe abdominal pain, confusion, or dehydration",Synthetic educational paraphrase,Educational information only; not a diagnosis or a substitute for professional medical care.
673,Infectious,Typhoid Fever,"For a health-awareness project, I have abdominal discomfort. Could it be related to Typhoid Fever?","Abdominal discomfort can occur with Typhoid Fever, but it is not specific to it. Other symptoms may include fever, headache, weakness, diarrhea or constipation. A symptom alone cannot confirm a diagnosis.","fever, headache, weakness, abdominal discomfort, diarrhea or constipation",Salmonella Typhi infection,Medical testing and clinician-directed antibiotics when indicated,"Seek care for persistent high fever, severe abdominal pain, confusion, or dehydration",Synthetic educational paraphrase,Educational information only; not a diagnosis or a substitute for professional medical care.
674,Infectious,Typhoid Fever,What should I know about this? I have diarrhea or constipation. Could it be related to Typhoid Fever?,"Diarrhea or constipation can occur with Typhoid Fever, but it is not specific to it. Other symptoms may include fever, headache, weakness, abdominal discomfort. A symptom alone cannot confirm a diagnosis.","fever, headache, weakness, abdominal discomfort, diarrhea or constipation",Salmonella Typhi infection,Medical testing and clinician-directed antibiotics when indicated,"Seek care for persistent high fever, severe abdominal pain, confusion, or dehydration",Synthetic educational paraphrase,Educational information only; not a diagnosis or a substitute for professional medical care.
675,Respiratory,COVID-19,Please explain: I have fever. Could it be related to COVID-19?,"Fever can occur with COVID-19, but it is not specific to it. Other symptoms may include cough, sore throat, fatigue, loss of taste or smell. A symptom alone cannot confirm a diagnosis.","fever, cough, sore throat, fatigue, loss of taste or smell",SARS-CoV-2 infection,"Rest, fluids, monitoring, and medical advice based on risk","Seek urgent care for trouble breathing, persistent chest pain, new confusion, or inability to stay awake",Synthetic educational paraphrase,Educational information only; not a diagnosis or a substitute for professional medical care.
676,Respiratory,COVID-19,Can you explain this simply? I have cough. Could it be related to COVID-19?,"Cough can occur with COVID-19, but it is not specific to it. Other symptoms may include fever, sore throat, fatigue, loss of taste or smell. A symptom alone cannot confirm a diagnosis.","fever, cough, sore throat, fatigue, loss of taste or smell",SARS-CoV-2 infection,"Rest, fluids, monitoring, and medical advice based on risk","Seek urgent care for trouble breathing, persistent chest pain, new confusion, or inability to stay awake",Synthetic educational paraphrase,Educational information only; not a diagnosis or a substitute for professional medical care.
677,Respiratory,COVID-19,I want basic information: I have sore throat. Could it be related to COVID-19?,"Sore throat can occur with COVID-19, but it is not specific to it. Other symptoms may include fever, cough, fatigue, loss of taste or smell. A symptom alone cannot confirm a diagnosis.","fever, cough, sore throat, fatigue, loss of taste or smell",SARS-CoV-2 infection,"Rest, fluids, monitoring, and medical advice based on risk","Seek urgent care for trouble breathing, persistent chest pain, new confusion, or inability to stay awake",Synthetic educational paraphrase,Educational information only; not a diagnosis or a substitute for professional medical care.
678,Respiratory,COVID-19,"For a health-awareness project, I have fatigue. Could it be related to COVID-19?","Fatigue can occur with COVID-19, but it is not specific to it. Other symptoms may include fever, cough, sore throat, loss of taste or smell. A symptom alone cannot confirm a diagnosis.","fever, cough, sore throat, fatigue, loss of taste or smell",SARS-CoV-2 infection,"Rest, fluids, monitoring, and medical advice based on risk","Seek urgent care for trouble breathing, persistent chest pain, new confusion, or inability to stay awake",Synthetic educational paraphrase,Educational information only; not a diagnosis or a substitute for professional medical care.
679,Respiratory,COVID-19,What should I know about this? I have loss of taste or smell. Could it be related to COVID-19?,"Loss of taste or smell can occur with COVID-19, but it is not specific to it. Other symptoms may include fever, cough, sore throat, fatigue. A symptom alone cannot confirm a diagnosis.","fever, cough, sore throat, fatigue, loss of taste or smell",SARS-CoV-2 infection,"Rest, fluids, monitoring, and medical advice based on risk","Seek urgent care for trouble breathing, persistent chest pain, new confusion, or inability to stay awake",Synthetic educational paraphrase,Educational information only; not a diagnosis or a substitute for professional medical care.
680,Respiratory,Asthma,Please explain: I have wheezing. Could it be related to Asthma?,"Wheezing can occur with Asthma, but it is not specific to it. Other symptoms may include cough, chest tightness, shortness of breath. A symptom alone cannot confirm a diagnosis.","wheezing, cough, chest tightness, shortness of breath",Airway inflammation and narrowing,Follow the person's prescribed asthma action plan and avoid known triggers,Emergency care is needed for severe breathing difficulty or poor response to prescribed rescue treatment,Synthetic educational paraphrase,Educational information only; not a diagnosis or a substitute for professional medical care.
681,Respiratory,Asthma,Can you explain this simply? I have cough. Could it be related to Asthma?,"Cough can occur with Asthma, but it is not specific to it. Other symptoms may include wheezing, chest tightness, shortness of breath. A symptom alone cannot confirm a diagnosis.","wheezing, cough, chest tightness, shortness of breath",Airway inflammation and narrowing,Follow the person's prescribed asthma action plan and avoid known triggers,Emergency care is needed for severe breathing difficulty or poor response to prescribed rescue treatment,Synthetic educational paraphrase,Educational information only; not a diagnosis or a substitute for professional medical care.
682,Respiratory,Asthma,I want basic information: I have chest tightness. Could it be related to Asthma?,"Chest tightness can occur with Asthma, but it is not specific to it. Other symptoms may include wheezing, cough, shortness of breath. A symptom alone cannot confirm a diagnosis.","wheezing, cough, chest tightness, shortness of breath",Airway inflammation and narrowing,Follow the person's prescribed asthma action plan and avoid known triggers,Emergency care is needed for severe breathing difficulty or poor response to prescribed rescue treatment,Synthetic educational paraphrase,Educational information only; not a diagnosis or a substitute for professional medical care.
683,Respiratory,Asthma,"For a health-awareness project, I have shortness of breath. Could it be related to Asthma?","Shortness of breath can occur with Asthma, but it is not specific to it. Other symptoms may include wheezing, cough, chest tightness. A symptom alone cannot confirm a diagnosis.","wheezing, cough, chest tightness, shortness of breath",Airway inflammation and narrowing,Follow the person's prescribed asthma action plan and avoid known triggers,Emergency care is needed for severe breathing difficulty or poor response to prescribed rescue treatment,Synthetic educational paraphrase,Educational information only; not a diagnosis or a substitute for professional medical care.
684,Respiratory,Pneumonia,What should I know about this? I have cough. Could it be related to Pneumonia?,"Cough can occur with Pneumonia, but it is not specific to it. Other symptoms may include fever, chills, shortness of breath, chest discomfort. A symptom alone cannot confirm a diagnosis.","cough, fever, chills, shortness of breath, chest discomfort",Infection or inflammation of the lungs,Medical assessment is important; treatment depends on the cause,"Seek urgent care for severe breathing difficulty, blue/gray lips, confusion, or severe chest pain",Synthetic educational paraphrase,Educational information only; not a diagnosis or a substitute for professional medical care.
685,Respiratory,Pneumonia,Please explain: I have fever. Could it be related to Pneumonia?,"Fever can occur with Pneumonia, but it is not specific to it. Other symptoms may include cough, chills, shortness of breath, chest discomfort. A symptom alone cannot confirm a diagnosis.","cough, fever, chills, shortness of breath, chest discomfort",Infection or inflammation of the lungs,Medical assessment is important; treatment depends on the cause,"Seek urgent care for severe breathing difficulty, blue/gray lips, confusion, or severe chest pain",Synthetic educational paraphrase,Educational information only; not a diagnosis or a substitute for professional medical care.
686,Respiratory,Pneumonia,Can you explain this simply? I have chills. Could it be related to Pneumonia?,"Chills can occur with Pneumonia, but it is not specific to it. Other symptoms may include cough, fever, shortness of breath, chest discomfort. A symptom alone cannot confirm a diagnosis.","cough, fever, chills, shortness of breath, chest discomfort",Infection or inflammation of the lungs,Medical assessment is important; treatment depends on the cause,"Seek urgent care for severe breathing difficulty, blue/gray lips, confusion, or severe chest pain",Synthetic educational paraphrase,Educational information only; not a diagnosis or a substitute for professional medical care.
687,Respiratory,Pneumonia,I want basic information: I have shortness of breath. Could it be related to Pneumonia?,"Shortness of breath can occur with Pneumonia, but it is not specific to it. Other symptoms may include cough, fever, chills, chest discomfort. A symptom alone cannot confirm a diagnosis.","cough, fever, chills, shortness of breath, chest discomfort",Infection or inflammation of the lungs,Medical assessment is important; treatment depends on the cause,"Seek urgent care for severe breathing difficulty, blue/gray lips, confusion, or severe chest pain",Synthetic educational paraphrase,Educational information only; not a diagnosis or a substitute for professional medical care.
688,Respiratory,Pneumonia,"For a health-awareness project, I have chest discomfort. Could it be related to Pneumonia?","Chest discomfort can occur with Pneumonia, but it is not specific to it. Other symptoms may include cough, fever, chills, shortness of breath. A symptom alone cannot confirm a diagnosis.","cough, fever, chills, shortness of breath, chest discomfort",Infection or inflammation of the lungs,Medical assessment is important; treatment depends on the cause,"Seek urgent care for severe breathing difficulty, blue/gray lips, confusion, or severe chest pain",Synthetic educational paraphrase,Educational information only; not a diagnosis or a substitute for professional medical care.
689,Allergy,Allergic Rhinitis,What should I know about this? I have sneezing. Could it be related to Allergic Rhinitis?,"Sneezing can occur with Allergic Rhinitis, but it is not specific to it. Other symptoms may include itchy nose, runny nose, nasal congestion. A symptom alone cannot confirm a diagnosis.","sneezing, itchy nose, runny nose, nasal congestion",Allergic reaction to environmental triggers,Avoid triggers and use clinician/pharmacist-advised symptom relief,Seek urgent care if symptoms include facial swelling or breathing difficulty,Synthetic educational paraphrase,Educational information only; not a diagnosis or a substitute for professional medical care.
690,Allergy,Allergic Rhinitis,Please explain: I have itchy nose. Could it be related to Allergic Rhinitis?,"Itchy nose can occur with Allergic Rhinitis, but it is not specific to it. Other symptoms may include sneezing, runny nose, nasal congestion. A symptom alone cannot confirm a diagnosis.","sneezing, itchy nose, runny nose, nasal congestion",Allergic reaction to environmental triggers,Avoid triggers and use clinician/pharmacist-advised symptom relief,Seek urgent care if symptoms include facial swelling or breathing difficulty,Synthetic educational paraphrase,Educational information only; not a diagnosis or a substitute for professional medical care.
691,Allergy,Allergic Rhinitis,Can you explain this simply? I have runny nose. Could it be related to Allergic Rhinitis?,"Runny nose can occur with Allergic Rhinitis, but it is not specific to it. Other symptoms may include sneezing, itchy nose, nasal congestion. A symptom alone cannot confirm a diagnosis.","sneezing, itchy nose, runny nose, nasal congestion",Allergic reaction to environmental triggers,Avoid triggers and use clinician/pharmacist-advised symptom relief,Seek urgent care if symptoms include facial swelling or breathing difficulty,Synthetic educational paraphrase,Educational information only; not a diagnosis or a substitute for professional medical care.
692,Allergy,Allergic Rhinitis,I want basic information: I have nasal congestion. Could it be related to Allergic Rhinitis?,"Nasal congestion can occur with Allergic Rhinitis, but it is not specific to it. Other symptoms may include sneezing, itchy nose, runny nose. A symptom alone cannot confirm a diagnosis.","sneezing, itchy nose, runny nose, nasal congestion",Allergic reaction to environmental triggers,Avoid triggers and use clinician/pharmacist-advised symptom relief,Seek urgent care if symptoms include facial swelling or breathing difficulty,Synthetic educational paraphrase,Educational information only; not a diagnosis or a substitute for professional medical care.
693,Neurological,Migraine,"For a health-awareness project, I have throbbing headache. Could it be related to Migraine?","Throbbing headache can occur with Migraine, but it is not specific to it. Other symptoms may include nausea, light sensitivity, sound sensitivity. A symptom alone cannot confirm a diagnosis.","throbbing headache, nausea, light sensitivity, sound sensitivity",Neurological condition with recurrent headache attacks,"Rest in a quiet dark room, hydration, and clinician-advised treatment","Seek urgent care for a sudden severe headache, new neurological symptoms, fainting, or severe neck stiffness",Synthetic educational paraphrase,Educational information only; not a diagnosis or a substitute for professional medical care.
694,Neurological,Migraine,What should I know about this? I have nausea. Could it be related to Migraine?,"Nausea can occur with Migraine, but it is not specific to it. Other symptoms may include throbbing headache, light sensitivity, sound sensitivity. A symptom alone cannot confirm a diagnosis.","throbbing headache, nausea, light sensitivity, sound sensitivity",Neurological condition with recurrent headache attacks,"Rest in a quiet dark room, hydration, and clinician-advised treatment","Seek urgent care for a sudden severe headache, new neurological symptoms, fainting, or severe neck stiffness",Synthetic educational paraphrase,Educational information only; not a diagnosis or a substitute for professional medical care.
695,Neurological,Migraine,Please explain: I have light sensitivity. Could it be related to Migraine?,"Light sensitivity can occur with Migraine, but it is not specific to it. Other symptoms may include throbbing headache, nausea, sound sensitivity. A symptom alone cannot confirm a diagnosis.","throbbing headache, nausea, light sensitivity, sound sensitivity",Neurological condition with recurrent headache attacks,"Rest in a quiet dark room, hydration, and clinician-advised treatment","Seek urgent care for a sudden severe headache, new neurological symptoms, fainting, or severe neck stiffness",Synthetic educational paraphrase,Educational information only; not a diagnosis or a substitute for professional medical care.
696,Neurological,Migraine,Can you explain this simply? I have sound sensitivity. Could it be related to Migraine?,"Sound sensitivity can occur with Migraine, but it is not specific to it. Other symptoms may include throbbing headache, nausea, light sensitivity. A symptom alone cannot confirm a diagnosis.","throbbing headache, nausea, light sensitivity, sound sensitivity",Neurological condition with recurrent headache attacks,"Rest in a quiet dark room, hydration, and clinician-advised treatment","Seek urgent care for a sudden severe headache, new neurological symptoms, fainting, or severe neck stiffness",Synthetic educational paraphrase,Educational information only; not a diagnosis or a substitute for professional medical care.
697,Cardiovascular,Hypertension,I want basic information: I have often no symptoms; sometimes headache or dizziness. Could it be related to Hypertension?,"Often no symptoms; sometimes headache or dizziness can occur with Hypertension, but it is not specific to it. Other symptoms may include other symptoms. A symptom alone cannot confirm a diagnosis.",often no symptoms; sometimes headache or dizziness,Persistently elevated blood pressure,"Regular blood-pressure monitoring, healthy lifestyle, and prescribed treatment","Very high blood pressure with chest pain, severe headache, confusion, weakness, or breathing difficulty needs urgent care",Synthetic educational paraphrase,Educational information only; not a diagnosis or a substitute for professional medical care.
698,Metabolic,Type 2 Diabetes,"For a health-awareness project, I have increased thirst. Could it be related to Type 2 Diabetes?","Increased thirst can occur with Type 2 Diabetes, but it is not specific to it. Other symptoms may include frequent urination, fatigue, blurred vision. A symptom alone cannot confirm a diagnosis.","increased thirst, frequent urination, fatigue, blurred vision",Impaired insulin action and glucose regulation,"Healthy eating, physical activity, monitoring, and prescribed treatment","Seek urgent care for confusion, severe dehydration, vomiting, or very abnormal glucose with symptoms",Synthetic educational paraphrase,Educational information only; not a diagnosis or a substitute for professional medical care.
699,Metabolic,Type 2 Diabetes,What should I know about this? I have frequent urination. Could it be related to Type 2 Diabetes?,"Frequent urination can occur with Type 2 Diabetes, but it is not specific to it. Other symptoms may include increased thirst, fatigue, blurred vision. A symptom alone cannot confirm a diagnosis.","increased thirst, frequent urination, fatigue, blurred vision",Impaired insulin action and glucose regulation,"Healthy eating, physical activity, monitoring, and prescribed treatment","Seek urgent care for confusion, severe dehydration, vomiting, or very abnormal glucose with symptoms",Synthetic educational paraphrase,Educational information only; not a diagnosis or a substitute for professional medical care.
700,Metabolic,Type 2 Diabetes,Please explain: I have fatigue. Could it be related to Type 2 Diabetes?,"Fatigue can occur with Type 2 Diabetes, but it is not specific to it. Other symptoms may include increased thirst, frequent urination, blurred vision. A symptom alone cannot confirm a diagnosis.","increased thirst, frequent urination, fatigue, blurred vision",Impaired insulin action and glucose regulation,"Healthy eating, physical activity, monitoring, and prescribed treatment","Seek urgent care for confusion, severe dehydration, vomiting, or very abnormal glucose with symptoms",Synthetic educational paraphrase,Educational information only; not a diagnosis or a substitute for professional medical care.
701,Metabolic,Type 2 Diabetes,Can you explain this simply? I have blurred vision. Could it be related to Type 2 Diabetes?,"Blurred vision can occur with Type 2 Diabetes, but it is not specific to it. Other symptoms may include increased thirst, frequent urination, fatigue. A symptom alone cannot confirm a diagnosis.","increased thirst, frequent urination, fatigue, blurred vision",Impaired insulin action and glucose regulation,"Healthy eating, physical activity, monitoring, and prescribed treatment","Seek urgent care for confusion, severe dehydration, vomiting, or very abnormal glucose with symptoms",Synthetic educational paraphrase,Educational information only; not a diagnosis or a substitute for professional medical care.
702,Digestive,Gastroenteritis,I want basic information: I have diarrhea. Could it be related to Gastroenteritis?,"Diarrhea can occur with Gastroenteritis, but it is not specific to it. Other symptoms may include vomiting, abdominal cramps, nausea. A symptom alone cannot confirm a diagnosis.","diarrhea, vomiting, abdominal cramps, nausea",Infection or irritation of the digestive tract,Fluids and oral rehydration can help; food intake as tolerated,"Seek care for severe dehydration, blood in stool/vomit, persistent vomiting, or severe abdominal pain",Synthetic educational paraphrase,Educational information only; not a diagnosis or a substitute for professional medical care.
703,Digestive,Gastroenteritis,"For a health-awareness project, I have vomiting. Could it be related to Gastroenteritis?","Vomiting can occur with Gastroenteritis, but it is not specific to it. Other symptoms may include diarrhea, abdominal cramps, nausea. A symptom alone cannot confirm a diagnosis.","diarrhea, vomiting, abdominal cramps, nausea",Infection or irritation of the digestive tract,Fluids and oral rehydration can help; food intake as tolerated,"Seek care for severe dehydration, blood in stool/vomit, persistent vomiting, or severe abdominal pain",Synthetic educational paraphrase,Educational information only; not a diagnosis or a substitute for professional medical care.
704,Digestive,Gastroenteritis,What should I know about this? I have abdominal cramps. Could it be related to Gastroenteritis?,"Abdominal cramps can occur with Gastroenteritis, but it is not specific to it. Other symptoms may include diarrhea, vomiting, nausea. A symptom alone cannot confirm a diagnosis.","diarrhea, vomiting, abdominal cramps, nausea",Infection or irritation of the digestive tract,Fluids and oral rehydration can help; food intake as tolerated,"Seek care for severe dehydration, blood in stool/vomit, persistent vomiting, or severe abdominal pain",Synthetic educational paraphrase,Educational information only; not a diagnosis or a substitute for professional medical care.
705,Digestive,Gastroenteritis,Please explain: I have nausea. Could it be related to Gastroenteritis?,"Nausea can occur with Gastroenteritis, but it is not specific to it. Other symptoms may include diarrhea, vomiting, abdominal cramps. A symptom alone cannot confirm a diagnosis.","diarrhea, vomiting, abdominal cramps, nausea",Infection or irritation of the digestive tract,Fluids and oral rehydration can help; food intake as tolerated,"Seek care for severe dehydration, blood in stool/vomit, persistent vomiting, or severe abdominal pain",Synthetic educational paraphrase,Educational information only; not a diagnosis or a substitute for professional medical care.
706,Digestive,GERD,Can you explain this simply? I have heartburn. Could it be related to GERD?,"Heartburn can occur with GERD, but it is not specific to it. Other symptoms may include acid taste, regurgitation, chest discomfort after meals. A symptom alone cannot confirm a diagnosis.","heartburn, acid taste, regurgitation, chest discomfort after meals",Backflow of stomach contents into the esophagus,"Smaller meals, avoiding personal triggers, and clinician-advised treatment may help","Seek urgent evaluation for severe/new chest pain, trouble swallowing, vomiting blood, or black stools",Synthetic educational paraphrase,Educational information only; not a diagnosis or a substitute for professional medical care.
707,Digestive,GERD,I want basic information: I have acid taste. Could it be related to GERD?,"Acid taste can occur with GERD, but it is not specific to it. Other symptoms may include heartburn, regurgitation, chest discomfort after meals. A symptom alone cannot confirm a diagnosis.","heartburn, acid taste, regurgitation, chest discomfort after meals",Backflow of stomach contents into the esophagus,"Smaller meals, avoiding personal triggers, and clinician-advised treatment may help","Seek urgent evaluation for severe/new chest pain, trouble swallowing, vomiting blood, or black stools",Synthetic educational paraphrase,Educational information only; not a diagnosis or a substitute for professional medical care.
708,Digestive,GERD,"For a health-awareness project, I have regurgitation. Could it be related to GERD?","Regurgitation can occur with GERD, but it is not specific to it. Other symptoms may include heartburn, acid taste, chest discomfort after meals. A symptom alone cannot confirm a diagnosis.","heartburn, acid taste, regurgitation, chest discomfort after meals",Backflow of stomach contents into the esophagus,"Smaller meals, avoiding personal triggers, and clinician-advised treatment may help","Seek urgent evaluation for severe/new chest pain, trouble swallowing, vomiting blood, or black stools",Synthetic educational paraphrase,Educational information only; not a diagnosis or a substitute for professional medical care.
709,Digestive,GERD,What should I know about this? I have chest discomfort after meals. Could it be related to GERD?,"Chest discomfort after meals can occur with GERD, but it is not specific to it. Other symptoms may include heartburn, acid taste, regurgitation. A symptom alone cannot confirm a diagnosis.","heartburn, acid taste, regurgitation, chest discomfort after meals",Backflow of stomach contents into the esophagus,"Smaller meals, avoiding personal triggers, and clinician-advised treatment may help","Seek urgent evaluation for severe/new chest pain, trouble swallowing, vomiting blood, or black stools",Synthetic educational paraphrase,Educational information only; not a diagnosis or a substitute for professional medical care.
710,Urinary,Urinary Tract Infection,Please explain: I have burning urination. Could it be related to Urinary Tract Infection?,"Burning urination can occur with Urinary Tract Infection, but it is not specific to it. Other symptoms may include frequent urination, urgency, lower abdominal discomfort. A symptom alone cannot confirm a diagnosis.","burning urination, frequent urination, urgency, lower abdominal discomfort",Usually bacterial infection of the urinary tract,Medical testing and clinician-directed treatment may be needed,"Seek prompt care for fever, flank/back pain, vomiting, pregnancy, or worsening symptoms",Synthetic educational paraphrase,Educational information only; not a diagnosis or a substitute for professional medical care.
711,Urinary,Urinary Tract Infection,Can you explain this simply? I have frequent urination. Could it be related to Urinary Tract Infection?,"Frequent urination can occur with Urinary Tract Infection, but it is not specific to it. Other symptoms may include burning urination, urgency, lower abdominal discomfort. A symptom alone cannot confirm a diagnosis.","burning urination, frequent urination, urgency, lower abdominal discomfort",Usually bacterial infection of the urinary tract,Medical testing and clinician-directed treatment may be needed,"Seek prompt care for fever, flank/back pain, vomiting, pregnancy, or worsening symptoms",Synthetic educational paraphrase,Educational information only; not a diagnosis or a substitute for professional medical care.
712,Urinary,Urinary Tract Infection,I want basic information: I have urgency. Could it be related to Urinary Tract Infection?,"Urgency can occur with Urinary Tract Infection, but it is not specific to it. Other symptoms may include burning urination, frequent urination, lower abdominal discomfort. A symptom alone cannot confirm a diagnosis.","burning urination, frequent urination, urgency, lower abdominal discomfort",Usually bacterial infection of the urinary tract,Medical testing and clinician-directed treatment may be needed,"Seek prompt care for fever, flank/back pain, vomiting, pregnancy, or worsening symptoms",Synthetic educational paraphrase,Educational information only; not a diagnosis or a substitute for professional medical care.
713,Urinary,Urinary Tract Infection,"For a health-awareness project, I have lower abdominal discomfort. Could it be related to Urinary Tract Infection?","Lower abdominal discomfort can occur with Urinary Tract Infection, but it is not specific to it. Other symptoms may include burning urination, frequent urination, urgency. A symptom alone cannot confirm a diagnosis.","burning urination, frequent urination, urgency, lower abdominal discomfort",Usually bacterial infection of the urinary tract,Medical testing and clinician-directed treatment may be needed,"Seek prompt care for fever, flank/back pain, vomiting, pregnancy, or worsening symptoms",Synthetic educational paraphrase,Educational information only; not a diagnosis or a substitute for professional medical care.
714,Blood,Iron Deficiency Anemia,What should I know about this? I have fatigue. Could it be related to Iron Deficiency Anemia?,"Fatigue can occur with Iron Deficiency Anemia, but it is not specific to it. Other symptoms may include weakness, pale skin, dizziness, shortness of breath on exertion. A symptom alone cannot confirm a diagnosis.","fatigue, weakness, pale skin, dizziness, shortness of breath on exertion",Insufficient iron leading to reduced hemoglobin production,Medical evaluation should identify the cause; iron treatment should follow professional advice,"Seek urgent care for fainting, severe breathlessness, chest pain, or rapid worsening",Synthetic educational paraphrase,Educational information only; not a diagnosis or a substitute for professional medical care.
715,Blood,Iron Deficiency Anemia,Please explain: I have weakness. Could it be related to Iron Deficiency Anemia?,"Weakness can occur with Iron Deficiency Anemia, but it is not specific to it. Other symptoms may include fatigue, pale skin, dizziness, shortness of breath on exertion. A symptom alone cannot confirm a diagnosis.","fatigue, weakness, pale skin, dizziness, shortness of breath on exertion",Insufficient iron leading to reduced hemoglobin production,Medical evaluation should identify the cause; iron treatment should follow professional advice,"Seek urgent care for fainting, severe breathlessness, chest pain, or rapid worsening",Synthetic educational paraphrase,Educational information only; not a diagnosis or a substitute for professional medical care.
716,Blood,Iron Deficiency Anemia,Can you explain this simply? I have pale skin. Could it be related to Iron Deficiency Anemia?,"Pale skin can occur with Iron Deficiency Anemia, but it is not specific to it. Other symptoms may include fatigue, weakness, dizziness, shortness of breath on exertion. A symptom alone cannot confirm a diagnosis.","fatigue, weakness, pale skin, dizziness, shortness of breath on exertion",Insufficient iron leading to reduced hemoglobin production,Medical evaluation should identify the cause; iron treatment should follow professional advice,"Seek urgent care for fainting, severe breathlessness, chest pain, or rapid worsening",Synthetic educational paraphrase,Educational information only; not a diagnosis or a substitute for professional medical care.
717,Blood,Iron Deficiency Anemia,I want basic information: I have dizziness. Could it be related to Iron Deficiency Anemia?,"Dizziness can occur with Iron Deficiency Anemia, but it is not specific to it. Other symptoms may include fatigue, weakness, pale skin, shortness of breath on exertion. A symptom alone cannot confirm a diagnosis.","fatigue, weakness, pale skin, dizziness, shortness of breath on exertion",Insufficient iron leading to reduced hemoglobin production,Medical evaluation should identify the cause; iron treatment should follow professional advice,"Seek urgent care for fainting, severe breathlessness, chest pain, or rapid worsening",Synthetic educational paraphrase,Educational information only; not a diagnosis or a substitute for professional medical care.
718,Blood,Iron Deficiency Anemia,"For a health-awareness project, I have shortness of breath on exertion. Could it be related to Iron Deficiency Anemia?","Shortness of breath on exertion can occur with Iron Deficiency Anemia, but it is not specific to it. Other symptoms may include fatigue, weakness, pale skin, dizziness. A symptom alone cannot confirm a diagnosis.","fatigue, weakness, pale skin, dizziness, shortness of breath on exertion",Insufficient iron leading to reduced hemoglobin production,Medical evaluation should identify the cause; iron treatment should follow professional advice,"Seek urgent care for fainting, severe breathlessness, chest pain, or rapid worsening",Synthetic educational paraphrase,Educational information only; not a diagnosis or a substitute for professional medical care.
719,Endocrine,Hypothyroidism,What should I know about this? I have fatigue. Could it be related to Hypothyroidism?,"Fatigue can occur with Hypothyroidism, but it is not specific to it. Other symptoms may include feeling cold, dry skin, constipation, weight changes. A symptom alone cannot confirm a diagnosis.","fatigue, feeling cold, dry skin, constipation, weight changes",Low thyroid hormone activity,Blood testing and clinician-directed treatment are used,"Seek urgent care for severe drowsiness, confusion, breathing difficulty, or very low body temperature",Synthetic educational paraphrase,Educational information only; not a diagnosis or a substitute for professional medical care.
720,Endocrine,Hypothyroidism,Please explain: I have feeling cold. Could it be related to Hypothyroidism?,"Feeling cold can occur with Hypothyroidism, but it is not specific to it. Other symptoms may include fatigue, dry skin, constipation, weight changes. A symptom alone cannot confirm a diagnosis.","fatigue, feeling cold, dry skin, constipation, weight changes",Low thyroid hormone activity,Blood testing and clinician-directed treatment are used,"Seek urgent care for severe drowsiness, confusion, breathing difficulty, or very low body temperature",Synthetic educational paraphrase,Educational information only; not a diagnosis or a substitute for professional medical care.
721,Endocrine,Hypothyroidism,Can you explain this simply? I have dry skin. Could it be related to Hypothyroidism?,"Dry skin can occur with Hypothyroidism, but it is not specific to it. Other symptoms may include fatigue, feeling cold, constipation, weight changes. A symptom alone cannot confirm a diagnosis.","fatigue, feeling cold, dry skin, constipation, weight changes",Low thyroid hormone activity,Blood testing and clinician-directed treatment are used,"Seek urgent care for severe drowsiness, confusion, breathing difficulty, or very low body temperature",Synthetic educational paraphrase,Educational information only; not a diagnosis or a substitute for professional medical care.
722,Endocrine,Hypothyroidism,I want basic information: I have constipation. Could it be related to Hypothyroidism?,"Constipation can occur with Hypothyroidism, but it is not specific to it. Other symptoms may include fatigue, feeling cold, dry skin, weight changes. A symptom alone cannot confirm a diagnosis.","fatigue, feeling cold, dry skin, constipation, weight changes",Low thyroid hormone activity,Blood testing and clinician-directed treatment are used,"Seek urgent care for severe drowsiness, confusion, breathing difficulty, or very low body temperature",Synthetic educational paraphrase,Educational information only; not a diagnosis or a substitute for professional medical care.
723,Endocrine,Hypothyroidism,"For a health-awareness project, I have weight changes. Could it be related to Hypothyroidism?","Weight changes can occur with Hypothyroidism, but it is not specific to it. Other symptoms may include fatigue, feeling cold, dry skin, constipation. A symptom alone cannot confirm a diagnosis.","fatigue, feeling cold, dry skin, constipation, weight changes",Low thyroid hormone activity,Blood testing and clinician-directed treatment are used,"Seek urgent care for severe drowsiness, confusion, breathing difficulty, or very low body temperature",Synthetic educational paraphrase,Educational information only; not a diagnosis or a substitute for professional medical care.
724,Eye,Conjunctivitis,What should I know about this? I have red eye. Could it be related to Conjunctivitis?,"Red eye can occur with Conjunctivitis, but it is not specific to it. Other symptoms may include discharge, irritation, watery eyes. A symptom alone cannot confirm a diagnosis.","red eye, discharge, irritation, watery eyes",Inflammation/infection of the conjunctiva,Hand hygiene and avoiding eye rubbing help; evaluation may be needed,"Seek urgent care for severe eye pain, vision changes, light sensitivity, or eye injury",Synthetic educational paraphrase,Educational information only; not a diagnosis or a substitute for professional medical care.
725,Eye,Conjunctivitis,Please explain: I have discharge. Could it be related to Conjunctivitis?,"Discharge can occur with Conjunctivitis, but it is not specific to it. Other symptoms may include red eye, irritation, watery eyes. A symptom alone cannot confirm a diagnosis.","red eye, discharge, irritation, watery eyes",Inflammation/infection of the conjunctiva,Hand hygiene and avoiding eye rubbing help; evaluation may be needed,"Seek urgent care for severe eye pain, vision changes, light sensitivity, or eye injury",Synthetic educational paraphrase,Educational information only; not a diagnosis or a substitute for professional medical care.
726,Eye,Conjunctivitis,Can you explain this simply? I have irritation. Could it be related to Conjunctivitis?,"Irritation can occur with Conjunctivitis, but it is not specific to it. Other symptoms may include red eye, discharge, watery eyes. A symptom alone cannot confirm a diagnosis.","red eye, discharge, irritation, watery eyes",Inflammation/infection of the conjunctiva,Hand hygiene and avoiding eye rubbing help; evaluation may be needed,"Seek urgent care for severe eye pain, vision changes, light sensitivity, or eye injury",Synthetic educational paraphrase,Educational information only; not a diagnosis or a substitute for professional medical care.
727,Eye,Conjunctivitis,I want basic information: I have watery eyes. Could it be related to Conjunctivitis?,"Watery eyes can occur with Conjunctivitis, but it is not specific to it. Other symptoms may include red eye, discharge, irritation. A symptom alone cannot confirm a diagnosis.","red eye, discharge, irritation, watery eyes",Inflammation/infection of the conjunctiva,Hand hygiene and avoiding eye rubbing help; evaluation may be needed,"Seek urgent care for severe eye pain, vision changes, light sensitivity, or eye injury",Synthetic educational paraphrase,Educational information only; not a diagnosis or a substitute for professional medical care.
728,Skin,Dermatitis,"For a health-awareness project, I have itchy. Could it be related to Dermatitis?","Itchy can occur with Dermatitis, but it is not specific to it. Other symptoms may include dry, red, irritated skin. A symptom alone cannot confirm a diagnosis.","itchy, dry, red, irritated skin","Skin inflammation from irritants, allergens, or other causes",Avoid suspected irritants and use gentle skin care,"Seek care for rapidly spreading redness, severe pain, fever, or facial swelling",Synthetic educational paraphrase,Educational information only; not a diagnosis or a substitute for professional medical care.
729,Skin,Dermatitis,What should I know about this? I have dry. Could it be related to Dermatitis?,"Dry can occur with Dermatitis, but it is not specific to it. Other symptoms may include itchy, red, irritated skin. A symptom alone cannot confirm a diagnosis.","itchy, dry, red, irritated skin","Skin inflammation from irritants, allergens, or other causes",Avoid suspected irritants and use gentle skin care,"Seek care for rapidly spreading redness, severe pain, fever, or facial swelling",Synthetic educational paraphrase,Educational information only; not a diagnosis or a substitute for professional medical care.
730,Skin,Dermatitis,Please explain: I have red. Could it be related to Dermatitis?,"Red can occur with Dermatitis, but it is not specific to it. Other symptoms may include itchy, dry, irritated skin. A symptom alone cannot confirm a diagnosis.","itchy, dry, red, irritated skin","Skin inflammation from irritants, allergens, or other causes",Avoid suspected irritants and use gentle skin care,"Seek care for rapidly spreading redness, severe pain, fever, or facial swelling",Synthetic educational paraphrase,Educational information only; not a diagnosis or a substitute for professional medical care.
731,Skin,Dermatitis,Can you explain this simply? I have irritated skin. Could it be related to Dermatitis?,"Irritated skin can occur with Dermatitis, but it is not specific to it. Other symptoms may include itchy, dry, red. A symptom alone cannot confirm a diagnosis.","itchy, dry, red, irritated skin","Skin inflammation from irritants, allergens, or other causes",Avoid suspected irritants and use gentle skin care,"Seek care for rapidly spreading redness, severe pain, fever, or facial swelling",Synthetic educational paraphrase,Educational information only; not a diagnosis or a substitute for professional medical care.
732,Mental Health,Depression,I want basic information: I have persistent low mood. Could it be related to Depression?,"Persistent low mood can occur with Depression, but it is not specific to it. Other symptoms may include loss of interest, sleep/appetite changes, low energy. A symptom alone cannot confirm a diagnosis.","persistent low mood, loss of interest, sleep/appetite changes, low energy",Mental health condition involving persistent mood symptoms,"Professional assessment, supportive routines, therapy, and treatment when appropriate","If there is immediate danger or thoughts of self-harm, seek emergency professional help immediately",Synthetic educational paraphrase,Educational information only; not a diagnosis or a substitute for professional medical care.
733,Mental Health,Depression,"For a health-awareness project, I have loss of interest. Could it be related to Depression?","Loss of interest can occur with Depression, but it is not specific to it. Other symptoms may include persistent low mood, sleep/appetite changes, low energy. A symptom alone cannot confirm a diagnosis.","persistent low mood, loss of interest, sleep/appetite changes, low energy",Mental health condition involving persistent mood symptoms,"Professional assessment, supportive routines, therapy, and treatment when appropriate","If there is immediate danger or thoughts of self-harm, seek emergency professional help immediately",Synthetic educational paraphrase,Educational information only; not a diagnosis or a substitute for professional medical care.
734,Mental Health,Depression,What should I know about this? I have sleep/appetite changes. Could it be related to Depression?,"Sleep/appetite changes can occur with Depression, but it is not specific to it. Other symptoms may include persistent low mood, loss of interest, low energy. A symptom alone cannot confirm a diagnosis.","persistent low mood, loss of interest, sleep/appetite changes, low energy",Mental health condition involving persistent mood symptoms,"Professional assessment, supportive routines, therapy, and treatment when appropriate","If there is immediate danger or thoughts of self-harm, seek emergency professional help immediately",Synthetic educational paraphrase,Educational information only; not a diagnosis or a substitute for professional medical care.
735,Mental Health,Depression,Please explain: I have low energy. Could it be related to Depression?,"Low energy can occur with Depression, but it is not specific to it. Other symptoms may include persistent low mood, loss of interest, sleep/appetite changes. A symptom alone cannot confirm a diagnosis.","persistent low mood, loss of interest, sleep/appetite changes, low energy",Mental health condition involving persistent mood symptoms,"Professional assessment, supportive routines, therapy, and treatment when appropriate","If there is immediate danger or thoughts of self-harm, seek emergency professional help immediately",Synthetic educational paraphrase,Educational information only; not a diagnosis or a substitute for professional medical care.
736,Respiratory,Common Cold,Can you explain this simply? What are the common symptoms of Common Cold?,"Common symptoms can include cough, runny nose, sneezing, sore throat. Symptoms vary between people, so they should not be used alone to confirm a diagnosis.","cough, runny nose, sneezing, sore throat",Viral upper-respiratory infection,"Rest, fluids, and symptom relief may help","Seek care for breathing difficulty, severe symptoms, or symptoms that persist/worsen",Synthetic educational paraphrase,Educational information only; not a diagnosis or a substitute for professional medical care.
737,Respiratory,Common Cold,I want basic information: What can cause Common Cold?,A common underlying explanation is Viral upper-respiratory infection. A healthcare professional can assess the individual situation and rule out other causes.,"cough, runny nose, sneezing, sore throat",Viral upper-respiratory infection,"Rest, fluids, and symptom relief may help","Seek care for breathing difficulty, severe symptoms, or symptoms that persist/worsen",Synthetic educational paraphrase,Educational information only; not a diagnosis or a substitute for professional medical care.
738,Respiratory,Common Cold,"For a health-awareness project, What should I do if I think I have Common Cold?","Consider contacting a healthcare professional for assessment, especially if symptoms are new, severe, persistent, or worsening. General supportive steps may include Rest, fluids, and symptom relief may help.","cough, runny nose, sneezing, sore throat",Viral upper-respiratory infection,"Rest, fluids, and symptom relief may help","Seek care for breathing difficulty, severe symptoms, or symptoms that persist/worsen",Synthetic educational paraphrase,Educational information only; not a diagnosis or a substitute for professional medical care.
739,Respiratory,Common Cold,What should I know about this? How can I reduce the risk of Common Cold?,"Risk reduction depends on the condition. General measures may include healthy habits, appropriate vaccination where relevant, hygiene, avoiding known triggers, and following professional advice.","cough, runny nose, sneezing, sore throat",Viral upper-respiratory infection,"Rest, fluids, and symptom relief may help","Seek care for breathing difficulty, severe symptoms, or symptoms that persist/worsen",Synthetic educational paraphrase,Educational information only; not a diagnosis or a substitute for professional medical care.
740,Respiratory,Common Cold,Please explain: When should I see a doctor for Common Cold?,"Medical assessment is especially important when symptoms are severe, persistent, worsening, or associated with warning signs. For this condition, important warning signs include: Seek care for breathing difficulty, severe symptoms, or symptoms that persist/worsen.","cough, runny nose, sneezing, sore throat",Viral upper-respiratory infection,"Rest, fluids, and symptom relief may help","Seek care for breathing difficulty, severe symptoms, or symptoms that persist/worsen",Synthetic educational paraphrase,Educational information only; not a diagnosis or a substitute for professional medical care.
741,Respiratory,Common Cold,Can you explain this simply? Is Common Cold always serious?,"Not necessarily. Severity varies widely. The safest approach is to consider the person's symptoms, age, medical history, and warning signs and seek professional assessment when needed.","cough, runny nose, sneezing, sore throat",Viral upper-respiratory infection,"Rest, fluids, and symptom relief may help","Seek care for breathing difficulty, severe symptoms, or symptoms that persist/worsen",Synthetic educational paraphrase,Educational information only; not a diagnosis or a substitute for professional medical care.
742,Respiratory,Common Cold,I want basic information: Can Common Cold be prevented?,"Some cases or complications may be preventable, while others are not fully preventable. Helpful measures can include Rest, fluids, and symptom relief may help and addressing known risk factors.","cough, runny nose, sneezing, sore throat",Viral upper-respiratory infection,"Rest, fluids, and symptom relief may help","Seek care for breathing difficulty, severe symptoms, or symptoms that persist/worsen",Synthetic educational paraphrase,Educational information only; not a diagnosis or a substitute for professional medical care.
743,Respiratory,Common Cold,"For a health-awareness project, What lifestyle habits may help with Common Cold?","Helpful general habits may include adequate sleep, balanced nutrition, appropriate physical activity, hydration, avoiding tobacco, and following individualized medical advice.","cough, runny nose, sneezing, sore throat",Viral upper-respiratory infection,"Rest, fluids, and symptom relief may help","Seek care for breathing difficulty, severe symptoms, or symptoms that persist/worsen",Synthetic educational paraphrase,Educational information only; not a diagnosis or a substitute for professional medical care.
744,Respiratory,Influenza,What should I know about this? What are the common symptoms of Influenza?,"Common symptoms can include fever, chills, cough, body aches, fatigue. Symptoms vary between people, so they should not be used alone to confirm a diagnosis.","fever, chills, cough, body aches, fatigue",Influenza virus infection,"Rest, fluids, and medical advice when appropriate","Seek urgent care for breathing difficulty, chest pain, confusion, or severe dehydration",Synthetic educational paraphrase,Educational information only; not a diagnosis or a substitute for professional medical care.
745,Respiratory,Influenza,Please explain: What can cause Influenza?,A common underlying explanation is Influenza virus infection. A healthcare professional can assess the individual situation and rule out other causes.,"fever, chills, cough, body aches, fatigue",Influenza virus infection,"Rest, fluids, and medical advice when appropriate","Seek urgent care for breathing difficulty, chest pain, confusion, or severe dehydration",Synthetic educational paraphrase,Educational information only; not a diagnosis or a substitute for professional medical care.
746,Respiratory,Influenza,Can you explain this simply? What should I do if I think I have Influenza?,"Consider contacting a healthcare professional for assessment, especially if symptoms are new, severe, persistent, or worsening. General supportive steps may include Rest, fluids, and medical advice when appropriate.","fever, chills, cough, body aches, fatigue",Influenza virus infection,"Rest, fluids, and medical advice when appropriate","Seek urgent care for breathing difficulty, chest pain, confusion, or severe dehydration",Synthetic educational paraphrase,Educational information only; not a diagnosis or a substitute for professional medical care.
747,Respiratory,Influenza,I want basic information: How can I reduce the risk of Influenza?,"Risk reduction depends on the condition. General measures may include healthy habits, appropriate vaccination where relevant, hygiene, avoiding known triggers, and following professional advice.","fever, chills, cough, body aches, fatigue",Influenza virus infection,"Rest, fluids, and medical advice when appropriate","Seek urgent care for breathing difficulty, chest pain, confusion, or severe dehydration",Synthetic educational paraphrase,Educational information only; not a diagnosis or a substitute for professional medical care.
748,Respiratory,Influenza,"For a health-awareness project, When should I see a doctor for Influenza?","Medical assessment is especially important when symptoms are severe, persistent, worsening, or associated with warning signs. For this condition, important warning signs include: Seek urgent care for breathing difficulty, chest pain, confusion, or severe dehydration.","fever, chills, cough, body aches, fatigue",Influenza virus infection,"Rest, fluids, and medical advice when appropriate","Seek urgent care for breathing difficulty, chest pain, confusion, or severe dehydration",Synthetic educational paraphrase,Educational information only; not a diagnosis or a substitute for professional medical care.
749,Respiratory,Influenza,What should I know about this? Is Influenza always serious?,"Not necessarily. Severity varies widely. The safest approach is to consider the person's symptoms, age, medical history, and warning signs and seek professional assessment when needed.","fever, chills, cough, body aches, fatigue",Influenza virus infection,"Rest, fluids, and medical advice when appropriate","Seek urgent care for breathing difficulty, chest pain, confusion, or severe dehydration",Synthetic educational paraphrase,Educational information only; not a diagnosis or a substitute for professional medical care.
750,Respiratory,Influenza,Please explain: Can Influenza be prevented?,"Some cases or complications may be preventable, while others are not fully preventable. Helpful measures can include Rest, fluids, and medical advice when appropriate and addressing known risk factors.","fever, chills, cough, body aches, fatigue",Influenza virus infection,"Rest, fluids, and medical advice when appropriate","Seek urgent care for breathing difficulty, chest pain, confusion, or severe dehydration",Synthetic educational paraphrase,Educational information only; not a diagnosis or a substitute for professional medical care.
